  0
SECTION
  2
HEADER
  9
$ANGBASE
  50
0.0
  9
$ANGDIR
  70
1
  9
$MEASUREMENT
  70
0
  0
ENDSEC
  0
SECTION
  2
TABLES
  0
TABLE
  2
LTYPE
  70
4
  0
LTYPE
  5
40F
  2
CONTINUOUS
  70
0
  3
Solid line
  72
65
  73
0
  40
0.0
  0
LTYPE
  5
410
  2
DASHDOT
 70
0
  3
Dash Dot ____ _ ____ _
 72
65
 73
4
 40
2.0
 49
1.25
 49
-0.25
 49
0.25
 49
-0.25
  0
LTYPE
  5
411
  2
DASHED
 70
0
  3
Dashed __ __ __ __ __
 72
65
 73
2
 40
0.75
 49
0.5
 49
-0.25
  0
LTYPE
  5
43B
  2
DOTTED
 70
0
  3
Dotted .  .  .  .
 72
65
 73
2
 40
0.2
 49
0.0
 49
-0.2
  0
ENDTAB
  0
TABLE
  2
STYLE
  70
4
  0
STYLE
  2
KICAD
  70
0
  40
0
  41
1
  42
1
  50
0
  71
0
  3
isocp.shx
  0
STYLE
  2
KICADB
  70
0
  40
0
  41
1
  42
1
  50
0
  71
0
  3
isocp.shx
  0
STYLE
  2
KICADI
  70
0
  40
0
  41
1
  42
1
  50
15
  71
0
  3
isocp.shx
  0
STYLE
  2
KICADBI
  70
0
  40
0
  41
1
  42
1
  50
15
  71
0
  3
isocp.shx
  0
ENDTAB
  0
TABLE
  2
LAYER
  70
1
  0
LAYER
  2
BLACK
  70
0
  62
7
  6
CONTINUOUS
  0
ENDTAB
  0
ENDSEC
  0
SECTION
  2
ENTITIES
0
LINE
8
BLACK
6
CONTINUOUS
10
5.1879921259842519
20
-4.3267716535433074
11
5.1486220472440944
21
-4.3267716535433074
0
LINE
8
BLACK
6
CONTINUOUS
10
5.1486220472440944
20
-4.3267716535433074
11
5.1486220472440944
21
-4.2165354330708658
0
LINE
8
BLACK
6
CONTINUOUS
10
5.1486220472440944
20
-4.2165354330708658
11
5.1879921259842519
21
-4.2165354330708658
0
LINE
8
BLACK
6
CONTINUOUS
10
5.1879921259842519
20
-4.2165354330708658
11
5.1879921259842519
21
-4.3267716535433074
0
LINE
8
BLACK
6
CONTINUOUS
10
5.3828740157480315
20
-4.3267716535433074
11
5.3435039370078741
21
-4.3267716535433074
0
LINE
8
BLACK
6
CONTINUOUS
10
5.3435039370078741
20
-4.3267716535433074
11
5.3435039370078741
21
-4.2165354330708658
0
LINE
8
BLACK
6
CONTINUOUS
10
5.3435039370078741
20
-4.2165354330708658
11
5.3828740157480315
21
-4.2165354330708658
0
LINE
8
BLACK
6
CONTINUOUS
10
5.3828740157480315
20
-4.2165354330708658
11
5.3828740157480315
21
-4.3267716535433074
0
LINE
8
BLACK
6
CONTINUOUS
10
5.4537401574803148
20
-4.3267716535433074
11
5.4143700787401574
21
-4.3267716535433074
0
LINE
8
BLACK
6
CONTINUOUS
10
5.4143700787401574
20
-4.3267716535433074
11
5.4143700787401574
21
-4.2165354330708658
0
LINE
8
BLACK
6
CONTINUOUS
10
5.4143700787401574
20
-4.2165354330708658
11
5.4537401574803148
21
-4.2165354330708658
0
LINE
8
BLACK
6
CONTINUOUS
10
5.4537401574803148
20
-4.2165354330708658
11
5.4537401574803148
21
-4.3267716535433074
0
LINE
8
BLACK
6
CONTINUOUS
10
5.6486220472440944
20
-4.3267716535433074
11
5.609251968503937
21
-4.3267716535433074
0
LINE
8
BLACK
6
CONTINUOUS
10
5.609251968503937
20
-4.3267716535433074
11
5.609251968503937
21
-4.2165354330708658
0
LINE
8
BLACK
6
CONTINUOUS
10
5.609251968503937
20
-4.2165354330708658
11
5.6486220472440944
21
-4.2165354330708658
0
LINE
8
BLACK
6
CONTINUOUS
10
5.6486220472440944
20
-4.2165354330708658
11
5.6486220472440944
21
-4.3267716535433074
0
LINE
8
BLACK
6
CONTINUOUS
10
6.7372047244094491
20
-4.3267716535433074
11
6.6978346456692908
21
-4.3267716535433074
0
LINE
8
BLACK
6
CONTINUOUS
10
6.6978346456692908
20
-4.3267716535433074
11
6.6978346456692908
21
-4.2165354330708658
0
LINE
8
BLACK
6
CONTINUOUS
10
6.6978346456692908
20
-4.2165354330708658
11
6.7372047244094491
21
-4.2165354330708658
0
LINE
8
BLACK
6
CONTINUOUS
10
6.7372047244094491
20
-4.2165354330708658
11
6.7372047244094491
21
-4.3267716535433074
0
LINE
8
BLACK
6
CONTINUOUS
10
6.9320866141732278
20
-4.3267716535433074
11
6.8927165354330704
21
-4.3267716535433074
0
LINE
8
BLACK
6
CONTINUOUS
10
6.8927165354330704
20
-4.3267716535433074
11
6.8927165354330704
21
-4.2165354330708658
0
LINE
8
BLACK
6
CONTINUOUS
10
6.8927165354330704
20
-4.2165354330708658
11
6.9320866141732278
21
-4.2165354330708658
0
LINE
8
BLACK
6
CONTINUOUS
10
6.9320866141732278
20
-4.2165354330708658
11
6.9320866141732278
21
-4.3267716535433074
0
LINE
8
BLACK
6
CONTINUOUS
10
7.0088582677165352
20
-4.3267716535433074
11
6.9694881889763778
21
-4.3267716535433074
0
LINE
8
BLACK
6
CONTINUOUS
10
6.9694881889763778
20
-4.3267716535433074
11
6.9694881889763778
21
-4.2165354330708658
0
LINE
8
BLACK
6
CONTINUOUS
10
6.9694881889763778
20
-4.2165354330708658
11
7.0088582677165352
21
-4.2165354330708658
0
LINE
8
BLACK
6
CONTINUOUS
10
7.0088582677165352
20
-4.2165354330708658
11
7.0088582677165352
21
-4.3267716535433074
0
LINE
8
BLACK
6
CONTINUOUS
10
7.2037401574803148
20
-4.3267716535433074
11
7.1643700787401574
21
-4.3267716535433074
0
LINE
8
BLACK
6
CONTINUOUS
10
7.1643700787401574
20
-4.3267716535433074
11
7.1643700787401574
21
-4.2165354330708658
0
LINE
8
BLACK
6
CONTINUOUS
10
7.1643700787401574
20
-4.2165354330708658
11
7.2037401574803148
21
-4.2165354330708658
0
LINE
8
BLACK
6
CONTINUOUS
10
7.2037401574803148
20
-4.2165354330708658
11
7.2037401574803148
21
-4.3267716535433074
0
LINE
8
BLACK
6
CONTINUOUS
10
5.9513188976377949
20
-4.326338582677165
11
5.9119488188976375
21
-4.326338582677165
0
LINE
8
BLACK
6
CONTINUOUS
10
5.9119488188976375
20
-4.326338582677165
11
5.9119488188976375
21
-4.2161023622047242
0
LINE
8
BLACK
6
CONTINUOUS
10
5.9119488188976375
20
-4.2161023622047242
11
5.9513188976377949
21
-4.2161023622047242
0
LINE
8
BLACK
6
CONTINUOUS
10
5.9513188976377949
20
-4.2161023622047242
11
5.9513188976377949
21
-4.326338582677165
0
LINE
8
BLACK
6
CONTINUOUS
10
6.1462007874015745
20
-4.326338582677165
11
6.1068307086614171
21
-4.326338582677165
0
LINE
8
BLACK
6
CONTINUOUS
10
6.1068307086614171
20
-4.326338582677165
11
6.1068307086614171
21
-4.2161023622047242
0
LINE
8
BLACK
6
CONTINUOUS
10
6.1068307086614171
20
-4.2161023622047242
11
6.1462007874015745
21
-4.2161023622047242
0
LINE
8
BLACK
6
CONTINUOUS
10
6.1462007874015745
20
-4.2161023622047242
11
6.1462007874015745
21
-4.326338582677165
0
LINE
8
BLACK
6
CONTINUOUS
10
6.2170669291338578
20
-4.326338582677165
11
6.1776968503937004
21
-4.326338582677165
0
LINE
8
BLACK
6
CONTINUOUS
10
6.1776968503937004
20
-4.326338582677165
11
6.1776968503937004
21
-4.2161023622047242
0
LINE
8
BLACK
6
CONTINUOUS
10
6.1776968503937004
20
-4.2161023622047242
11
6.2170669291338578
21
-4.2161023622047242
0
LINE
8
BLACK
6
CONTINUOUS
10
6.2170669291338578
20
-4.2161023622047242
11
6.2170669291338578
21
-4.326338582677165
0
LINE
8
BLACK
6
CONTINUOUS
10
6.4119488188976375
20
-4.326338582677165
11
6.37257874015748
21
-4.326338582677165
0
LINE
8
BLACK
6
CONTINUOUS
10
6.37257874015748
20
-4.326338582677165
11
6.37257874015748
21
-4.2161023622047242
0
LINE
8
BLACK
6
CONTINUOUS
10
6.37257874015748
20
-4.2161023622047242
11
6.4119488188976375
21
-4.2161023622047242
0
LINE
8
BLACK
6
CONTINUOUS
10
6.4119488188976375
20
-4.2161023622047242
11
6.4119488188976375
21
-4.326338582677165
0
LINE
8
BLACK
6
CONTINUOUS
10
7.5438385826771652
20
-4.3243700787401576
11
7.5044685039370078
21
-4.3243700787401576
0
LINE
8
BLACK
6
CONTINUOUS
10
7.5044685039370078
20
-4.3243700787401576
11
7.5044685039370078
21
-4.2141338582677168
0
LINE
8
BLACK
6
CONTINUOUS
10
7.5044685039370078
20
-4.2141338582677168
11
7.5438385826771652
21
-4.2141338582677168
0
LINE
8
BLACK
6
CONTINUOUS
10
7.5438385826771652
20
-4.2141338582677168
11
7.5438385826771652
21
-4.3243700787401576
0
LINE
8
BLACK
6
CONTINUOUS
10
7.7387204724409449
20
-4.3243700787401576
11
7.6993503937007874
21
-4.3243700787401576
0
LINE
8
BLACK
6
CONTINUOUS
10
7.6993503937007874
20
-4.3243700787401576
11
7.6993503937007874
21
-4.2141338582677168
0
LINE
8
BLACK
6
CONTINUOUS
10
7.6993503937007874
20
-4.2141338582677168
11
7.7387204724409449
21
-4.2141338582677168
0
LINE
8
BLACK
6
CONTINUOUS
10
7.7387204724409449
20
-4.2141338582677168
11
7.7387204724409449
21
-4.3243700787401576
0
LINE
8
BLACK
6
CONTINUOUS
10
7.8115551181102356
20
-4.3243700787401576
11
7.7721850393700782
21
-4.3243700787401576
0
LINE
8
BLACK
6
CONTINUOUS
10
7.7721850393700782
20
-4.3243700787401576
11
7.7721850393700782
21
-4.2141338582677168
0
LINE
8
BLACK
6
CONTINUOUS
10
7.7721850393700782
20
-4.2141338582677168
11
7.8115551181102356
21
-4.2141338582677168
0
LINE
8
BLACK
6
CONTINUOUS
10
7.8115551181102356
20
-4.2141338582677168
11
7.8115551181102356
21
-4.3243700787401576
0
LINE
8
BLACK
6
CONTINUOUS
10
8.0064370078740161
20
-4.3243700787401576
11
7.9670669291338578
21
-4.3243700787401576
0
LINE
8
BLACK
6
CONTINUOUS
10
7.9670669291338578
20
-4.3243700787401576
11
7.9670669291338578
21
-4.2141338582677168
0
LINE
8
BLACK
6
CONTINUOUS
10
7.9670669291338578
20
-4.2141338582677168
11
8.0064370078740161
21
-4.2141338582677168
0
LINE
8
BLACK
6
CONTINUOUS
10
8.0064370078740161
20
-4.2141338582677168
11
8.0064370078740161
21
-4.3243700787401576
0
LINE
8
BLACK
6
CONTINUOUS
10
5.7627795275590552
20
-4.1974547244094484
11
5.7757716535433072
21
-4.1974547244094484
0
LINE
8
BLACK
6
CONTINUOUS
10
5.7757716535433072
20
-4.1974547244094484
11
5.7757716535433072
21
-4.1972480314960627
0
LINE
8
BLACK
6
CONTINUOUS
10
5.7757716535433072
20
-4.1972480314960627
11
5.7847480314960631
21
-4.1972480314960627
0
LINE
8
BLACK
6
CONTINUOUS
10
5.7847480314960631
20
-4.1972480314960627
11
5.7849547244094488
21
-4.1974547244094484
0
LINE
8
BLACK
6
CONTINUOUS
10
5.7849547244094488
20
-4.1974547244094484
11
5.7860078740157483
21
-4.1974547244094484
0
LINE
8
BLACK
6
CONTINUOUS
10
5.7860078740157483
20
-4.1974547244094484
11
5.7860078740157483
21
-4.198507874015748
0
LINE
8
BLACK
6
CONTINUOUS
10
5.7860078740157483
20
-4.198507874015748
11
5.7867165354330705
21
-4.1992165354330711
0
LINE
8
BLACK
6
CONTINUOUS
10
5.7867165354330705
20
-4.1992165354330711
11
5.7867165354330705
21
-4.230712598425197
0
LINE
8
BLACK
6
CONTINUOUS
10
5.7867165354330705
20
-4.230712598425197
11
5.7847480314960631
21
-4.2326811023622044
0
LINE
8
BLACK
6
CONTINUOUS
10
5.7847480314960631
20
-4.2326811023622044
11
5.7532519685039372
21
-4.2326811023622044
0
LINE
8
BLACK
6
CONTINUOUS
10
5.7532519685039372
20
-4.2326811023622044
11
5.7512834645669288
21
-4.230712598425197
0
LINE
8
BLACK
6
CONTINUOUS
10
5.7512834645669288
20
-4.230712598425197
11
5.7512834645669288
21
-4.1992165354330711
0
LINE
8
BLACK
6
CONTINUOUS
10
5.7512834645669288
20
-4.1992165354330711
11
5.7519921259842519
21
-4.198507874015748
0
LINE
8
BLACK
6
CONTINUOUS
10
5.7519921259842519
20
-4.198507874015748
11
5.7519921259842519
21
-4.1974547244094484
0
LINE
8
BLACK
6
CONTINUOUS
10
5.7519921259842519
20
-4.1974547244094484
11
5.7530452755905515
21
-4.1974547244094484
0
LINE
8
BLACK
6
CONTINUOUS
10
5.7530452755905515
20
-4.1974547244094484
11
5.7532519685039372
21
-4.1972480314960627
0
LINE
8
BLACK
6
CONTINUOUS
10
5.7532519685039372
20
-4.1972480314960627
11
5.7627795275590552
21
-4.1972480314960627
0
LINE
8
BLACK
6
CONTINUOUS
10
5.7627795275590552
20
-4.1972480314960627
11
5.7627795275590552
21
-4.1974547244094484
0
LINE
8
BLACK
6
CONTINUOUS
10
6.5507795275590546
20
-4.1974547244094484
11
6.5637716535433066
21
-4.1974547244094484
0
LINE
8
BLACK
6
CONTINUOUS
10
6.5637716535433066
20
-4.1974547244094484
11
6.5637716535433066
21
-4.1972480314960627
0
LINE
8
BLACK
6
CONTINUOUS
10
6.5637716535433066
20
-4.1972480314960627
11
6.5727480314960625
21
-4.1972480314960627
0
LINE
8
BLACK
6
CONTINUOUS
10
6.5727480314960625
20
-4.1972480314960627
11
6.5729547244094491
21
-4.1974547244094484
0
LINE
8
BLACK
6
CONTINUOUS
10
6.5729547244094491
20
-4.1974547244094484
11
6.5740078740157477
21
-4.1974547244094484
0
LINE
8
BLACK
6
CONTINUOUS
10
6.5740078740157477
20
-4.1974547244094484
11
6.5740078740157477
21
-4.198507874015748
0
LINE
8
BLACK
6
CONTINUOUS
10
6.5740078740157477
20
-4.198507874015748
11
6.5747165354330708
21
-4.1992165354330711
0
LINE
8
BLACK
6
CONTINUOUS
10
6.5747165354330708
20
-4.1992165354330711
11
6.5747165354330708
21
-4.230712598425197
0
LINE
8
BLACK
6
CONTINUOUS
10
6.5747165354330708
20
-4.230712598425197
11
6.5727480314960625
21
-4.2326811023622044
0
LINE
8
BLACK
6
CONTINUOUS
10
6.5727480314960625
20
-4.2326811023622044
11
6.5412519685039365
21
-4.2326811023622044
0
LINE
8
BLACK
6
CONTINUOUS
10
6.5412519685039365
20
-4.2326811023622044
11
6.5392834645669291
21
-4.230712598425197
0
LINE
8
BLACK
6
CONTINUOUS
10
6.5392834645669291
20
-4.230712598425197
11
6.5392834645669291
21
-4.1992165354330711
0
LINE
8
BLACK
6
CONTINUOUS
10
6.5392834645669291
20
-4.1992165354330711
11
6.5399921259842522
21
-4.198507874015748
0
LINE
8
BLACK
6
CONTINUOUS
10
6.5399921259842522
20
-4.198507874015748
11
6.5399921259842522
21
-4.1974547244094484
0
LINE
8
BLACK
6
CONTINUOUS
10
6.5399921259842522
20
-4.1974547244094484
11
6.5410452755905508
21
-4.1974547244094484
0
LINE
8
BLACK
6
CONTINUOUS
10
6.5410452755905508
20
-4.1974547244094484
11
6.5412519685039365
21
-4.1972480314960627
0
LINE
8
BLACK
6
CONTINUOUS
10
6.5412519685039365
20
-4.1972480314960627
11
6.5507795275590546
21
-4.1972480314960627
0
LINE
8
BLACK
6
CONTINUOUS
10
6.5507795275590546
20
-4.1972480314960627
11
6.5507795275590546
21
-4.1974547244094484
0
LINE
8
BLACK
6
CONTINUOUS
10
6.6431023622047238
20
-4.2310866141732282
11
6.6116062992125979
21
-4.2310866141732282
0
LINE
8
BLACK
6
CONTINUOUS
10
6.6116062992125979
20
-4.2310866141732282
11
6.6116062992125979
21
-4.1995905511811022
0
LINE
8
BLACK
6
CONTINUOUS
10
6.6116062992125979
20
-4.1995905511811022
11
6.6431023622047238
21
-4.1995905511811022
0
LINE
8
BLACK
6
CONTINUOUS
10
6.6431023622047238
20
-4.1995905511811022
11
6.6431023622047238
21
-4.2310866141732282
0
LINE
8
BLACK
6
CONTINUOUS
10
5.8506200787401577
20
-4.2308641732283467
11
5.8191240157480317
21
-4.2308641732283467
0
LINE
8
BLACK
6
CONTINUOUS
10
5.8191240157480317
20
-4.2308641732283467
11
5.8191240157480317
21
-4.1993681102362208
0
LINE
8
BLACK
6
CONTINUOUS
10
5.8191240157480317
20
-4.1993681102362208
11
5.8506200787401577
21
-4.1993681102362208
0
LINE
8
BLACK
6
CONTINUOUS
10
5.8506200787401577
20
-4.1993681102362208
11
5.8506200787401577
21
-4.2308641732283467
0
LINE
8
BLACK
6
CONTINUOUS
10
5.252952755905512
20
-4.1909448818897639
11
5.2293307086614176
21
-4.1909448818897639
0
LINE
8
BLACK
6
CONTINUOUS
10
5.2293307086614176
20
-4.1909448818897639
11
5.2293307086614176
21
-4.1240157480314963
0
LINE
8
BLACK
6
CONTINUOUS
10
5.2293307086614176
20
-4.1240157480314963
11
5.252952755905512
21
-4.1240157480314963
0
LINE
8
BLACK
6
CONTINUOUS
10
5.252952755905512
20
-4.1240157480314963
11
5.252952755905512
21
-4.1909448818897639
0
LINE
8
BLACK
6
CONTINUOUS
10
5.3021653543307083
20
-4.1909448818897639
11
5.2785433070866139
21
-4.1909448818897639
0
LINE
8
BLACK
6
CONTINUOUS
10
5.2785433070866139
20
-4.1909448818897639
11
5.2785433070866139
21
-4.1240157480314963
0
LINE
8
BLACK
6
CONTINUOUS
10
5.2785433070866139
20
-4.1240157480314963
11
5.3021653543307083
21
-4.1240157480314963
0
LINE
8
BLACK
6
CONTINUOUS
10
5.3021653543307083
20
-4.1240157480314963
11
5.3021653543307083
21
-4.1909448818897639
0
LINE
8
BLACK
6
CONTINUOUS
10
5.518700787401575
20
-4.1909448818897639
11
5.4950787401574805
21
-4.1909448818897639
0
LINE
8
BLACK
6
CONTINUOUS
10
5.4950787401574805
20
-4.1909448818897639
11
5.4950787401574805
21
-4.1240157480314963
0
LINE
8
BLACK
6
CONTINUOUS
10
5.4950787401574805
20
-4.1240157480314963
11
5.518700787401575
21
-4.1240157480314963
0
LINE
8
BLACK
6
CONTINUOUS
10
5.518700787401575
20
-4.1240157480314963
11
5.518700787401575
21
-4.1909448818897639
0
LINE
8
BLACK
6
CONTINUOUS
10
5.5679133858267713
20
-4.1909448818897639
11
5.5442913385826769
21
-4.1909448818897639
0
LINE
8
BLACK
6
CONTINUOUS
10
5.5442913385826769
20
-4.1909448818897639
11
5.5442913385826769
21
-4.1240157480314963
0
LINE
8
BLACK
6
CONTINUOUS
10
5.5442913385826769
20
-4.1240157480314963
11
5.5679133858267713
21
-4.1240157480314963
0
LINE
8
BLACK
6
CONTINUOUS
10
5.5679133858267713
20
-4.1240157480314963
11
5.5679133858267713
21
-4.1909448818897639
0
LINE
8
BLACK
6
CONTINUOUS
10
6.8021653543307083
20
-4.1909448818897639
11
6.7785433070866139
21
-4.1909448818897639
0
LINE
8
BLACK
6
CONTINUOUS
10
6.7785433070866139
20
-4.1909448818897639
11
6.7785433070866139
21
-4.1240157480314963
0
LINE
8
BLACK
6
CONTINUOUS
10
6.7785433070866139
20
-4.1240157480314963
11
6.8021653543307083
21
-4.1240157480314963
0
LINE
8
BLACK
6
CONTINUOUS
10
6.8021653543307083
20
-4.1240157480314963
11
6.8021653543307083
21
-4.1909448818897639
0
LINE
8
BLACK
6
CONTINUOUS
10
6.8513779527559056
20
-4.1909448818897639
11
6.8277559055118111
21
-4.1909448818897639
0
LINE
8
BLACK
6
CONTINUOUS
10
6.8277559055118111
20
-4.1909448818897639
11
6.8277559055118111
21
-4.1240157480314963
0
LINE
8
BLACK
6
CONTINUOUS
10
6.8277559055118111
20
-4.1240157480314963
11
6.8513779527559056
21
-4.1240157480314963
0
LINE
8
BLACK
6
CONTINUOUS
10
6.8513779527559056
20
-4.1240157480314963
11
6.8513779527559056
21
-4.1909448818897639
0
LINE
8
BLACK
6
CONTINUOUS
10
7.0738188976377954
20
-4.1909448818897639
11
7.0501968503937009
21
-4.1909448818897639
0
LINE
8
BLACK
6
CONTINUOUS
10
7.0501968503937009
20
-4.1909448818897639
11
7.0501968503937009
21
-4.1240157480314963
0
LINE
8
BLACK
6
CONTINUOUS
10
7.0501968503937009
20
-4.1240157480314963
11
7.0738188976377954
21
-4.1240157480314963
0
LINE
8
BLACK
6
CONTINUOUS
10
7.0738188976377954
20
-4.1240157480314963
11
7.0738188976377954
21
-4.1909448818897639
0
LINE
8
BLACK
6
CONTINUOUS
10
7.1230314960629917
20
-4.1909448818897639
11
7.0994094488188972
21
-4.1909448818897639
0
LINE
8
BLACK
6
CONTINUOUS
10
7.0994094488188972
20
-4.1909448818897639
11
7.0994094488188972
21
-4.1240157480314963
0
LINE
8
BLACK
6
CONTINUOUS
10
7.0994094488188972
20
-4.1240157480314963
11
7.1230314960629917
21
-4.1240157480314963
0
LINE
8
BLACK
6
CONTINUOUS
10
7.1230314960629917
20
-4.1240157480314963
11
7.1230314960629917
21
-4.1909448818897639
0
LINE
8
BLACK
6
CONTINUOUS
10
6.016279527559055
20
-4.1905118110236224
11
5.9926574803149606
21
-4.1905118110236224
0
LINE
8
BLACK
6
CONTINUOUS
10
5.9926574803149606
20
-4.1905118110236224
11
5.9926574803149606
21
-4.1235826771653539
0
LINE
8
BLACK
6
CONTINUOUS
10
5.9926574803149606
20
-4.1235826771653539
11
6.016279527559055
21
-4.1235826771653539
0
LINE
8
BLACK
6
CONTINUOUS
10
6.016279527559055
20
-4.1235826771653539
11
6.016279527559055
21
-4.1905118110236224
0
LINE
8
BLACK
6
CONTINUOUS
10
6.0654921259842522
20
-4.1905118110236224
11
6.0418700787401569
21
-4.1905118110236224
0
LINE
8
BLACK
6
CONTINUOUS
10
6.0418700787401569
20
-4.1905118110236224
11
6.0418700787401569
21
-4.1235826771653539
0
LINE
8
BLACK
6
CONTINUOUS
10
6.0418700787401569
20
-4.1235826771653539
11
6.0654921259842522
21
-4.1235826771653539
0
LINE
8
BLACK
6
CONTINUOUS
10
6.0654921259842522
20
-4.1235826771653539
11
6.0654921259842522
21
-4.1905118110236224
0
LINE
8
BLACK
6
CONTINUOUS
10
6.282027559055118
20
-4.1905118110236224
11
6.2584055118110236
21
-4.1905118110236224
0
LINE
8
BLACK
6
CONTINUOUS
10
6.2584055118110236
20
-4.1905118110236224
11
6.2584055118110236
21
-4.1235826771653539
0
LINE
8
BLACK
6
CONTINUOUS
10
6.2584055118110236
20
-4.1235826771653539
11
6.282027559055118
21
-4.1235826771653539
0
LINE
8
BLACK
6
CONTINUOUS
10
6.282027559055118
20
-4.1235826771653539
11
6.282027559055118
21
-4.1905118110236224
0
LINE
8
BLACK
6
CONTINUOUS
10
6.3312401574803152
20
-4.1905118110236224
11
6.3076181102362208
21
-4.1905118110236224
0
LINE
8
BLACK
6
CONTINUOUS
10
6.3076181102362208
20
-4.1905118110236224
11
6.3076181102362208
21
-4.1235826771653539
0
LINE
8
BLACK
6
CONTINUOUS
10
6.3076181102362208
20
-4.1235826771653539
11
6.3312401574803152
21
-4.1235826771653539
0
LINE
8
BLACK
6
CONTINUOUS
10
6.3312401574803152
20
-4.1235826771653539
11
6.3312401574803152
21
-4.1905118110236224
0
LINE
8
BLACK
6
CONTINUOUS
10
7.6087992125984254
20
-4.188543307086614
11
7.585177165354331
21
-4.188543307086614
0
LINE
8
BLACK
6
CONTINUOUS
10
7.585177165354331
20
-4.188543307086614
11
7.585177165354331
21
-4.1216141732283464
0
LINE
8
BLACK
6
CONTINUOUS
10
7.585177165354331
20
-4.1216141732283464
11
7.6087992125984254
21
-4.1216141732283464
0
LINE
8
BLACK
6
CONTINUOUS
10
7.6087992125984254
20
-4.1216141732283464
11
7.6087992125984254
21
-4.188543307086614
0
LINE
8
BLACK
6
CONTINUOUS
10
7.6580118110236217
20
-4.188543307086614
11
7.6343897637795273
21
-4.188543307086614
0
LINE
8
BLACK
6
CONTINUOUS
10
7.6343897637795273
20
-4.188543307086614
11
7.6343897637795273
21
-4.1216141732283464
0
LINE
8
BLACK
6
CONTINUOUS
10
7.6343897637795273
20
-4.1216141732283464
11
7.6580118110236217
21
-4.1216141732283464
0
LINE
8
BLACK
6
CONTINUOUS
10
7.6580118110236217
20
-4.1216141732283464
11
7.6580118110236217
21
-4.188543307086614
0
LINE
8
BLACK
6
CONTINUOUS
10
7.8765157480314958
20
-4.188543307086614
11
7.8528937007874013
21
-4.188543307086614
0
LINE
8
BLACK
6
CONTINUOUS
10
7.8528937007874013
20
-4.188543307086614
11
7.8528937007874013
21
-4.1216141732283464
0
LINE
8
BLACK
6
CONTINUOUS
10
7.8528937007874013
20
-4.1216141732283464
11
7.8765157480314958
21
-4.1216141732283464
0
LINE
8
BLACK
6
CONTINUOUS
10
7.8765157480314958
20
-4.1216141732283464
11
7.8765157480314958
21
-4.188543307086614
0
LINE
8
BLACK
6
CONTINUOUS
10
7.925728346456693
20
-4.188543307086614
11
7.9021062992125986
21
-4.188543307086614
0
LINE
8
BLACK
6
CONTINUOUS
10
7.9021062992125986
20
-4.188543307086614
11
7.9021062992125986
21
-4.1216141732283464
0
LINE
8
BLACK
6
CONTINUOUS
10
7.9021062992125986
20
-4.1216141732283464
11
7.925728346456693
21
-4.1216141732283464
0
LINE
8
BLACK
6
CONTINUOUS
10
7.925728346456693
20
-4.1216141732283464
11
7.925728346456693
21
-4.188543307086614
0
LINE
8
BLACK
6
CONTINUOUS
10
7.2808228346456687
20
-4.137992125984252
11
7.2818759842519682
21
-4.137992125984252
0
LINE
8
BLACK
6
CONTINUOUS
10
7.2818759842519682
20
-4.137992125984252
11
7.2818759842519682
21
-4.1390452755905507
0
LINE
8
BLACK
6
CONTINUOUS
10
7.2818759842519682
20
-4.1390452755905507
11
7.282082677165354
21
-4.1392519685039373
0
LINE
8
BLACK
6
CONTINUOUS
10
7.282082677165354
20
-4.1392519685039373
11
7.282082677165354
21
-4.1487795275590553
0
LINE
8
BLACK
6
CONTINUOUS
10
7.282082677165354
20
-4.1487795275590553
11
7.2818759842519682
21
-4.1487795275590553
0
LINE
8
BLACK
6
CONTINUOUS
10
7.2818759842519682
20
-4.1487795275590553
11
7.2818759842519682
21
-4.1617716535433074
0
LINE
8
BLACK
6
CONTINUOUS
10
7.2818759842519682
20
-4.1617716535433074
11
7.282082677165354
21
-4.1617716535433074
0
LINE
8
BLACK
6
CONTINUOUS
10
7.282082677165354
20
-4.1617716535433074
11
7.282082677165354
21
-4.1707480314960632
0
LINE
8
BLACK
6
CONTINUOUS
10
7.282082677165354
20
-4.1707480314960632
11
7.2818759842519682
21
-4.1709547244094489
0
LINE
8
BLACK
6
CONTINUOUS
10
7.2818759842519682
20
-4.1709547244094489
11
7.2818759842519682
21
-4.1720078740157476
0
LINE
8
BLACK
6
CONTINUOUS
10
7.2818759842519682
20
-4.1720078740157476
11
7.2808228346456687
21
-4.1720078740157476
0
LINE
8
BLACK
6
CONTINUOUS
10
7.2808228346456687
20
-4.1720078740157476
11
7.2801141732283465
21
-4.1727165354330706
0
LINE
8
BLACK
6
CONTINUOUS
10
7.2801141732283465
20
-4.1727165354330706
11
7.2486181102362206
21
-4.1727165354330706
0
LINE
8
BLACK
6
CONTINUOUS
10
7.2486181102362206
20
-4.1727165354330706
11
7.2466496062992123
21
-4.1707480314960632
0
LINE
8
BLACK
6
CONTINUOUS
10
7.2466496062992123
20
-4.1707480314960632
11
7.2466496062992123
21
-4.1392519685039373
0
LINE
8
BLACK
6
CONTINUOUS
10
7.2466496062992123
20
-4.1392519685039373
11
7.2486181102362206
21
-4.137283464566929
0
LINE
8
BLACK
6
CONTINUOUS
10
7.2486181102362206
20
-4.137283464566929
11
7.2801141732283465
21
-4.137283464566929
0
LINE
8
BLACK
6
CONTINUOUS
10
7.2801141732283465
20
-4.137283464566929
11
7.2808228346456687
21
-4.137992125984252
0
LINE
8
BLACK
6
CONTINUOUS
10
7.3446811023622045
20
-4.1392519685039373
11
7.3446811023622045
21
-4.1707480314960632
0
LINE
8
BLACK
6
CONTINUOUS
10
7.3446811023622045
20
-4.1707480314960632
11
7.3427125984251971
21
-4.1727165354330706
0
LINE
8
BLACK
6
CONTINUOUS
10
7.3427125984251971
20
-4.1727165354330706
11
7.3112165354330703
21
-4.1727165354330706
0
LINE
8
BLACK
6
CONTINUOUS
10
7.3112165354330703
20
-4.1727165354330706
11
7.3105078740157481
21
-4.1720078740157476
0
LINE
8
BLACK
6
CONTINUOUS
10
7.3105078740157481
20
-4.1720078740157476
11
7.3094547244094485
21
-4.1720078740157476
0
LINE
8
BLACK
6
CONTINUOUS
10
7.3094547244094485
20
-4.1720078740157476
11
7.3094547244094485
21
-4.1709547244094489
0
LINE
8
BLACK
6
CONTINUOUS
10
7.3094547244094485
20
-4.1709547244094489
11
7.3092480314960628
21
-4.1707480314960632
0
LINE
8
BLACK
6
CONTINUOUS
10
7.3092480314960628
20
-4.1707480314960632
11
7.3092480314960628
21
-4.1612204724409452
0
LINE
8
BLACK
6
CONTINUOUS
10
7.3092480314960628
20
-4.1612204724409452
11
7.3094547244094485
21
-4.1612204724409452
0
LINE
8
BLACK
6
CONTINUOUS
10
7.3094547244094485
20
-4.1612204724409452
11
7.3094547244094485
21
-4.1482283464566931
0
LINE
8
BLACK
6
CONTINUOUS
10
7.3094547244094485
20
-4.1482283464566931
11
7.3092480314960628
21
-4.1482283464566931
0
LINE
8
BLACK
6
CONTINUOUS
10
7.3092480314960628
20
-4.1482283464566931
11
7.3092480314960628
21
-4.1392519685039373
0
LINE
8
BLACK
6
CONTINUOUS
10
7.3092480314960628
20
-4.1392519685039373
11
7.3094547244094485
21
-4.1390452755905507
0
LINE
8
BLACK
6
CONTINUOUS
10
7.3094547244094485
20
-4.1390452755905507
11
7.3094547244094485
21
-4.137992125984252
0
LINE
8
BLACK
6
CONTINUOUS
10
7.3094547244094485
20
-4.137992125984252
11
7.3105078740157481
21
-4.137992125984252
0
LINE
8
BLACK
6
CONTINUOUS
10
7.3105078740157481
20
-4.137992125984252
11
7.3112165354330703
21
-4.137283464566929
0
LINE
8
BLACK
6
CONTINUOUS
10
7.3112165354330703
20
-4.137283464566929
11
7.3427125984251971
21
-4.137283464566929
0
LINE
8
BLACK
6
CONTINUOUS
10
7.3427125984251971
20
-4.137283464566929
11
7.3446811023622045
21
-4.1392519685039373
0
LINE
8
BLACK
6
CONTINUOUS
10
5.7867165354330705
20
-4.1366181102362205
11
5.7867165354330705
21
-4.1681141732283464
0
LINE
8
BLACK
6
CONTINUOUS
10
5.7867165354330705
20
-4.1681141732283464
11
5.7860078740157483
21
-4.1688228346456695
0
LINE
8
BLACK
6
CONTINUOUS
10
5.7860078740157483
20
-4.1688228346456695
11
5.7860078740157483
21
-4.1698759842519681
0
LINE
8
BLACK
6
CONTINUOUS
10
5.7860078740157483
20
-4.1698759842519681
11
5.7849547244094488
21
-4.1698759842519681
0
LINE
8
BLACK
6
CONTINUOUS
10
5.7849547244094488
20
-4.1698759842519681
11
5.7847480314960631
21
-4.1700826771653539
0
LINE
8
BLACK
6
CONTINUOUS
10
5.7847480314960631
20
-4.1700826771653539
11
5.7752204724409451
21
-4.1700826771653539
0
LINE
8
BLACK
6
CONTINUOUS
10
5.7752204724409451
20
-4.1700826771653539
11
5.7752204724409451
21
-4.1698759842519681
0
LINE
8
BLACK
6
CONTINUOUS
10
5.7752204724409451
20
-4.1698759842519681
11
5.762228346456693
21
-4.1698759842519681
0
LINE
8
BLACK
6
CONTINUOUS
10
5.762228346456693
20
-4.1698759842519681
11
5.762228346456693
21
-4.1700826771653539
0
LINE
8
BLACK
6
CONTINUOUS
10
5.762228346456693
20
-4.1700826771653539
11
5.7532519685039372
21
-4.1700826771653539
0
LINE
8
BLACK
6
CONTINUOUS
10
5.7532519685039372
20
-4.1700826771653539
11
5.7530452755905515
21
-4.1698759842519681
0
LINE
8
BLACK
6
CONTINUOUS
10
5.7530452755905515
20
-4.1698759842519681
11
5.7519921259842519
21
-4.1698759842519681
0
LINE
8
BLACK
6
CONTINUOUS
10
5.7519921259842519
20
-4.1698759842519681
11
5.7519921259842519
21
-4.1688228346456695
0
LINE
8
BLACK
6
CONTINUOUS
10
5.7519921259842519
20
-4.1688228346456695
11
5.7512834645669288
21
-4.1681141732283464
0
LINE
8
BLACK
6
CONTINUOUS
10
5.7512834645669288
20
-4.1681141732283464
11
5.7512834645669288
21
-4.1366181102362205
0
LINE
8
BLACK
6
CONTINUOUS
10
5.7512834645669288
20
-4.1366181102362205
11
5.7532519685039372
21
-4.1346496062992122
0
LINE
8
BLACK
6
CONTINUOUS
10
5.7532519685039372
20
-4.1346496062992122
11
5.7847480314960631
21
-4.1346496062992122
0
LINE
8
BLACK
6
CONTINUOUS
10
5.7847480314960631
20
-4.1346496062992122
11
5.7867165354330705
21
-4.1366181102362205
0
LINE
8
BLACK
6
CONTINUOUS
10
6.5747165354330708
20
-4.1366181102362205
11
6.5747165354330708
21
-4.1681141732283464
0
LINE
8
BLACK
6
CONTINUOUS
10
6.5747165354330708
20
-4.1681141732283464
11
6.5740078740157477
21
-4.1688228346456695
0
LINE
8
BLACK
6
CONTINUOUS
10
6.5740078740157477
20
-4.1688228346456695
11
6.5740078740157477
21
-4.1698759842519681
0
LINE
8
BLACK
6
CONTINUOUS
10
6.5740078740157477
20
-4.1698759842519681
11
6.5729547244094491
21
-4.1698759842519681
0
LINE
8
BLACK
6
CONTINUOUS
10
6.5729547244094491
20
-4.1698759842519681
11
6.5727480314960625
21
-4.1700826771653539
0
LINE
8
BLACK
6
CONTINUOUS
10
6.5727480314960625
20
-4.1700826771653539
11
6.5632204724409444
21
-4.1700826771653539
0
LINE
8
BLACK
6
CONTINUOUS
10
6.5632204724409444
20
-4.1700826771653539
11
6.5632204724409444
21
-4.1698759842519681
0
LINE
8
BLACK
6
CONTINUOUS
10
6.5632204724409444
20
-4.1698759842519681
11
6.5502283464566924
21
-4.1698759842519681
0
LINE
8
BLACK
6
CONTINUOUS
10
6.5502283464566924
20
-4.1698759842519681
11
6.5502283464566924
21
-4.1700826771653539
0
LINE
8
BLACK
6
CONTINUOUS
10
6.5502283464566924
20
-4.1700826771653539
11
6.5412519685039365
21
-4.1700826771653539
0
LINE
8
BLACK
6
CONTINUOUS
10
6.5412519685039365
20
-4.1700826771653539
11
6.5410452755905508
21
-4.1698759842519681
0
LINE
8
BLACK
6
CONTINUOUS
10
6.5410452755905508
20
-4.1698759842519681
11
6.5399921259842522
21
-4.1698759842519681
0
LINE
8
BLACK
6
CONTINUOUS
10
6.5399921259842522
20
-4.1698759842519681
11
6.5399921259842522
21
-4.1688228346456695
0
LINE
8
BLACK
6
CONTINUOUS
10
6.5399921259842522
20
-4.1688228346456695
11
6.5392834645669291
21
-4.1681141732283464
0
LINE
8
BLACK
6
CONTINUOUS
10
6.5392834645669291
20
-4.1681141732283464
11
6.5392834645669291
21
-4.1366181102362205
0
LINE
8
BLACK
6
CONTINUOUS
10
6.5392834645669291
20
-4.1366181102362205
11
6.5412519685039365
21
-4.1346496062992122
0
LINE
8
BLACK
6
CONTINUOUS
10
6.5412519685039365
20
-4.1346496062992122
11
6.5727480314960625
21
-4.1346496062992122
0
LINE
8
BLACK
6
CONTINUOUS
10
6.5727480314960625
20
-4.1346496062992122
11
6.5747165354330708
21
-4.1366181102362205
0
LINE
8
BLACK
6
CONTINUOUS
10
6.6431023622047238
20
-4.1681338582677165
11
6.6116062992125979
21
-4.1681338582677165
0
LINE
8
BLACK
6
CONTINUOUS
10
6.6116062992125979
20
-4.1681338582677165
11
6.6116062992125979
21
-4.1366377952755906
0
LINE
8
BLACK
6
CONTINUOUS
10
6.6116062992125979
20
-4.1366377952755906
11
6.6431023622047238
21
-4.1366377952755906
0
LINE
8
BLACK
6
CONTINUOUS
10
6.6431023622047238
20
-4.1366377952755906
11
6.6431023622047238
21
-4.1681338582677165
0
LINE
8
BLACK
6
CONTINUOUS
10
5.8506200787401577
20
-4.1679114173228342
11
5.8191240157480317
21
-4.1679114173228342
0
LINE
8
BLACK
6
CONTINUOUS
10
5.8191240157480317
20
-4.1679114173228342
11
5.8191240157480317
21
-4.1364153543307083
0
LINE
8
BLACK
6
CONTINUOUS
10
5.8191240157480317
20
-4.1364153543307083
11
5.8506200787401577
21
-4.1364153543307083
0
LINE
8
BLACK
6
CONTINUOUS
10
5.8506200787401577
20
-4.1364153543307083
11
5.8506200787401577
21
-4.1679114173228342
0
LINE
8
BLACK
6
CONTINUOUS
10
8.0227795275590541
20
-4.1051240157480313
11
8.035771653543307
21
-4.1051240157480313
0
LINE
8
BLACK
6
CONTINUOUS
10
8.035771653543307
20
-4.1051240157480313
11
8.035771653543307
21
-4.1049173228346456
0
LINE
8
BLACK
6
CONTINUOUS
10
8.035771653543307
20
-4.1049173228346456
11
8.0447480314960629
21
-4.1049173228346456
0
LINE
8
BLACK
6
CONTINUOUS
10
8.0447480314960629
20
-4.1049173228346456
11
8.0449547244094486
21
-4.1051240157480313
0
LINE
8
BLACK
6
CONTINUOUS
10
8.0449547244094486
20
-4.1051240157480313
11
8.0460078740157481
21
-4.1051240157480313
0
LINE
8
BLACK
6
CONTINUOUS
10
8.0460078740157481
20
-4.1051240157480313
11
8.0460078740157481
21
-4.1061771653543309
0
LINE
8
BLACK
6
CONTINUOUS
10
8.0460078740157481
20
-4.1061771653543309
11
8.0467165354330703
21
-4.106885826771653
0
LINE
8
BLACK
6
CONTINUOUS
10
8.0467165354330703
20
-4.106885826771653
11
8.0467165354330703
21
-4.1383818897637799
0
LINE
8
BLACK
6
CONTINUOUS
10
8.0467165354330703
20
-4.1383818897637799
11
8.0447480314960629
21
-4.1403503937007873
0
LINE
8
BLACK
6
CONTINUOUS
10
8.0447480314960629
20
-4.1403503937007873
11
8.013251968503937
21
-4.1403503937007873
0
LINE
8
BLACK
6
CONTINUOUS
10
8.013251968503937
20
-4.1403503937007873
11
8.0112834645669295
21
-4.1383818897637799
0
LINE
8
BLACK
6
CONTINUOUS
10
8.0112834645669295
20
-4.1383818897637799
11
8.0112834645669295
21
-4.106885826771653
0
LINE
8
BLACK
6
CONTINUOUS
10
8.0112834645669295
20
-4.106885826771653
11
8.0119921259842517
21
-4.1061771653543309
0
LINE
8
BLACK
6
CONTINUOUS
10
8.0119921259842517
20
-4.1061771653543309
11
8.0119921259842517
21
-4.1051240157480313
0
LINE
8
BLACK
6
CONTINUOUS
10
8.0119921259842517
20
-4.1051240157480313
11
8.0130452755905512
21
-4.1051240157480313
0
LINE
8
BLACK
6
CONTINUOUS
10
8.0130452755905512
20
-4.1051240157480313
11
8.013251968503937
21
-4.1049173228346456
0
LINE
8
BLACK
6
CONTINUOUS
10
8.013251968503937
20
-4.1049173228346456
11
8.0227795275590541
21
-4.1049173228346456
0
LINE
8
BLACK
6
CONTINUOUS
10
8.0227795275590541
20
-4.1049173228346456
11
8.0227795275590541
21
-4.1051240157480313
0
LINE
8
BLACK
6
CONTINUOUS
10
8.1121633858267721
20
-4.1382972440944883
11
8.0806673228346462
21
-4.1382972440944883
0
LINE
8
BLACK
6
CONTINUOUS
10
8.0806673228346462
20
-4.1382972440944883
11
8.0806673228346462
21
-4.1068011811023624
0
LINE
8
BLACK
6
CONTINUOUS
10
8.0806673228346462
20
-4.1068011811023624
11
8.1121633858267721
21
-4.1068011811023624
0
LINE
8
BLACK
6
CONTINUOUS
10
8.1121633858267721
20
-4.1068011811023624
11
8.1121633858267721
21
-4.1382972440944883
0
LINE
8
BLACK
6
CONTINUOUS
10
7.2794862204724406
20
-4.103761811023622
11
7.2479901574803147
21
-4.103761811023622
0
LINE
8
BLACK
6
CONTINUOUS
10
7.2479901574803147
20
-4.103761811023622
11
7.2479901574803147
21
-4.0722657480314961
0
LINE
8
BLACK
6
CONTINUOUS
10
7.2479901574803147
20
-4.0722657480314961
11
7.2794862204724406
21
-4.0722657480314961
0
LINE
8
BLACK
6
CONTINUOUS
10
7.2794862204724406
20
-4.0722657480314961
11
7.2794862204724406
21
-4.103761811023622
0
LINE
8
BLACK
6
CONTINUOUS
10
7.3424389763779523
20
-4.103761811023622
11
7.3109429133858264
21
-4.103761811023622
0
LINE
8
BLACK
6
CONTINUOUS
10
7.3109429133858264
20
-4.103761811023622
11
7.3109429133858264
21
-4.0722657480314961
0
LINE
8
BLACK
6
CONTINUOUS
10
7.3109429133858264
20
-4.0722657480314961
11
7.3424389763779523
21
-4.0722657480314961
0
LINE
8
BLACK
6
CONTINUOUS
10
7.3424389763779523
20
-4.0722657480314961
11
7.3424389763779523
21
-4.103761811023622
0
LINE
8
BLACK
6
CONTINUOUS
10
8.0467165354330703
20
-4.0442874015748034
11
8.0467165354330703
21
-4.0757834645669293
0
LINE
8
BLACK
6
CONTINUOUS
10
8.0467165354330703
20
-4.0757834645669293
11
8.0460078740157481
21
-4.0764921259842515
0
LINE
8
BLACK
6
CONTINUOUS
10
8.0460078740157481
20
-4.0764921259842515
11
8.0460078740157481
21
-4.077545275590551
0
LINE
8
BLACK
6
CONTINUOUS
10
8.0460078740157481
20
-4.077545275590551
11
8.0449547244094486
21
-4.077545275590551
0
LINE
8
BLACK
6
CONTINUOUS
10
8.0449547244094486
20
-4.077545275590551
11
8.0447480314960629
21
-4.0777519685039367
0
LINE
8
BLACK
6
CONTINUOUS
10
8.0447480314960629
20
-4.0777519685039367
11
8.035220472440944
21
-4.0777519685039367
0
LINE
8
BLACK
6
CONTINUOUS
10
8.035220472440944
20
-4.0777519685039367
11
8.035220472440944
21
-4.077545275590551
0
LINE
8
BLACK
6
CONTINUOUS
10
8.035220472440944
20
-4.077545275590551
11
8.0222283464566928
21
-4.077545275590551
0
LINE
8
BLACK
6
CONTINUOUS
10
8.0222283464566928
20
-4.077545275590551
11
8.0222283464566928
21
-4.0777519685039367
0
LINE
8
BLACK
6
CONTINUOUS
10
8.0222283464566928
20
-4.0777519685039367
11
8.013251968503937
21
-4.0777519685039367
0
LINE
8
BLACK
6
CONTINUOUS
10
8.013251968503937
20
-4.0777519685039367
11
8.0130452755905512
21
-4.077545275590551
0
LINE
8
BLACK
6
CONTINUOUS
10
8.0130452755905512
20
-4.077545275590551
11
8.0119921259842517
21
-4.077545275590551
0
LINE
8
BLACK
6
CONTINUOUS
10
8.0119921259842517
20
-4.077545275590551
11
8.0119921259842517
21
-4.0764921259842515
0
LINE
8
BLACK
6
CONTINUOUS
10
8.0119921259842517
20
-4.0764921259842515
11
8.0112834645669295
21
-4.0757834645669293
0
LINE
8
BLACK
6
CONTINUOUS
10
8.0112834645669295
20
-4.0757834645669293
11
8.0112834645669295
21
-4.0442874015748034
0
LINE
8
BLACK
6
CONTINUOUS
10
8.0112834645669295
20
-4.0442874015748034
11
8.013251968503937
21
-4.0423188976377951
0
LINE
8
BLACK
6
CONTINUOUS
10
8.013251968503937
20
-4.0423188976377951
11
8.0447480314960629
21
-4.0423188976377951
0
LINE
8
BLACK
6
CONTINUOUS
10
8.0447480314960629
20
-4.0423188976377951
11
8.0467165354330703
21
-4.0442874015748034
0
LINE
8
BLACK
6
CONTINUOUS
10
8.1121633858267721
20
-4.0753444881889767
11
8.0806673228346462
21
-4.0753444881889767
0
LINE
8
BLACK
6
CONTINUOUS
10
8.0806673228346462
20
-4.0753444881889767
11
8.0806673228346462
21
-4.0438484251968507
0
LINE
8
BLACK
6
CONTINUOUS
10
8.0806673228346462
20
-4.0438484251968507
11
8.1121633858267721
21
-4.0438484251968507
0
LINE
8
BLACK
6
CONTINUOUS
10
8.1121633858267721
20
-4.0438484251968507
11
8.1121633858267721
21
-4.0753444881889767
0
LINE
8
BLACK
6
CONTINUOUS
10
5.294376692913386
20
-4.0237696850393698
11
5.307368818897638
21
-4.0237696850393698
0
LINE
8
BLACK
6
CONTINUOUS
10
5.307368818897638
20
-4.0237696850393698
11
5.307368818897638
21
-4.0235629921259841
0
LINE
8
BLACK
6
CONTINUOUS
10
5.307368818897638
20
-4.0235629921259841
11
5.3163451968503939
21
-4.0235629921259841
0
LINE
8
BLACK
6
CONTINUOUS
10
5.3163451968503939
20
-4.0235629921259841
11
5.3165518897637796
21
-4.0237696850393698
0
LINE
8
BLACK
6
CONTINUOUS
10
5.3165518897637796
20
-4.0237696850393698
11
5.3176050393700782
21
-4.0237696850393698
0
LINE
8
BLACK
6
CONTINUOUS
10
5.3176050393700782
20
-4.0237696850393698
11
5.3176050393700782
21
-4.0248228346456694
0
LINE
8
BLACK
6
CONTINUOUS
10
5.3176050393700782
20
-4.0248228346456694
11
5.3183137007874013
21
-4.0255314960629924
0
LINE
8
BLACK
6
CONTINUOUS
10
5.3183137007874013
20
-4.0255314960629924
11
5.3183137007874013
21
-4.0570275590551184
0
LINE
8
BLACK
6
CONTINUOUS
10
5.3183137007874013
20
-4.0570275590551184
11
5.3163451968503939
21
-4.0589960629921258
0
LINE
8
BLACK
6
CONTINUOUS
10
5.3163451968503939
20
-4.0589960629921258
11
5.2848491338582679
21
-4.0589960629921258
0
LINE
8
BLACK
6
CONTINUOUS
10
5.2848491338582679
20
-4.0589960629921258
11
5.2828806299212596
21
-4.0570275590551184
0
LINE
8
BLACK
6
CONTINUOUS
10
5.2828806299212596
20
-4.0570275590551184
11
5.2828806299212596
21
-4.0255314960629924
0
LINE
8
BLACK
6
CONTINUOUS
10
5.2828806299212596
20
-4.0255314960629924
11
5.2835892913385827
21
-4.0248228346456694
0
LINE
8
BLACK
6
CONTINUOUS
10
5.2835892913385827
20
-4.0248228346456694
11
5.2835892913385827
21
-4.0237696850393698
0
LINE
8
BLACK
6
CONTINUOUS
10
5.2835892913385827
20
-4.0237696850393698
11
5.2846424409448813
21
-4.0237696850393698
0
LINE
8
BLACK
6
CONTINUOUS
10
5.2846424409448813
20
-4.0237696850393698
11
5.2848491338582679
21
-4.0235629921259841
0
LINE
8
BLACK
6
CONTINUOUS
10
5.2848491338582679
20
-4.0235629921259841
11
5.294376692913386
21
-4.0235629921259841
0
LINE
8
BLACK
6
CONTINUOUS
10
5.294376692913386
20
-4.0235629921259841
11
5.294376692913386
21
-4.0237696850393698
0
LINE
8
BLACK
6
CONTINUOUS
10
5.3580249606299208
20
-4.0237696850393698
11
5.3710170866141729
21
-4.0237696850393698
0
LINE
8
BLACK
6
CONTINUOUS
10
5.3710170866141729
20
-4.0237696850393698
11
5.3710170866141729
21
-4.0235629921259841
0
LINE
8
BLACK
6
CONTINUOUS
10
5.3710170866141729
20
-4.0235629921259841
11
5.3799934645669287
21
-4.0235629921259841
0
LINE
8
BLACK
6
CONTINUOUS
10
5.3799934645669287
20
-4.0235629921259841
11
5.3802001574803144
21
-4.0237696850393698
0
LINE
8
BLACK
6
CONTINUOUS
10
5.3802001574803144
20
-4.0237696850393698
11
5.381253307086614
21
-4.0237696850393698
0
LINE
8
BLACK
6
CONTINUOUS
10
5.381253307086614
20
-4.0237696850393698
11
5.381253307086614
21
-4.0248228346456694
0
LINE
8
BLACK
6
CONTINUOUS
10
5.381253307086614
20
-4.0248228346456694
11
5.381961968503937
21
-4.0255314960629924
0
LINE
8
BLACK
6
CONTINUOUS
10
5.381961968503937
20
-4.0255314960629924
11
5.381961968503937
21
-4.0570275590551184
0
LINE
8
BLACK
6
CONTINUOUS
10
5.381961968503937
20
-4.0570275590551184
11
5.3799934645669287
21
-4.0589960629921258
0
LINE
8
BLACK
6
CONTINUOUS
10
5.3799934645669287
20
-4.0589960629921258
11
5.3484974015748028
21
-4.0589960629921258
0
LINE
8
BLACK
6
CONTINUOUS
10
5.3484974015748028
20
-4.0589960629921258
11
5.3465288976377954
21
-4.0570275590551184
0
LINE
8
BLACK
6
CONTINUOUS
10
5.3465288976377954
20
-4.0570275590551184
11
5.3465288976377954
21
-4.0255314960629924
0
LINE
8
BLACK
6
CONTINUOUS
10
5.3465288976377954
20
-4.0255314960629924
11
5.3472375590551176
21
-4.0248228346456694
0
LINE
8
BLACK
6
CONTINUOUS
10
5.3472375590551176
20
-4.0248228346456694
11
5.3472375590551176
21
-4.0237696850393698
0
LINE
8
BLACK
6
CONTINUOUS
10
5.3472375590551176
20
-4.0237696850393698
11
5.3482907086614171
21
-4.0237696850393698
0
LINE
8
BLACK
6
CONTINUOUS
10
5.3482907086614171
20
-4.0237696850393698
11
5.3484974015748028
21
-4.0235629921259841
0
LINE
8
BLACK
6
CONTINUOUS
10
5.3484974015748028
20
-4.0235629921259841
11
5.3580249606299208
21
-4.0235629921259841
0
LINE
8
BLACK
6
CONTINUOUS
10
5.3580249606299208
20
-4.0235629921259841
11
5.3580249606299208
21
-4.0237696850393698
0
LINE
8
BLACK
6
CONTINUOUS
10
5.4216732283464566
20
-4.0237696850393698
11
5.4346653543307086
21
-4.0237696850393698
0
LINE
8
BLACK
6
CONTINUOUS
10
5.4346653543307086
20
-4.0237696850393698
11
5.4346653543307086
21
-4.0235629921259841
0
LINE
8
BLACK
6
CONTINUOUS
10
5.4346653543307086
20
-4.0235629921259841
11
5.4436417322834645
21
-4.0235629921259841
0
LINE
8
BLACK
6
CONTINUOUS
10
5.4436417322834645
20
-4.0235629921259841
11
5.4438484251968502
21
-4.0237696850393698
0
LINE
8
BLACK
6
CONTINUOUS
10
5.4438484251968502
20
-4.0237696850393698
11
5.4449015748031497
21
-4.0237696850393698
0
LINE
8
BLACK
6
CONTINUOUS
10
5.4449015748031497
20
-4.0237696850393698
11
5.4449015748031497
21
-4.0248228346456694
0
LINE
8
BLACK
6
CONTINUOUS
10
5.4449015748031497
20
-4.0248228346456694
11
5.4456102362204719
21
-4.0255314960629924
0
LINE
8
BLACK
6
CONTINUOUS
10
5.4456102362204719
20
-4.0255314960629924
11
5.4456102362204719
21
-4.0570275590551184
0
LINE
8
BLACK
6
CONTINUOUS
10
5.4456102362204719
20
-4.0570275590551184
11
5.4436417322834645
21
-4.0589960629921258
0
LINE
8
BLACK
6
CONTINUOUS
10
5.4436417322834645
20
-4.0589960629921258
11
5.4121456692913386
21
-4.0589960629921258
0
LINE
8
BLACK
6
CONTINUOUS
10
5.4121456692913386
20
-4.0589960629921258
11
5.4101771653543302
21
-4.0570275590551184
0
LINE
8
BLACK
6
CONTINUOUS
10
5.4101771653543302
20
-4.0570275590551184
11
5.4101771653543302
21
-4.0255314960629924
0
LINE
8
BLACK
6
CONTINUOUS
10
5.4101771653543302
20
-4.0255314960629924
11
5.4108858267716533
21
-4.0248228346456694
0
LINE
8
BLACK
6
CONTINUOUS
10
5.4108858267716533
20
-4.0248228346456694
11
5.4108858267716533
21
-4.0237696850393698
0
LINE
8
BLACK
6
CONTINUOUS
10
5.4108858267716533
20
-4.0237696850393698
11
5.4119389763779528
21
-4.0237696850393698
0
LINE
8
BLACK
6
CONTINUOUS
10
5.4119389763779528
20
-4.0237696850393698
11
5.4121456692913386
21
-4.0235629921259841
0
LINE
8
BLACK
6
CONTINUOUS
10
5.4121456692913386
20
-4.0235629921259841
11
5.4216732283464566
21
-4.0235629921259841
0
LINE
8
BLACK
6
CONTINUOUS
10
5.4216732283464566
20
-4.0235629921259841
11
5.4216732283464566
21
-4.0237696850393698
0
LINE
8
BLACK
6
CONTINUOUS
10
5.4853215748031499
20
-4.0237696850393698
11
5.4983137007874019
21
-4.0237696850393698
0
LINE
8
BLACK
6
CONTINUOUS
10
5.4983137007874019
20
-4.0237696850393698
11
5.4983137007874019
21
-4.0235629921259841
0
LINE
8
BLACK
6
CONTINUOUS
10
5.4983137007874019
20
-4.0235629921259841
11
5.5072900787401577
21
-4.0235629921259841
0
LINE
8
BLACK
6
CONTINUOUS
10
5.5072900787401577
20
-4.0235629921259841
11
5.5074967716535435
21
-4.0237696850393698
0
LINE
8
BLACK
6
CONTINUOUS
10
5.5074967716535435
20
-4.0237696850393698
11
5.5085499212598421
21
-4.0237696850393698
0
LINE
8
BLACK
6
CONTINUOUS
10
5.5085499212598421
20
-4.0237696850393698
11
5.5085499212598421
21
-4.0248228346456694
0
LINE
8
BLACK
6
CONTINUOUS
10
5.5085499212598421
20
-4.0248228346456694
11
5.5092585826771652
21
-4.0255314960629924
0
LINE
8
BLACK
6
CONTINUOUS
10
5.5092585826771652
20
-4.0255314960629924
11
5.5092585826771652
21
-4.0570275590551184
0
LINE
8
BLACK
6
CONTINUOUS
10
5.5092585826771652
20
-4.0570275590551184
11
5.5072900787401577
21
-4.0589960629921258
0
LINE
8
BLACK
6
CONTINUOUS
10
5.5072900787401577
20
-4.0589960629921258
11
5.4757940157480309
21
-4.0589960629921258
0
LINE
8
BLACK
6
CONTINUOUS
10
5.4757940157480309
20
-4.0589960629921258
11
5.4738255118110235
21
-4.0570275590551184
0
LINE
8
BLACK
6
CONTINUOUS
10
5.4738255118110235
20
-4.0570275590551184
11
5.4738255118110235
21
-4.0255314960629924
0
LINE
8
BLACK
6
CONTINUOUS
10
5.4738255118110235
20
-4.0255314960629924
11
5.4745341732283466
21
-4.0248228346456694
0
LINE
8
BLACK
6
CONTINUOUS
10
5.4745341732283466
20
-4.0248228346456694
11
5.4745341732283466
21
-4.0237696850393698
0
LINE
8
BLACK
6
CONTINUOUS
10
5.4745341732283466
20
-4.0237696850393698
11
5.4755873228346452
21
-4.0237696850393698
0
LINE
8
BLACK
6
CONTINUOUS
10
5.4755873228346452
20
-4.0237696850393698
11
5.4757940157480309
21
-4.0235629921259841
0
LINE
8
BLACK
6
CONTINUOUS
10
5.4757940157480309
20
-4.0235629921259841
11
5.4853215748031499
21
-4.0235629921259841
0
LINE
8
BLACK
6
CONTINUOUS
10
5.4853215748031499
20
-4.0235629921259841
11
5.4853215748031499
21
-4.0237696850393698
0
LINE
8
BLACK
6
CONTINUOUS
10
5.1818307086614173
20
-4.0570866141732287
11
5.1503346456692913
21
-4.0570866141732287
0
LINE
8
BLACK
6
CONTINUOUS
10
5.1503346456692913
20
-4.0570866141732287
11
5.1503346456692913
21
-4.0216535433070861
0
LINE
8
BLACK
6
CONTINUOUS
10
5.1503346456692913
20
-4.0216535433070861
11
5.1818307086614173
21
-4.0216535433070861
0
LINE
8
BLACK
6
CONTINUOUS
10
5.1818307086614173
20
-4.0216535433070861
11
5.1818307086614173
21
-4.0570866141732287
0
LINE
8
BLACK
6
CONTINUOUS
10
5.2369488188976376
20
-4.0570866141732287
11
5.2054527559055117
21
-4.0570866141732287
0
LINE
8
BLACK
6
CONTINUOUS
10
5.2054527559055117
20
-4.0570866141732287
11
5.2054527559055117
21
-4.0216535433070861
0
LINE
8
BLACK
6
CONTINUOUS
10
5.2054527559055117
20
-4.0216535433070861
11
5.2369488188976376
21
-4.0216535433070861
0
LINE
8
BLACK
6
CONTINUOUS
10
5.2369488188976376
20
-4.0216535433070861
11
5.2369488188976376
21
-4.0570866141732287
0
LINE
8
BLACK
6
CONTINUOUS
10
5.5883858267716535
20
-4.0223622047244092
11
5.5894389763779531
21
-4.0223622047244092
0
LINE
8
BLACK
6
CONTINUOUS
10
5.5894389763779531
20
-4.0223622047244092
11
5.5894389763779531
21
-4.0234153543307087
0
LINE
8
BLACK
6
CONTINUOUS
10
5.5894389763779531
20
-4.0234153543307087
11
5.5896456692913388
21
-4.0236220472440944
0
LINE
8
BLACK
6
CONTINUOUS
10
5.5896456692913388
20
-4.0236220472440944
11
5.5896456692913388
21
-4.0331496062992125
0
LINE
8
BLACK
6
CONTINUOUS
10
5.5896456692913388
20
-4.0331496062992125
11
5.5894389763779531
21
-4.0331496062992125
0
LINE
8
BLACK
6
CONTINUOUS
10
5.5894389763779531
20
-4.0331496062992125
11
5.5894389763779531
21
-4.0461417322834645
0
LINE
8
BLACK
6
CONTINUOUS
10
5.5894389763779531
20
-4.0461417322834645
11
5.5896456692913388
21
-4.0461417322834645
0
LINE
8
BLACK
6
CONTINUOUS
10
5.5896456692913388
20
-4.0461417322834645
11
5.5896456692913388
21
-4.0551181102362204
0
LINE
8
BLACK
6
CONTINUOUS
10
5.5896456692913388
20
-4.0551181102362204
11
5.5894389763779531
21
-4.0553248031496061
0
LINE
8
BLACK
6
CONTINUOUS
10
5.5894389763779531
20
-4.0553248031496061
11
5.5894389763779531
21
-4.0563779527559056
0
LINE
8
BLACK
6
CONTINUOUS
10
5.5894389763779531
20
-4.0563779527559056
11
5.5883858267716535
21
-4.0563779527559056
0
LINE
8
BLACK
6
CONTINUOUS
10
5.5883858267716535
20
-4.0563779527559056
11
5.5876771653543305
21
-4.0570866141732287
0
LINE
8
BLACK
6
CONTINUOUS
10
5.5876771653543305
20
-4.0570866141732287
11
5.5561811023622045
21
-4.0570866141732287
0
LINE
8
BLACK
6
CONTINUOUS
10
5.5561811023622045
20
-4.0570866141732287
11
5.5542125984251971
21
-4.0551181102362204
0
LINE
8
BLACK
6
CONTINUOUS
10
5.5542125984251971
20
-4.0551181102362204
11
5.5542125984251971
21
-4.0236220472440944
0
LINE
8
BLACK
6
CONTINUOUS
10
5.5542125984251971
20
-4.0236220472440944
11
5.5561811023622045
21
-4.0216535433070861
0
LINE
8
BLACK
6
CONTINUOUS
10
5.5561811023622045
20
-4.0216535433070861
11
5.5876771653543305
21
-4.0216535433070861
0
LINE
8
BLACK
6
CONTINUOUS
10
5.5876771653543305
20
-4.0216535433070861
11
5.5883858267716535
21
-4.0223622047244092
0
LINE
8
BLACK
6
CONTINUOUS
10
5.6522440944881884
20
-4.0236220472440944
11
5.6522440944881884
21
-4.0551181102362204
0
LINE
8
BLACK
6
CONTINUOUS
10
5.6522440944881884
20
-4.0551181102362204
11
5.650275590551181
21
-4.0570866141732287
0
LINE
8
BLACK
6
CONTINUOUS
10
5.650275590551181
20
-4.0570866141732287
11
5.6187795275590551
21
-4.0570866141732287
0
LINE
8
BLACK
6
CONTINUOUS
10
5.6187795275590551
20
-4.0570866141732287
11
5.618070866141732
21
-4.0563779527559056
0
LINE
8
BLACK
6
CONTINUOUS
10
5.618070866141732
20
-4.0563779527559056
11
5.6170177165354334
21
-4.0563779527559056
0
LINE
8
BLACK
6
CONTINUOUS
10
5.6170177165354334
20
-4.0563779527559056
11
5.6170177165354334
21
-4.0553248031496061
0
LINE
8
BLACK
6
CONTINUOUS
10
5.6170177165354334
20
-4.0553248031496061
11
5.6168110236220468
21
-4.0551181102362204
0
LINE
8
BLACK
6
CONTINUOUS
10
5.6168110236220468
20
-4.0551181102362204
11
5.6168110236220468
21
-4.0455905511811023
0
LINE
8
BLACK
6
CONTINUOUS
10
5.6168110236220468
20
-4.0455905511811023
11
5.6170177165354334
21
-4.0455905511811023
0
LINE
8
BLACK
6
CONTINUOUS
10
5.6170177165354334
20
-4.0455905511811023
11
5.6170177165354334
21
-4.0325984251968503
0
LINE
8
BLACK
6
CONTINUOUS
10
5.6170177165354334
20
-4.0325984251968503
11
5.6168110236220468
21
-4.0325984251968503
0
LINE
8
BLACK
6
CONTINUOUS
10
5.6168110236220468
20
-4.0325984251968503
11
5.6168110236220468
21
-4.0236220472440944
0
LINE
8
BLACK
6
CONTINUOUS
10
5.6168110236220468
20
-4.0236220472440944
11
5.6170177165354334
21
-4.0234153543307087
0
LINE
8
BLACK
6
CONTINUOUS
10
5.6170177165354334
20
-4.0234153543307087
11
5.6170177165354334
21
-4.0223622047244092
0
LINE
8
BLACK
6
CONTINUOUS
10
5.6170177165354334
20
-4.0223622047244092
11
5.618070866141732
21
-4.0223622047244092
0
LINE
8
BLACK
6
CONTINUOUS
10
5.618070866141732
20
-4.0223622047244092
11
5.6187795275590551
21
-4.0216535433070861
0
LINE
8
BLACK
6
CONTINUOUS
10
5.6187795275590551
20
-4.0216535433070861
11
5.650275590551181
21
-4.0216535433070861
0
LINE
8
BLACK
6
CONTINUOUS
10
5.650275590551181
20
-4.0216535433070861
11
5.6522440944881884
21
-4.0236220472440944
0
LINE
8
BLACK
6
CONTINUOUS
10
6.0603281102362203
20
-4.02136811023622
11
6.0733202362204723
21
-4.02136811023622
0
LINE
8
BLACK
6
CONTINUOUS
10
6.0733202362204723
20
-4.02136811023622
11
6.0733202362204723
21
-4.0211614173228343
0
LINE
8
BLACK
6
CONTINUOUS
10
6.0733202362204723
20
-4.0211614173228343
11
6.0822966141732282
21
-4.0211614173228343
0
LINE
8
BLACK
6
CONTINUOUS
10
6.0822966141732282
20
-4.0211614173228343
11
6.0825033070866139
21
-4.02136811023622
0
LINE
8
BLACK
6
CONTINUOUS
10
6.0825033070866139
20
-4.02136811023622
11
6.0835564566929135
21
-4.02136811023622
0
LINE
8
BLACK
6
CONTINUOUS
10
6.0835564566929135
20
-4.02136811023622
11
6.0835564566929135
21
-4.0224212598425195
0
LINE
8
BLACK
6
CONTINUOUS
10
6.0835564566929135
20
-4.0224212598425195
11
6.0842651181102365
21
-4.0231299212598426
0
LINE
8
BLACK
6
CONTINUOUS
10
6.0842651181102365
20
-4.0231299212598426
11
6.0842651181102365
21
-4.0546259842519685
0
LINE
8
BLACK
6
CONTINUOUS
10
6.0842651181102365
20
-4.0546259842519685
11
6.0822966141732282
21
-4.0565944881889759
0
LINE
8
BLACK
6
CONTINUOUS
10
6.0822966141732282
20
-4.0565944881889759
11
6.0508005511811023
21
-4.0565944881889759
0
LINE
8
BLACK
6
CONTINUOUS
10
6.0508005511811023
20
-4.0565944881889759
11
6.048832047244094
21
-4.0546259842519685
0
LINE
8
BLACK
6
CONTINUOUS
10
6.048832047244094
20
-4.0546259842519685
11
6.048832047244094
21
-4.0231299212598426
0
LINE
8
BLACK
6
CONTINUOUS
10
6.048832047244094
20
-4.0231299212598426
11
6.049540708661417
21
-4.0224212598425195
0
LINE
8
BLACK
6
CONTINUOUS
10
6.049540708661417
20
-4.0224212598425195
11
6.049540708661417
21
-4.02136811023622
0
LINE
8
BLACK
6
CONTINUOUS
10
6.049540708661417
20
-4.02136811023622
11
6.0505938582677166
21
-4.02136811023622
0
LINE
8
BLACK
6
CONTINUOUS
10
6.0505938582677166
20
-4.02136811023622
11
6.0508005511811023
21
-4.0211614173228343
0
LINE
8
BLACK
6
CONTINUOUS
10
6.0508005511811023
20
-4.0211614173228343
11
6.0603281102362203
21
-4.0211614173228343
0
LINE
8
BLACK
6
CONTINUOUS
10
6.0603281102362203
20
-4.0211614173228343
11
6.0603281102362203
21
-4.02136811023622
0
LINE
8
BLACK
6
CONTINUOUS
10
6.1259448818897635
20
-4.02136811023622
11
6.1389370078740155
21
-4.02136811023622
0
LINE
8
BLACK
6
CONTINUOUS
10
6.1389370078740155
20
-4.02136811023622
11
6.1389370078740155
21
-4.0211614173228343
0
LINE
8
BLACK
6
CONTINUOUS
10
6.1389370078740155
20
-4.0211614173228343
11
6.1479133858267714
21
-4.0211614173228343
0
LINE
8
BLACK
6
CONTINUOUS
10
6.1479133858267714
20
-4.0211614173228343
11
6.1481200787401571
21
-4.02136811023622
0
LINE
8
BLACK
6
CONTINUOUS
10
6.1481200787401571
20
-4.02136811023622
11
6.1491732283464566
21
-4.02136811023622
0
LINE
8
BLACK
6
CONTINUOUS
10
6.1491732283464566
20
-4.02136811023622
11
6.1491732283464566
21
-4.0224212598425195
0
LINE
8
BLACK
6
CONTINUOUS
10
6.1491732283464566
20
-4.0224212598425195
11
6.1498818897637797
21
-4.0231299212598426
0
LINE
8
BLACK
6
CONTINUOUS
10
6.1498818897637797
20
-4.0231299212598426
11
6.1498818897637797
21
-4.0546259842519685
0
LINE
8
BLACK
6
CONTINUOUS
10
6.1498818897637797
20
-4.0546259842519685
11
6.1479133858267714
21
-4.0565944881889759
0
LINE
8
BLACK
6
CONTINUOUS
10
6.1479133858267714
20
-4.0565944881889759
11
6.1164173228346455
21
-4.0565944881889759
0
LINE
8
BLACK
6
CONTINUOUS
10
6.1164173228346455
20
-4.0565944881889759
11
6.114448818897638
21
-4.0546259842519685
0
LINE
8
BLACK
6
CONTINUOUS
10
6.114448818897638
20
-4.0546259842519685
11
6.114448818897638
21
-4.0231299212598426
0
LINE
8
BLACK
6
CONTINUOUS
10
6.114448818897638
20
-4.0231299212598426
11
6.1151574803149602
21
-4.0224212598425195
0
LINE
8
BLACK
6
CONTINUOUS
10
6.1151574803149602
20
-4.0224212598425195
11
6.1151574803149602
21
-4.02136811023622
0
LINE
8
BLACK
6
CONTINUOUS
10
6.1151574803149602
20
-4.02136811023622
11
6.1162106299212597
21
-4.02136811023622
0
LINE
8
BLACK
6
CONTINUOUS
10
6.1162106299212597
20
-4.02136811023622
11
6.1164173228346455
21
-4.0211614173228343
0
LINE
8
BLACK
6
CONTINUOUS
10
6.1164173228346455
20
-4.0211614173228343
11
6.1259448818897635
21
-4.0211614173228343
0
LINE
8
BLACK
6
CONTINUOUS
10
6.1259448818897635
20
-4.0211614173228343
11
6.1259448818897635
21
-4.02136811023622
0
LINE
8
BLACK
6
CONTINUOUS
10
6.1915616535433067
20
-4.02136811023622
11
6.2045537795275587
21
-4.02136811023622
0
LINE
8
BLACK
6
CONTINUOUS
10
6.2045537795275587
20
-4.02136811023622
11
6.2045537795275587
21
-4.0211614173228343
0
LINE
8
BLACK
6
CONTINUOUS
10
6.2045537795275587
20
-4.0211614173228343
11
6.2135301574803146
21
-4.0211614173228343
0
LINE
8
BLACK
6
CONTINUOUS
10
6.2135301574803146
20
-4.0211614173228343
11
6.2137368503937003
21
-4.02136811023622
0
LINE
8
BLACK
6
CONTINUOUS
10
6.2137368503937003
20
-4.02136811023622
11
6.2147899999999998
21
-4.02136811023622
0
LINE
8
BLACK
6
CONTINUOUS
10
6.2147899999999998
20
-4.02136811023622
11
6.2147899999999998
21
-4.0224212598425195
0
LINE
8
BLACK
6
CONTINUOUS
10
6.2147899999999998
20
-4.0224212598425195
11
6.2154986614173229
21
-4.0231299212598426
0
LINE
8
BLACK
6
CONTINUOUS
10
6.2154986614173229
20
-4.0231299212598426
11
6.2154986614173229
21
-4.0546259842519685
0
LINE
8
BLACK
6
CONTINUOUS
10
6.2154986614173229
20
-4.0546259842519685
11
6.2135301574803146
21
-4.0565944881889759
0
LINE
8
BLACK
6
CONTINUOUS
10
6.2135301574803146
20
-4.0565944881889759
11
6.1820340944881886
21
-4.0565944881889759
0
LINE
8
BLACK
6
CONTINUOUS
10
6.1820340944881886
20
-4.0565944881889759
11
6.1800655905511812
21
-4.0546259842519685
0
LINE
8
BLACK
6
CONTINUOUS
10
6.1800655905511812
20
-4.0546259842519685
11
6.1800655905511812
21
-4.0231299212598426
0
LINE
8
BLACK
6
CONTINUOUS
10
6.1800655905511812
20
-4.0231299212598426
11
6.1807742519685034
21
-4.0224212598425195
0
LINE
8
BLACK
6
CONTINUOUS
10
6.1807742519685034
20
-4.0224212598425195
11
6.1807742519685034
21
-4.02136811023622
0
LINE
8
BLACK
6
CONTINUOUS
10
6.1807742519685034
20
-4.02136811023622
11
6.1818274015748029
21
-4.02136811023622
0
LINE
8
BLACK
6
CONTINUOUS
10
6.1818274015748029
20
-4.02136811023622
11
6.1820340944881886
21
-4.0211614173228343
0
LINE
8
BLACK
6
CONTINUOUS
10
6.1820340944881886
20
-4.0211614173228343
11
6.1915616535433067
21
-4.0211614173228343
0
LINE
8
BLACK
6
CONTINUOUS
10
6.1915616535433067
20
-4.0211614173228343
11
6.1915616535433067
21
-4.02136811023622
0
LINE
8
BLACK
6
CONTINUOUS
10
6.2571785039370074
20
-4.02136811023622
11
6.2701706299212594
21
-4.02136811023622
0
LINE
8
BLACK
6
CONTINUOUS
10
6.2701706299212594
20
-4.02136811023622
11
6.2701706299212594
21
-4.0211614173228343
0
LINE
8
BLACK
6
CONTINUOUS
10
6.2701706299212594
20
-4.0211614173228343
11
6.2791470078740153
21
-4.0211614173228343
0
LINE
8
BLACK
6
CONTINUOUS
10
6.2791470078740153
20
-4.0211614173228343
11
6.2793537007874018
21
-4.02136811023622
0
LINE
8
BLACK
6
CONTINUOUS
10
6.2793537007874018
20
-4.02136811023622
11
6.2804068503937005
21
-4.02136811023622
0
LINE
8
BLACK
6
CONTINUOUS
10
6.2804068503937005
20
-4.02136811023622
11
6.2804068503937005
21
-4.0224212598425195
0
LINE
8
BLACK
6
CONTINUOUS
10
6.2804068503937005
20
-4.0224212598425195
11
6.2811155118110236
21
-4.0231299212598426
0
LINE
8
BLACK
6
CONTINUOUS
10
6.2811155118110236
20
-4.0231299212598426
11
6.2811155118110236
21
-4.0546259842519685
0
LINE
8
BLACK
6
CONTINUOUS
10
6.2811155118110236
20
-4.0546259842519685
11
6.2791470078740153
21
-4.0565944881889759
0
LINE
8
BLACK
6
CONTINUOUS
10
6.2791470078740153
20
-4.0565944881889759
11
6.2476509448818893
21
-4.0565944881889759
0
LINE
8
BLACK
6
CONTINUOUS
10
6.2476509448818893
20
-4.0565944881889759
11
6.2456824409448819
21
-4.0546259842519685
0
LINE
8
BLACK
6
CONTINUOUS
10
6.2456824409448819
20
-4.0546259842519685
11
6.2456824409448819
21
-4.0231299212598426
0
LINE
8
BLACK
6
CONTINUOUS
10
6.2456824409448819
20
-4.0231299212598426
11
6.246391102362205
21
-4.0224212598425195
0
LINE
8
BLACK
6
CONTINUOUS
10
6.246391102362205
20
-4.0224212598425195
11
6.246391102362205
21
-4.02136811023622
0
LINE
8
BLACK
6
CONTINUOUS
10
6.246391102362205
20
-4.02136811023622
11
6.2474442519685036
21
-4.02136811023622
0
LINE
8
BLACK
6
CONTINUOUS
10
6.2474442519685036
20
-4.02136811023622
11
6.2476509448818893
21
-4.0211614173228343
0
LINE
8
BLACK
6
CONTINUOUS
10
6.2476509448818893
20
-4.0211614173228343
11
6.2571785039370074
21
-4.0211614173228343
0
LINE
8
BLACK
6
CONTINUOUS
10
6.2571785039370074
20
-4.0211614173228343
11
6.2571785039370074
21
-4.02136811023622
0
LINE
8
BLACK
6
CONTINUOUS
10
6.3576181102362206
20
-4.0199606299212594
11
6.3586712598425192
21
-4.0199606299212594
0
LINE
8
BLACK
6
CONTINUOUS
10
6.3586712598425192
20
-4.0199606299212594
11
6.3586712598425192
21
-4.0210137795275589
0
LINE
8
BLACK
6
CONTINUOUS
10
6.3586712598425192
20
-4.0210137795275589
11
6.3588779527559049
21
-4.0212204724409446
0
LINE
8
BLACK
6
CONTINUOUS
10
6.3588779527559049
20
-4.0212204724409446
11
6.3588779527559049
21
-4.0307480314960626
0
LINE
8
BLACK
6
CONTINUOUS
10
6.3588779527559049
20
-4.0307480314960626
11
6.3586712598425192
21
-4.0307480314960626
0
LINE
8
BLACK
6
CONTINUOUS
10
6.3586712598425192
20
-4.0307480314960626
11
6.3586712598425192
21
-4.0437401574803147
0
LINE
8
BLACK
6
CONTINUOUS
10
6.3586712598425192
20
-4.0437401574803147
11
6.3588779527559049
21
-4.0437401574803147
0
LINE
8
BLACK
6
CONTINUOUS
10
6.3588779527559049
20
-4.0437401574803147
11
6.3588779527559049
21
-4.0527165354330705
0
LINE
8
BLACK
6
CONTINUOUS
10
6.3588779527559049
20
-4.0527165354330705
11
6.3586712598425192
21
-4.0529232283464562
0
LINE
8
BLACK
6
CONTINUOUS
10
6.3586712598425192
20
-4.0529232283464562
11
6.3586712598425192
21
-4.0539763779527558
0
LINE
8
BLACK
6
CONTINUOUS
10
6.3586712598425192
20
-4.0539763779527558
11
6.3576181102362206
21
-4.0539763779527558
0
LINE
8
BLACK
6
CONTINUOUS
10
6.3576181102362206
20
-4.0539763779527558
11
6.3569094488188975
21
-4.0546850393700788
0
LINE
8
BLACK
6
CONTINUOUS
10
6.3569094488188975
20
-4.0546850393700788
11
6.3254133858267716
21
-4.0546850393700788
0
LINE
8
BLACK
6
CONTINUOUS
10
6.3254133858267716
20
-4.0546850393700788
11
6.3234448818897633
21
-4.0527165354330705
0
LINE
8
BLACK
6
CONTINUOUS
10
6.3234448818897633
20
-4.0527165354330705
11
6.3234448818897633
21
-4.0212204724409446
0
LINE
8
BLACK
6
CONTINUOUS
10
6.3234448818897633
20
-4.0212204724409446
11
6.3254133858267716
21
-4.0192519685039372
0
LINE
8
BLACK
6
CONTINUOUS
10
6.3254133858267716
20
-4.0192519685039372
11
6.3569094488188975
21
-4.0192519685039372
0
LINE
8
BLACK
6
CONTINUOUS
10
6.3569094488188975
20
-4.0192519685039372
11
6.3576181102362206
21
-4.0199606299212594
0
LINE
8
BLACK
6
CONTINUOUS
10
6.4214763779527555
20
-4.0212204724409446
11
6.4214763779527555
21
-4.0527165354330705
0
LINE
8
BLACK
6
CONTINUOUS
10
6.4214763779527555
20
-4.0527165354330705
11
6.4195078740157481
21
-4.0546850393700788
0
LINE
8
BLACK
6
CONTINUOUS
10
6.4195078740157481
20
-4.0546850393700788
11
6.3880118110236221
21
-4.0546850393700788
0
LINE
8
BLACK
6
CONTINUOUS
10
6.3880118110236221
20
-4.0546850393700788
11
6.3873031496062991
21
-4.0539763779527558
0
LINE
8
BLACK
6
CONTINUOUS
10
6.3873031496062991
20
-4.0539763779527558
11
6.3862499999999995
21
-4.0539763779527558
0
LINE
8
BLACK
6
CONTINUOUS
10
6.3862499999999995
20
-4.0539763779527558
11
6.3862499999999995
21
-4.0529232283464562
0
LINE
8
BLACK
6
CONTINUOUS
10
6.3862499999999995
20
-4.0529232283464562
11
6.3860433070866138
21
-4.0527165354330705
0
LINE
8
BLACK
6
CONTINUOUS
10
6.3860433070866138
20
-4.0527165354330705
11
6.3860433070866138
21
-4.0431889763779525
0
LINE
8
BLACK
6
CONTINUOUS
10
6.3860433070866138
20
-4.0431889763779525
11
6.3862499999999995
21
-4.0431889763779525
0
LINE
8
BLACK
6
CONTINUOUS
10
6.3862499999999995
20
-4.0431889763779525
11
6.3862499999999995
21
-4.0301968503937005
0
LINE
8
BLACK
6
CONTINUOUS
10
6.3862499999999995
20
-4.0301968503937005
11
6.3860433070866138
21
-4.0301968503937005
0
LINE
8
BLACK
6
CONTINUOUS
10
6.3860433070866138
20
-4.0301968503937005
11
6.3860433070866138
21
-4.0212204724409446
0
LINE
8
BLACK
6
CONTINUOUS
10
6.3860433070866138
20
-4.0212204724409446
11
6.3862499999999995
21
-4.0210137795275589
0
LINE
8
BLACK
6
CONTINUOUS
10
6.3862499999999995
20
-4.0210137795275589
11
6.3862499999999995
21
-4.0199606299212594
0
LINE
8
BLACK
6
CONTINUOUS
10
6.3862499999999995
20
-4.0199606299212594
11
6.3873031496062991
21
-4.0199606299212594
0
LINE
8
BLACK
6
CONTINUOUS
10
6.3873031496062991
20
-4.0199606299212594
11
6.3880118110236221
21
-4.0192519685039372
0
LINE
8
BLACK
6
CONTINUOUS
10
6.3880118110236221
20
-4.0192519685039372
11
6.4195078740157481
21
-4.0192519685039372
0
LINE
8
BLACK
6
CONTINUOUS
10
6.4195078740157481
20
-4.0192519685039372
11
6.4214763779527555
21
-4.0212204724409446
0
LINE
8
BLACK
6
CONTINUOUS
10
6.8540157480314958
20
-4.0184547244094491
11
6.8670078740157479
21
-4.0184547244094491
0
LINE
8
BLACK
6
CONTINUOUS
10
6.8670078740157479
20
-4.0184547244094491
11
6.8670078740157479
21
-4.0182480314960625
0
LINE
8
BLACK
6
CONTINUOUS
10
6.8670078740157479
20
-4.0182480314960625
11
6.8759842519685037
21
-4.0182480314960625
0
LINE
8
BLACK
6
CONTINUOUS
10
6.8759842519685037
20
-4.0182480314960625
11
6.8761909448818894
21
-4.0184547244094491
0
LINE
8
BLACK
6
CONTINUOUS
10
6.8761909448818894
20
-4.0184547244094491
11
6.877244094488189
21
-4.0184547244094491
0
LINE
8
BLACK
6
CONTINUOUS
10
6.877244094488189
20
-4.0184547244094491
11
6.877244094488189
21
-4.0195078740157477
0
LINE
8
BLACK
6
CONTINUOUS
10
6.877244094488189
20
-4.0195078740157477
11
6.877952755905512
21
-4.0202165354330708
0
LINE
8
BLACK
6
CONTINUOUS
10
6.877952755905512
20
-4.0202165354330708
11
6.877952755905512
21
-4.0517125984251967
0
LINE
8
BLACK
6
CONTINUOUS
10
6.877952755905512
20
-4.0517125984251967
11
6.8759842519685037
21
-4.053681102362205
0
LINE
8
BLACK
6
CONTINUOUS
10
6.8759842519685037
20
-4.053681102362205
11
6.8444881889763778
21
-4.053681102362205
0
LINE
8
BLACK
6
CONTINUOUS
10
6.8444881889763778
20
-4.053681102362205
11
6.8425196850393704
21
-4.0517125984251967
0
LINE
8
BLACK
6
CONTINUOUS
10
6.8425196850393704
20
-4.0517125984251967
11
6.8425196850393704
21
-4.0202165354330708
0
LINE
8
BLACK
6
CONTINUOUS
10
6.8425196850393704
20
-4.0202165354330708
11
6.8432283464566925
21
-4.0195078740157477
0
LINE
8
BLACK
6
CONTINUOUS
10
6.8432283464566925
20
-4.0195078740157477
11
6.8432283464566925
21
-4.0184547244094491
0
LINE
8
BLACK
6
CONTINUOUS
10
6.8432283464566925
20
-4.0184547244094491
11
6.8442814960629921
21
-4.0184547244094491
0
LINE
8
BLACK
6
CONTINUOUS
10
6.8442814960629921
20
-4.0184547244094491
11
6.8444881889763778
21
-4.0182480314960625
0
LINE
8
BLACK
6
CONTINUOUS
10
6.8444881889763778
20
-4.0182480314960625
11
6.8540157480314958
21
-4.0182480314960625
0
LINE
8
BLACK
6
CONTINUOUS
10
6.8540157480314958
20
-4.0182480314960625
11
6.8540157480314958
21
-4.0184547244094491
0
LINE
8
BLACK
6
CONTINUOUS
10
6.9183201968503933
20
-4.0184547244094491
11
6.9313123228346454
21
-4.0184547244094491
0
LINE
8
BLACK
6
CONTINUOUS
10
6.9313123228346454
20
-4.0184547244094491
11
6.9313123228346454
21
-4.0182480314960625
0
LINE
8
BLACK
6
CONTINUOUS
10
6.9313123228346454
20
-4.0182480314960625
11
6.9402887007874012
21
-4.0182480314960625
0
LINE
8
BLACK
6
CONTINUOUS
10
6.9402887007874012
20
-4.0182480314960625
11
6.9404953937007869
21
-4.0184547244094491
0
LINE
8
BLACK
6
CONTINUOUS
10
6.9404953937007869
20
-4.0184547244094491
11
6.9415485433070865
21
-4.0184547244094491
0
LINE
8
BLACK
6
CONTINUOUS
10
6.9415485433070865
20
-4.0184547244094491
11
6.9415485433070865
21
-4.0195078740157477
0
LINE
8
BLACK
6
CONTINUOUS
10
6.9415485433070865
20
-4.0195078740157477
11
6.9422572047244095
21
-4.0202165354330708
0
LINE
8
BLACK
6
CONTINUOUS
10
6.9422572047244095
20
-4.0202165354330708
11
6.9422572047244095
21
-4.0517125984251967
0
LINE
8
BLACK
6
CONTINUOUS
10
6.9422572047244095
20
-4.0517125984251967
11
6.9402887007874012
21
-4.053681102362205
0
LINE
8
BLACK
6
CONTINUOUS
10
6.9402887007874012
20
-4.053681102362205
11
6.9087926377952753
21
-4.053681102362205
0
LINE
8
BLACK
6
CONTINUOUS
10
6.9087926377952753
20
-4.053681102362205
11
6.9068241338582679
21
-4.0517125984251967
0
LINE
8
BLACK
6
CONTINUOUS
10
6.9068241338582679
20
-4.0517125984251967
11
6.9068241338582679
21
-4.0202165354330708
0
LINE
8
BLACK
6
CONTINUOUS
10
6.9068241338582679
20
-4.0202165354330708
11
6.9075327952755901
21
-4.0195078740157477
0
LINE
8
BLACK
6
CONTINUOUS
10
6.9075327952755901
20
-4.0195078740157477
11
6.9075327952755901
21
-4.0184547244094491
0
LINE
8
BLACK
6
CONTINUOUS
10
6.9075327952755901
20
-4.0184547244094491
11
6.9085859448818896
21
-4.0184547244094491
0
LINE
8
BLACK
6
CONTINUOUS
10
6.9085859448818896
20
-4.0184547244094491
11
6.9087926377952753
21
-4.0182480314960625
0
LINE
8
BLACK
6
CONTINUOUS
10
6.9087926377952753
20
-4.0182480314960625
11
6.9183201968503933
21
-4.0182480314960625
0
LINE
8
BLACK
6
CONTINUOUS
10
6.9183201968503933
20
-4.0182480314960625
11
6.9183201968503933
21
-4.0184547244094491
0
LINE
8
BLACK
6
CONTINUOUS
10
6.9826246456692909
20
-4.0184547244094491
11
6.9956167716535429
21
-4.0184547244094491
0
LINE
8
BLACK
6
CONTINUOUS
10
6.9956167716535429
20
-4.0184547244094491
11
6.9956167716535429
21
-4.0182480314960625
0
LINE
8
BLACK
6
CONTINUOUS
10
6.9956167716535429
20
-4.0182480314960625
11
7.0045931496062988
21
-4.0182480314960625
0
LINE
8
BLACK
6
CONTINUOUS
10
7.0045931496062988
20
-4.0182480314960625
11
7.0047998425196845
21
-4.0184547244094491
0
LINE
8
BLACK
6
CONTINUOUS
10
7.0047998425196845
20
-4.0184547244094491
11
7.005852992125984
21
-4.0184547244094491
0
LINE
8
BLACK
6
CONTINUOUS
10
7.005852992125984
20
-4.0184547244094491
11
7.005852992125984
21
-4.0195078740157477
0
LINE
8
BLACK
6
CONTINUOUS
10
7.005852992125984
20
-4.0195078740157477
11
7.0065616535433071
21
-4.0202165354330708
0
LINE
8
BLACK
6
CONTINUOUS
10
7.0065616535433071
20
-4.0202165354330708
11
7.0065616535433071
21
-4.0517125984251967
0
LINE
8
BLACK
6
CONTINUOUS
10
7.0065616535433071
20
-4.0517125984251967
11
7.0045931496062988
21
-4.053681102362205
0
LINE
8
BLACK
6
CONTINUOUS
10
7.0045931496062988
20
-4.053681102362205
11
6.9730970866141728
21
-4.053681102362205
0
LINE
8
BLACK
6
CONTINUOUS
10
6.9730970866141728
20
-4.053681102362205
11
6.9711285826771654
21
-4.0517125984251967
0
LINE
8
BLACK
6
CONTINUOUS
10
6.9711285826771654
20
-4.0517125984251967
11
6.9711285826771654
21
-4.0202165354330708
0
LINE
8
BLACK
6
CONTINUOUS
10
6.9711285826771654
20
-4.0202165354330708
11
6.9718372440944885
21
-4.0195078740157477
0
LINE
8
BLACK
6
CONTINUOUS
10
6.9718372440944885
20
-4.0195078740157477
11
6.9718372440944885
21
-4.0184547244094491
0
LINE
8
BLACK
6
CONTINUOUS
10
6.9718372440944885
20
-4.0184547244094491
11
6.9728903937007871
21
-4.0184547244094491
0
LINE
8
BLACK
6
CONTINUOUS
10
6.9728903937007871
20
-4.0184547244094491
11
6.9730970866141728
21
-4.0182480314960625
0
LINE
8
BLACK
6
CONTINUOUS
10
6.9730970866141728
20
-4.0182480314960625
11
6.9826246456692909
21
-4.0182480314960625
0
LINE
8
BLACK
6
CONTINUOUS
10
6.9826246456692909
20
-4.0182480314960625
11
6.9826246456692909
21
-4.0184547244094491
0
LINE
8
BLACK
6
CONTINUOUS
10
7.0469291338582671
20
-4.0184547244094491
11
7.0599212598425192
21
-4.0184547244094491
0
LINE
8
BLACK
6
CONTINUOUS
10
7.0599212598425192
20
-4.0184547244094491
11
7.0599212598425192
21
-4.0182480314960625
0
LINE
8
BLACK
6
CONTINUOUS
10
7.0599212598425192
20
-4.0182480314960625
11
7.068897637795275
21
-4.0182480314960625
0
LINE
8
BLACK
6
CONTINUOUS
10
7.068897637795275
20
-4.0182480314960625
11
7.0691043307086616
21
-4.0184547244094491
0
LINE
8
BLACK
6
CONTINUOUS
10
7.0691043307086616
20
-4.0184547244094491
11
7.0701574803149603
21
-4.0184547244094491
0
LINE
8
BLACK
6
CONTINUOUS
10
7.0701574803149603
20
-4.0184547244094491
11
7.0701574803149603
21
-4.0195078740157477
0
LINE
8
BLACK
6
CONTINUOUS
10
7.0701574803149603
20
-4.0195078740157477
11
7.0708661417322833
21
-4.0202165354330708
0
LINE
8
BLACK
6
CONTINUOUS
10
7.0708661417322833
20
-4.0202165354330708
11
7.0708661417322833
21
-4.0517125984251967
0
LINE
8
BLACK
6
CONTINUOUS
10
7.0708661417322833
20
-4.0517125984251967
11
7.068897637795275
21
-4.053681102362205
0
LINE
8
BLACK
6
CONTINUOUS
10
7.068897637795275
20
-4.053681102362205
11
7.0374015748031491
21
-4.053681102362205
0
LINE
8
BLACK
6
CONTINUOUS
10
7.0374015748031491
20
-4.053681102362205
11
7.0354330708661417
21
-4.0517125984251967
0
LINE
8
BLACK
6
CONTINUOUS
10
7.0354330708661417
20
-4.0517125984251967
11
7.0354330708661417
21
-4.0202165354330708
0
LINE
8
BLACK
6
CONTINUOUS
10
7.0354330708661417
20
-4.0202165354330708
11
7.0361417322834647
21
-4.0195078740157477
0
LINE
8
BLACK
6
CONTINUOUS
10
7.0361417322834647
20
-4.0195078740157477
11
7.0361417322834647
21
-4.0184547244094491
0
LINE
8
BLACK
6
CONTINUOUS
10
7.0361417322834647
20
-4.0184547244094491
11
7.0371948818897634
21
-4.0184547244094491
0
LINE
8
BLACK
6
CONTINUOUS
10
7.0371948818897634
20
-4.0184547244094491
11
7.0374015748031491
21
-4.0182480314960625
0
LINE
8
BLACK
6
CONTINUOUS
10
7.0374015748031491
20
-4.0182480314960625
11
7.0469291338582671
21
-4.0182480314960625
0
LINE
8
BLACK
6
CONTINUOUS
10
7.0469291338582671
20
-4.0182480314960625
11
7.0469291338582671
21
-4.0184547244094491
0
LINE
8
BLACK
6
CONTINUOUS
10
5.9385236220472439
20
-4.0527165354330705
11
5.907027559055118
21
-4.0527165354330705
0
LINE
8
BLACK
6
CONTINUOUS
10
5.907027559055118
20
-4.0527165354330705
11
5.907027559055118
21
-4.0172834645669289
0
LINE
8
BLACK
6
CONTINUOUS
10
5.907027559055118
20
-4.0172834645669289
11
5.9385236220472439
21
-4.0172834645669289
0
LINE
8
BLACK
6
CONTINUOUS
10
5.9385236220472439
20
-4.0172834645669289
11
5.9385236220472439
21
-4.0527165354330705
0
LINE
8
BLACK
6
CONTINUOUS
10
5.9936417322834643
20
-4.0527165354330705
11
5.9621456692913384
21
-4.0527165354330705
0
LINE
8
BLACK
6
CONTINUOUS
10
5.9621456692913384
20
-4.0527165354330705
11
5.9621456692913384
21
-4.0172834645669289
0
LINE
8
BLACK
6
CONTINUOUS
10
5.9621456692913384
20
-4.0172834645669289
11
5.9936417322834643
21
-4.0172834645669289
0
LINE
8
BLACK
6
CONTINUOUS
10
5.9936417322834643
20
-4.0172834645669289
11
5.9936417322834643
21
-4.0527165354330705
0
LINE
8
BLACK
6
CONTINUOUS
10
7.1486811023622048
20
-4.016456692913386
11
7.1497342519685034
21
-4.016456692913386
0
LINE
8
BLACK
6
CONTINUOUS
10
7.1497342519685034
20
-4.016456692913386
11
7.1497342519685034
21
-4.0175098425196847
0
LINE
8
BLACK
6
CONTINUOUS
10
7.1497342519685034
20
-4.0175098425196847
11
7.14994094488189
21
-4.0177165354330704
0
LINE
8
BLACK
6
CONTINUOUS
10
7.14994094488189
20
-4.0177165354330704
11
7.14994094488189
21
-4.0272440944881893
0
LINE
8
BLACK
6
CONTINUOUS
10
7.14994094488189
20
-4.0272440944881893
11
7.1497342519685034
21
-4.0272440944881893
0
LINE
8
BLACK
6
CONTINUOUS
10
7.1497342519685034
20
-4.0272440944881893
11
7.1497342519685034
21
-4.0402362204724405
0
LINE
8
BLACK
6
CONTINUOUS
10
7.1497342519685034
20
-4.0402362204724405
11
7.14994094488189
21
-4.0402362204724405
0
LINE
8
BLACK
6
CONTINUOUS
10
7.14994094488189
20
-4.0402362204724405
11
7.14994094488189
21
-4.0492125984251963
0
LINE
8
BLACK
6
CONTINUOUS
10
7.14994094488189
20
-4.0492125984251963
11
7.1497342519685034
21
-4.0494192913385829
0
LINE
8
BLACK
6
CONTINUOUS
10
7.1497342519685034
20
-4.0494192913385829
11
7.1497342519685034
21
-4.0504724409448816
0
LINE
8
BLACK
6
CONTINUOUS
10
7.1497342519685034
20
-4.0504724409448816
11
7.1486811023622048
21
-4.0504724409448816
0
LINE
8
BLACK
6
CONTINUOUS
10
7.1486811023622048
20
-4.0504724409448816
11
7.1479724409448817
21
-4.0511811023622046
0
LINE
8
BLACK
6
CONTINUOUS
10
7.1479724409448817
20
-4.0511811023622046
11
7.1164763779527558
21
-4.0511811023622046
0
LINE
8
BLACK
6
CONTINUOUS
10
7.1164763779527558
20
-4.0511811023622046
11
7.1145078740157475
21
-4.0492125984251963
0
LINE
8
BLACK
6
CONTINUOUS
10
7.1145078740157475
20
-4.0492125984251963
11
7.1145078740157475
21
-4.0177165354330704
0
LINE
8
BLACK
6
CONTINUOUS
10
7.1145078740157475
20
-4.0177165354330704
11
7.1164763779527558
21
-4.015748031496063
0
LINE
8
BLACK
6
CONTINUOUS
10
7.1164763779527558
20
-4.015748031496063
11
7.1479724409448817
21
-4.015748031496063
0
LINE
8
BLACK
6
CONTINUOUS
10
7.1479724409448817
20
-4.015748031496063
11
7.1486811023622048
21
-4.016456692913386
0
LINE
8
BLACK
6
CONTINUOUS
10
7.2125393700787397
20
-4.0177165354330704
11
7.2125393700787397
21
-4.0492125984251963
0
LINE
8
BLACK
6
CONTINUOUS
10
7.2125393700787397
20
-4.0492125984251963
11
7.2105708661417323
21
-4.0511811023622046
0
LINE
8
BLACK
6
CONTINUOUS
10
7.2105708661417323
20
-4.0511811023622046
11
7.1790748031496063
21
-4.0511811023622046
0
LINE
8
BLACK
6
CONTINUOUS
10
7.1790748031496063
20
-4.0511811023622046
11
7.1783661417322833
21
-4.0504724409448816
0
LINE
8
BLACK
6
CONTINUOUS
10
7.1783661417322833
20
-4.0504724409448816
11
7.1773129921259837
21
-4.0504724409448816
0
LINE
8
BLACK
6
CONTINUOUS
10
7.1773129921259837
20
-4.0504724409448816
11
7.1773129921259837
21
-4.0494192913385829
0
LINE
8
BLACK
6
CONTINUOUS
10
7.1773129921259837
20
-4.0494192913385829
11
7.177106299212598
21
-4.0492125984251963
0
LINE
8
BLACK
6
CONTINUOUS
10
7.177106299212598
20
-4.0492125984251963
11
7.177106299212598
21
-4.0396850393700783
0
LINE
8
BLACK
6
CONTINUOUS
10
7.177106299212598
20
-4.0396850393700783
11
7.1773129921259837
21
-4.0396850393700783
0
LINE
8
BLACK
6
CONTINUOUS
10
7.1773129921259837
20
-4.0396850393700783
11
7.1773129921259837
21
-4.0266929133858262
0
LINE
8
BLACK
6
CONTINUOUS
10
7.1773129921259837
20
-4.0266929133858262
11
7.177106299212598
21
-4.0266929133858262
0
LINE
8
BLACK
6
CONTINUOUS
10
7.177106299212598
20
-4.0266929133858262
11
7.177106299212598
21
-4.0177165354330704
0
LINE
8
BLACK
6
CONTINUOUS
10
7.177106299212598
20
-4.0177165354330704
11
7.1773129921259837
21
-4.0175098425196847
0
LINE
8
BLACK
6
CONTINUOUS
10
7.1773129921259837
20
-4.0175098425196847
11
7.1773129921259837
21
-4.016456692913386
0
LINE
8
BLACK
6
CONTINUOUS
10
7.1773129921259837
20
-4.016456692913386
11
7.1783661417322833
21
-4.016456692913386
0
LINE
8
BLACK
6
CONTINUOUS
10
7.1783661417322833
20
-4.016456692913386
11
7.1790748031496063
21
-4.015748031496063
0
LINE
8
BLACK
6
CONTINUOUS
10
7.1790748031496063
20
-4.015748031496063
11
7.2105708661417323
21
-4.015748031496063
0
LINE
8
BLACK
6
CONTINUOUS
10
7.2105708661417323
20
-4.015748031496063
11
7.2125393700787397
21
-4.0177165354330704
0
LINE
8
BLACK
6
CONTINUOUS
10
7.5890368110236217
20
-4.0506283464566932
11
7.55360374015748
21
-4.0506283464566932
0
LINE
8
BLACK
6
CONTINUOUS
10
7.55360374015748
20
-4.0506283464566932
11
7.55360374015748
21
-4.0191322834645664
0
LINE
8
BLACK
6
CONTINUOUS
10
7.55360374015748
20
-4.0191322834645664
11
7.5890368110236217
21
-4.0191322834645664
0
LINE
8
BLACK
6
CONTINUOUS
10
7.5890368110236217
20
-4.0191322834645664
11
7.5890368110236217
21
-4.0506283464566932
0
LINE
8
BLACK
6
CONTINUOUS
10
7.6590122047244096
20
-4.0506283464566932
11
7.6235791338582679
21
-4.0506283464566932
0
LINE
8
BLACK
6
CONTINUOUS
10
7.6235791338582679
20
-4.0506283464566932
11
7.6235791338582679
21
-4.0191322834645664
0
LINE
8
BLACK
6
CONTINUOUS
10
7.6235791338582679
20
-4.0191322834645664
11
7.6590122047244096
21
-4.0191322834645664
0
LINE
8
BLACK
6
CONTINUOUS
10
7.6590122047244096
20
-4.0191322834645664
11
7.6590122047244096
21
-4.0506283464566932
0
LINE
8
BLACK
6
CONTINUOUS
10
7.7289875984251966
20
-4.0506283464566932
11
7.6935545275590549
21
-4.0506283464566932
0
LINE
8
BLACK
6
CONTINUOUS
10
7.6935545275590549
20
-4.0506283464566932
11
7.6935545275590549
21
-4.0191322834645664
0
LINE
8
BLACK
6
CONTINUOUS
10
7.6935545275590549
20
-4.0191322834645664
11
7.7289875984251966
21
-4.0191322834645664
0
LINE
8
BLACK
6
CONTINUOUS
10
7.7289875984251966
20
-4.0191322834645664
11
7.7289875984251966
21
-4.0506283464566932
0
LINE
8
BLACK
6
CONTINUOUS
10
7.7989629921259844
20
-4.0506283464566932
11
7.7635299212598428
21
-4.0506283464566932
0
LINE
8
BLACK
6
CONTINUOUS
10
7.7635299212598428
20
-4.0506283464566932
11
7.7635299212598428
21
-4.0191322834645664
0
LINE
8
BLACK
6
CONTINUOUS
10
7.7635299212598428
20
-4.0191322834645664
11
7.7989629921259844
21
-4.0191322834645664
0
LINE
8
BLACK
6
CONTINUOUS
10
7.7989629921259844
20
-4.0191322834645664
11
7.7989629921259844
21
-4.0506283464566932
0
LINE
8
BLACK
6
CONTINUOUS
10
7.8689383858267714
20
-4.0506283464566932
11
7.8335053149606297
21
-4.0506283464566932
0
LINE
8
BLACK
6
CONTINUOUS
10
7.8335053149606297
20
-4.0506283464566932
11
7.8335053149606297
21
-4.0191322834645664
0
LINE
8
BLACK
6
CONTINUOUS
10
7.8335053149606297
20
-4.0191322834645664
11
7.8689383858267714
21
-4.0191322834645664
0
LINE
8
BLACK
6
CONTINUOUS
10
7.8689383858267714
20
-4.0191322834645664
11
7.8689383858267714
21
-4.0506283464566932
0
LINE
8
BLACK
6
CONTINUOUS
10
6.7322834645669287
20
-4.0381299212598423
11
6.7007874015748028
21
-4.0381299212598423
0
LINE
8
BLACK
6
CONTINUOUS
10
6.7007874015748028
20
-4.0381299212598423
11
6.7007874015748028
21
-4.0026968503937006
0
LINE
8
BLACK
6
CONTINUOUS
10
6.7007874015748028
20
-4.0026968503937006
11
6.7322834645669287
21
-4.0026968503937006
0
LINE
8
BLACK
6
CONTINUOUS
10
6.7322834645669287
20
-4.0026968503937006
11
6.7322834645669287
21
-4.0381299212598423
0
LINE
8
BLACK
6
CONTINUOUS
10
6.7874015748031491
20
-4.0381299212598423
11
6.7559055118110232
21
-4.0381299212598423
0
LINE
8
BLACK
6
CONTINUOUS
10
6.7559055118110232
20
-4.0381299212598423
11
6.7559055118110232
21
-4.0026968503937006
0
LINE
8
BLACK
6
CONTINUOUS
10
6.7559055118110232
20
-4.0026968503937006
11
6.7874015748031491
21
-4.0026968503937006
0
LINE
8
BLACK
6
CONTINUOUS
10
6.7874015748031491
20
-4.0026968503937006
11
6.7874015748031491
21
-4.0381299212598423
0
LINE
8
BLACK
6
CONTINUOUS
10
5.3183137007874013
20
-3.9629330708661414
11
5.3183137007874013
21
-3.9944291338582678
0
LINE
8
BLACK
6
CONTINUOUS
10
5.3183137007874013
20
-3.9944291338582678
11
5.3176050393700782
21
-3.9951377952755904
0
LINE
8
BLACK
6
CONTINUOUS
10
5.3176050393700782
20
-3.9951377952755904
11
5.3176050393700782
21
-3.9961909448818895
0
LINE
8
BLACK
6
CONTINUOUS
10
5.3176050393700782
20
-3.9961909448818895
11
5.3165518897637796
21
-3.9961909448818895
0
LINE
8
BLACK
6
CONTINUOUS
10
5.3165518897637796
20
-3.9961909448818895
11
5.3163451968503939
21
-3.9963976377952757
0
LINE
8
BLACK
6
CONTINUOUS
10
5.3163451968503939
20
-3.9963976377952757
11
5.3068176377952758
21
-3.9963976377952757
0
LINE
8
BLACK
6
CONTINUOUS
10
5.3068176377952758
20
-3.9963976377952757
11
5.3068176377952758
21
-3.9961909448818895
0
LINE
8
BLACK
6
CONTINUOUS
10
5.3068176377952758
20
-3.9961909448818895
11
5.2938255118110238
21
-3.9961909448818895
0
LINE
8
BLACK
6
CONTINUOUS
10
5.2938255118110238
20
-3.9961909448818895
11
5.2938255118110238
21
-3.9963976377952757
0
LINE
8
BLACK
6
CONTINUOUS
10
5.2938255118110238
20
-3.9963976377952757
11
5.2848491338582679
21
-3.9963976377952757
0
LINE
8
BLACK
6
CONTINUOUS
10
5.2848491338582679
20
-3.9963976377952757
11
5.2846424409448813
21
-3.9961909448818895
0
LINE
8
BLACK
6
CONTINUOUS
10
5.2846424409448813
20
-3.9961909448818895
11
5.2835892913385827
21
-3.9961909448818895
0
LINE
8
BLACK
6
CONTINUOUS
10
5.2835892913385827
20
-3.9961909448818895
11
5.2835892913385827
21
-3.9951377952755904
0
LINE
8
BLACK
6
CONTINUOUS
10
5.2835892913385827
20
-3.9951377952755904
11
5.2828806299212596
21
-3.9944291338582678
0
LINE
8
BLACK
6
CONTINUOUS
10
5.2828806299212596
20
-3.9944291338582678
11
5.2828806299212596
21
-3.9629330708661414
0
LINE
8
BLACK
6
CONTINUOUS
10
5.2828806299212596
20
-3.9629330708661414
11
5.2848491338582679
21
-3.9609645669291336
0
LINE
8
BLACK
6
CONTINUOUS
10
5.2848491338582679
20
-3.9609645669291336
11
5.3163451968503939
21
-3.9609645669291336
0
LINE
8
BLACK
6
CONTINUOUS
10
5.3163451968503939
20
-3.9609645669291336
11
5.3183137007874013
21
-3.9629330708661414
0
LINE
8
BLACK
6
CONTINUOUS
10
5.381961968503937
20
-3.9629330708661414
11
5.381961968503937
21
-3.9944291338582678
0
LINE
8
BLACK
6
CONTINUOUS
10
5.381961968503937
20
-3.9944291338582678
11
5.381253307086614
21
-3.9951377952755904
0
LINE
8
BLACK
6
CONTINUOUS
10
5.381253307086614
20
-3.9951377952755904
11
5.381253307086614
21
-3.9961909448818895
0
LINE
8
BLACK
6
CONTINUOUS
10
5.381253307086614
20
-3.9961909448818895
11
5.3802001574803144
21
-3.9961909448818895
0
LINE
8
BLACK
6
CONTINUOUS
10
5.3802001574803144
20
-3.9961909448818895
11
5.3799934645669287
21
-3.9963976377952757
0
LINE
8
BLACK
6
CONTINUOUS
10
5.3799934645669287
20
-3.9963976377952757
11
5.3704659055118107
21
-3.9963976377952757
0
LINE
8
BLACK
6
CONTINUOUS
10
5.3704659055118107
20
-3.9963976377952757
11
5.3704659055118107
21
-3.9961909448818895
0
LINE
8
BLACK
6
CONTINUOUS
10
5.3704659055118107
20
-3.9961909448818895
11
5.3574737795275587
21
-3.9961909448818895
0
LINE
8
BLACK
6
CONTINUOUS
10
5.3574737795275587
20
-3.9961909448818895
11
5.3574737795275587
21
-3.9963976377952757
0
LINE
8
BLACK
6
CONTINUOUS
10
5.3574737795275587
20
-3.9963976377952757
11
5.3484974015748028
21
-3.9963976377952757
0
LINE
8
BLACK
6
CONTINUOUS
10
5.3484974015748028
20
-3.9963976377952757
11
5.3482907086614171
21
-3.9961909448818895
0
LINE
8
BLACK
6
CONTINUOUS
10
5.3482907086614171
20
-3.9961909448818895
11
5.3472375590551176
21
-3.9961909448818895
0
LINE
8
BLACK
6
CONTINUOUS
10
5.3472375590551176
20
-3.9961909448818895
11
5.3472375590551176
21
-3.9951377952755904
0
LINE
8
BLACK
6
CONTINUOUS
10
5.3472375590551176
20
-3.9951377952755904
11
5.3465288976377954
21
-3.9944291338582678
0
LINE
8
BLACK
6
CONTINUOUS
10
5.3465288976377954
20
-3.9944291338582678
11
5.3465288976377954
21
-3.9629330708661414
0
LINE
8
BLACK
6
CONTINUOUS
10
5.3465288976377954
20
-3.9629330708661414
11
5.3484974015748028
21
-3.9609645669291336
0
LINE
8
BLACK
6
CONTINUOUS
10
5.3484974015748028
20
-3.9609645669291336
11
5.3799934645669287
21
-3.9609645669291336
0
LINE
8
BLACK
6
CONTINUOUS
10
5.3799934645669287
20
-3.9609645669291336
11
5.381961968503937
21
-3.9629330708661414
0
LINE
8
BLACK
6
CONTINUOUS
10
5.4456102362204719
20
-3.9629330708661414
11
5.4456102362204719
21
-3.9944291338582678
0
LINE
8
BLACK
6
CONTINUOUS
10
5.4456102362204719
20
-3.9944291338582678
11
5.4449015748031497
21
-3.9951377952755904
0
LINE
8
BLACK
6
CONTINUOUS
10
5.4449015748031497
20
-3.9951377952755904
11
5.4449015748031497
21
-3.9961909448818895
0
LINE
8
BLACK
6
CONTINUOUS
10
5.4449015748031497
20
-3.9961909448818895
11
5.4438484251968502
21
-3.9961909448818895
0
LINE
8
BLACK
6
CONTINUOUS
10
5.4438484251968502
20
-3.9961909448818895
11
5.4436417322834645
21
-3.9963976377952757
0
LINE
8
BLACK
6
CONTINUOUS
10
5.4436417322834645
20
-3.9963976377952757
11
5.4341141732283464
21
-3.9963976377952757
0
LINE
8
BLACK
6
CONTINUOUS
10
5.4341141732283464
20
-3.9963976377952757
11
5.4341141732283464
21
-3.9961909448818895
0
LINE
8
BLACK
6
CONTINUOUS
10
5.4341141732283464
20
-3.9961909448818895
11
5.4211220472440944
21
-3.9961909448818895
0
LINE
8
BLACK
6
CONTINUOUS
10
5.4211220472440944
20
-3.9961909448818895
11
5.4211220472440944
21
-3.9963976377952757
0
LINE
8
BLACK
6
CONTINUOUS
10
5.4211220472440944
20
-3.9963976377952757
11
5.4121456692913386
21
-3.9963976377952757
0
LINE
8
BLACK
6
CONTINUOUS
10
5.4121456692913386
20
-3.9963976377952757
11
5.4119389763779528
21
-3.9961909448818895
0
LINE
8
BLACK
6
CONTINUOUS
10
5.4119389763779528
20
-3.9961909448818895
11
5.4108858267716533
21
-3.9961909448818895
0
LINE
8
BLACK
6
CONTINUOUS
10
5.4108858267716533
20
-3.9961909448818895
11
5.4108858267716533
21
-3.9951377952755904
0
LINE
8
BLACK
6
CONTINUOUS
10
5.4108858267716533
20
-3.9951377952755904
11
5.4101771653543302
21
-3.9944291338582678
0
LINE
8
BLACK
6
CONTINUOUS
10
5.4101771653543302
20
-3.9944291338582678
11
5.4101771653543302
21
-3.9629330708661414
0
LINE
8
BLACK
6
CONTINUOUS
10
5.4101771653543302
20
-3.9629330708661414
11
5.4121456692913386
21
-3.9609645669291336
0
LINE
8
BLACK
6
CONTINUOUS
10
5.4121456692913386
20
-3.9609645669291336
11
5.4436417322834645
21
-3.9609645669291336
0
LINE
8
BLACK
6
CONTINUOUS
10
5.4436417322834645
20
-3.9609645669291336
11
5.4456102362204719
21
-3.9629330708661414
0
LINE
8
BLACK
6
CONTINUOUS
10
5.5092585826771652
20
-3.9629330708661414
11
5.5092585826771652
21
-3.9944291338582678
0
LINE
8
BLACK
6
CONTINUOUS
10
5.5092585826771652
20
-3.9944291338582678
11
5.5085499212598421
21
-3.9951377952755904
0
LINE
8
BLACK
6
CONTINUOUS
10
5.5085499212598421
20
-3.9951377952755904
11
5.5085499212598421
21
-3.9961909448818895
0
LINE
8
BLACK
6
CONTINUOUS
10
5.5085499212598421
20
-3.9961909448818895
11
5.5074967716535435
21
-3.9961909448818895
0
LINE
8
BLACK
6
CONTINUOUS
10
5.5074967716535435
20
-3.9961909448818895
11
5.5072900787401577
21
-3.9963976377952757
0
LINE
8
BLACK
6
CONTINUOUS
10
5.5072900787401577
20
-3.9963976377952757
11
5.4977625196850388
21
-3.9963976377952757
0
LINE
8
BLACK
6
CONTINUOUS
10
5.4977625196850388
20
-3.9963976377952757
11
5.4977625196850388
21
-3.9961909448818895
0
LINE
8
BLACK
6
CONTINUOUS
10
5.4977625196850388
20
-3.9961909448818895
11
5.4847703937007877
21
-3.9961909448818895
0
LINE
8
BLACK
6
CONTINUOUS
10
5.4847703937007877
20
-3.9961909448818895
11
5.4847703937007877
21
-3.9963976377952757
0
LINE
8
BLACK
6
CONTINUOUS
10
5.4847703937007877
20
-3.9963976377952757
11
5.4757940157480309
21
-3.9963976377952757
0
LINE
8
BLACK
6
CONTINUOUS
10
5.4757940157480309
20
-3.9963976377952757
11
5.4755873228346452
21
-3.9961909448818895
0
LINE
8
BLACK
6
CONTINUOUS
10
5.4755873228346452
20
-3.9961909448818895
11
5.4745341732283466
21
-3.9961909448818895
0
LINE
8
BLACK
6
CONTINUOUS
10
5.4745341732283466
20
-3.9961909448818895
11
5.4745341732283466
21
-3.9951377952755904
0
LINE
8
BLACK
6
CONTINUOUS
10
5.4745341732283466
20
-3.9951377952755904
11
5.4738255118110235
21
-3.9944291338582678
0
LINE
8
BLACK
6
CONTINUOUS
10
5.4738255118110235
20
-3.9944291338582678
11
5.4738255118110235
21
-3.9629330708661414
0
LINE
8
BLACK
6
CONTINUOUS
10
5.4738255118110235
20
-3.9629330708661414
11
5.4757940157480309
21
-3.9609645669291336
0
LINE
8
BLACK
6
CONTINUOUS
10
5.4757940157480309
20
-3.9609645669291336
11
5.5072900787401577
21
-3.9609645669291336
0
LINE
8
BLACK
6
CONTINUOUS
10
5.5072900787401577
20
-3.9609645669291336
11
5.5092585826771652
21
-3.9629330708661414
0
LINE
8
BLACK
6
CONTINUOUS
10
7.5890368110236217
20
-3.9955102362204724
11
7.55360374015748
21
-3.9955102362204724
0
LINE
8
BLACK
6
CONTINUOUS
10
7.55360374015748
20
-3.9955102362204724
11
7.55360374015748
21
-3.9640141732283465
0
LINE
8
BLACK
6
CONTINUOUS
10
7.55360374015748
20
-3.9640141732283465
11
7.5890368110236217
21
-3.9640141732283465
0
LINE
8
BLACK
6
CONTINUOUS
10
7.5890368110236217
20
-3.9640141732283465
11
7.5890368110236217
21
-3.9955102362204724
0
LINE
8
BLACK
6
CONTINUOUS
10
7.6590122047244096
20
-3.9955102362204724
11
7.6235791338582679
21
-3.9955102362204724
0
LINE
8
BLACK
6
CONTINUOUS
10
7.6235791338582679
20
-3.9955102362204724
11
7.6235791338582679
21
-3.9640141732283465
0
LINE
8
BLACK
6
CONTINUOUS
10
7.6235791338582679
20
-3.9640141732283465
11
7.6590122047244096
21
-3.9640141732283465
0
LINE
8
BLACK
6
CONTINUOUS
10
7.6590122047244096
20
-3.9640141732283465
11
7.6590122047244096
21
-3.9955102362204724
0
LINE
8
BLACK
6
CONTINUOUS
10
7.7289875984251966
20
-3.9955102362204724
11
7.6935545275590549
21
-3.9955102362204724
0
LINE
8
BLACK
6
CONTINUOUS
10
7.6935545275590549
20
-3.9955102362204724
11
7.6935545275590549
21
-3.9640141732283465
0
LINE
8
BLACK
6
CONTINUOUS
10
7.6935545275590549
20
-3.9640141732283465
11
7.7289875984251966
21
-3.9640141732283465
0
LINE
8
BLACK
6
CONTINUOUS
10
7.7289875984251966
20
-3.9640141732283465
11
7.7289875984251966
21
-3.9955102362204724
0
LINE
8
BLACK
6
CONTINUOUS
10
7.7989629921259844
20
-3.9955102362204724
11
7.7635299212598428
21
-3.9955102362204724
0
LINE
8
BLACK
6
CONTINUOUS
10
7.7635299212598428
20
-3.9955102362204724
11
7.7635299212598428
21
-3.9640141732283465
0
LINE
8
BLACK
6
CONTINUOUS
10
7.7635299212598428
20
-3.9640141732283465
11
7.7989629921259844
21
-3.9640141732283465
0
LINE
8
BLACK
6
CONTINUOUS
10
7.7989629921259844
20
-3.9640141732283465
11
7.7989629921259844
21
-3.9955102362204724
0
LINE
8
BLACK
6
CONTINUOUS
10
7.8689383858267714
20
-3.9955102362204724
11
7.8335053149606297
21
-3.9955102362204724
0
LINE
8
BLACK
6
CONTINUOUS
10
7.8335053149606297
20
-3.9955102362204724
11
7.8335053149606297
21
-3.9640141732283465
0
LINE
8
BLACK
6
CONTINUOUS
10
7.8335053149606297
20
-3.9640141732283465
11
7.8689383858267714
21
-3.9640141732283465
0
LINE
8
BLACK
6
CONTINUOUS
10
7.8689383858267714
20
-3.9640141732283465
11
7.8689383858267714
21
-3.9955102362204724
0
LINE
8
BLACK
6
CONTINUOUS
10
5.5883858267716535
20
-3.9600343307086612
11
5.5894389763779531
21
-3.9600343307086612
0
LINE
8
BLACK
6
CONTINUOUS
10
5.5894389763779531
20
-3.9600343307086612
11
5.5894389763779531
21
-3.9610874803149607
0
LINE
8
BLACK
6
CONTINUOUS
10
5.5894389763779531
20
-3.9610874803149607
11
5.5896456692913388
21
-3.9612941732283464
0
LINE
8
BLACK
6
CONTINUOUS
10
5.5896456692913388
20
-3.9612941732283464
11
5.5896456692913388
21
-3.9708217322834645
0
LINE
8
BLACK
6
CONTINUOUS
10
5.5896456692913388
20
-3.9708217322834645
11
5.5894389763779531
21
-3.9708217322834645
0
LINE
8
BLACK
6
CONTINUOUS
10
5.5894389763779531
20
-3.9708217322834645
11
5.5894389763779531
21
-3.9838138582677165
0
LINE
8
BLACK
6
CONTINUOUS
10
5.5894389763779531
20
-3.9838138582677165
11
5.5896456692913388
21
-3.9838138582677165
0
LINE
8
BLACK
6
CONTINUOUS
10
5.5896456692913388
20
-3.9838138582677165
11
5.5896456692913388
21
-3.9927902362204724
0
LINE
8
BLACK
6
CONTINUOUS
10
5.5896456692913388
20
-3.9927902362204724
11
5.5894389763779531
21
-3.9929969291338581
0
LINE
8
BLACK
6
CONTINUOUS
10
5.5894389763779531
20
-3.9929969291338581
11
5.5894389763779531
21
-3.9940500787401576
0
LINE
8
BLACK
6
CONTINUOUS
10
5.5894389763779531
20
-3.9940500787401576
11
5.5883858267716535
21
-3.9940500787401576
0
LINE
8
BLACK
6
CONTINUOUS
10
5.5883858267716535
20
-3.9940500787401576
11
5.5876771653543305
21
-3.9947587401574802
0
LINE
8
BLACK
6
CONTINUOUS
10
5.5876771653543305
20
-3.9947587401574802
11
5.5561811023622045
21
-3.9947587401574802
0
LINE
8
BLACK
6
CONTINUOUS
10
5.5561811023622045
20
-3.9947587401574802
11
5.5542125984251971
21
-3.9927902362204724
0
LINE
8
BLACK
6
CONTINUOUS
10
5.5542125984251971
20
-3.9927902362204724
11
5.5542125984251971
21
-3.9612941732283464
0
LINE
8
BLACK
6
CONTINUOUS
10
5.5542125984251971
20
-3.9612941732283464
11
5.5561811023622045
21
-3.9593256692913386
0
LINE
8
BLACK
6
CONTINUOUS
10
5.5561811023622045
20
-3.9593256692913386
11
5.5876771653543305
21
-3.9593256692913386
0
LINE
8
BLACK
6
CONTINUOUS
10
5.5876771653543305
20
-3.9593256692913386
11
5.5883858267716535
21
-3.9600343307086612
0
LINE
8
BLACK
6
CONTINUOUS
10
5.6522440944881884
20
-3.9612941732283464
11
5.6522440944881884
21
-3.9927902362204724
0
LINE
8
BLACK
6
CONTINUOUS
10
5.6522440944881884
20
-3.9927902362204724
11
5.650275590551181
21
-3.9947587401574802
0
LINE
8
BLACK
6
CONTINUOUS
10
5.650275590551181
20
-3.9947587401574802
11
5.6187795275590551
21
-3.9947587401574802
0
LINE
8
BLACK
6
CONTINUOUS
10
5.6187795275590551
20
-3.9947587401574802
11
5.618070866141732
21
-3.9940500787401576
0
LINE
8
BLACK
6
CONTINUOUS
10
5.618070866141732
20
-3.9940500787401576
11
5.6170177165354334
21
-3.9940500787401576
0
LINE
8
BLACK
6
CONTINUOUS
10
5.6170177165354334
20
-3.9940500787401576
11
5.6170177165354334
21
-3.9929969291338581
0
LINE
8
BLACK
6
CONTINUOUS
10
5.6170177165354334
20
-3.9929969291338581
11
5.6168110236220468
21
-3.9927902362204724
0
LINE
8
BLACK
6
CONTINUOUS
10
5.6168110236220468
20
-3.9927902362204724
11
5.6168110236220468
21
-3.9832626771653543
0
LINE
8
BLACK
6
CONTINUOUS
10
5.6168110236220468
20
-3.9832626771653543
11
5.6170177165354334
21
-3.9832626771653543
0
LINE
8
BLACK
6
CONTINUOUS
10
5.6170177165354334
20
-3.9832626771653543
11
5.6170177165354334
21
-3.9702705511811023
0
LINE
8
BLACK
6
CONTINUOUS
10
5.6170177165354334
20
-3.9702705511811023
11
5.6168110236220468
21
-3.9702705511811023
0
LINE
8
BLACK
6
CONTINUOUS
10
5.6168110236220468
20
-3.9702705511811023
11
5.6168110236220468
21
-3.9612941732283464
0
LINE
8
BLACK
6
CONTINUOUS
10
5.6168110236220468
20
-3.9612941732283464
11
5.6170177165354334
21
-3.9610874803149607
0
LINE
8
BLACK
6
CONTINUOUS
10
5.6170177165354334
20
-3.9610874803149607
11
5.6170177165354334
21
-3.9600343307086612
0
LINE
8
BLACK
6
CONTINUOUS
10
5.6170177165354334
20
-3.9600343307086612
11
5.618070866141732
21
-3.9600343307086612
0
LINE
8
BLACK
6
CONTINUOUS
10
5.618070866141732
20
-3.9600343307086612
11
5.6187795275590551
21
-3.9593256692913386
0
LINE
8
BLACK
6
CONTINUOUS
10
5.6187795275590551
20
-3.9593256692913386
11
5.650275590551181
21
-3.9593256692913386
0
LINE
8
BLACK
6
CONTINUOUS
10
5.650275590551181
20
-3.9593256692913386
11
5.6522440944881884
21
-3.9612941732283464
0
LINE
8
BLACK
6
CONTINUOUS
10
6.0842651181102365
20
-3.960531496062992
11
6.0842651181102365
21
-3.992027559055118
0
LINE
8
BLACK
6
CONTINUOUS
10
6.0842651181102365
20
-3.992027559055118
11
6.0835564566929135
21
-3.992736220472441
0
LINE
8
BLACK
6
CONTINUOUS
10
6.0835564566929135
20
-3.992736220472441
11
6.0835564566929135
21
-3.9937893700787401
0
LINE
8
BLACK
6
CONTINUOUS
10
6.0835564566929135
20
-3.9937893700787401
11
6.0825033070866139
21
-3.9937893700787401
0
LINE
8
BLACK
6
CONTINUOUS
10
6.0825033070866139
20
-3.9937893700787401
11
6.0822966141732282
21
-3.9939960629921258
0
LINE
8
BLACK
6
CONTINUOUS
10
6.0822966141732282
20
-3.9939960629921258
11
6.0727690551181102
21
-3.9939960629921258
0
LINE
8
BLACK
6
CONTINUOUS
10
6.0727690551181102
20
-3.9939960629921258
11
6.0727690551181102
21
-3.9937893700787401
0
LINE
8
BLACK
6
CONTINUOUS
10
6.0727690551181102
20
-3.9937893700787401
11
6.0597769291338581
21
-3.9937893700787401
0
LINE
8
BLACK
6
CONTINUOUS
10
6.0597769291338581
20
-3.9937893700787401
11
6.0597769291338581
21
-3.9939960629921258
0
LINE
8
BLACK
6
CONTINUOUS
10
6.0597769291338581
20
-3.9939960629921258
11
6.0508005511811023
21
-3.9939960629921258
0
LINE
8
BLACK
6
CONTINUOUS
10
6.0508005511811023
20
-3.9939960629921258
11
6.0505938582677166
21
-3.9937893700787401
0
LINE
8
BLACK
6
CONTINUOUS
10
6.0505938582677166
20
-3.9937893700787401
11
6.049540708661417
21
-3.9937893700787401
0
LINE
8
BLACK
6
CONTINUOUS
10
6.049540708661417
20
-3.9937893700787401
11
6.049540708661417
21
-3.992736220472441
0
LINE
8
BLACK
6
CONTINUOUS
10
6.049540708661417
20
-3.992736220472441
11
6.048832047244094
21
-3.992027559055118
0
LINE
8
BLACK
6
CONTINUOUS
10
6.048832047244094
20
-3.992027559055118
11
6.048832047244094
21
-3.960531496062992
0
LINE
8
BLACK
6
CONTINUOUS
10
6.048832047244094
20
-3.960531496062992
11
6.0508005511811023
21
-3.9585629921259842
0
LINE
8
BLACK
6
CONTINUOUS
10
6.0508005511811023
20
-3.9585629921259842
11
6.0822966141732282
21
-3.9585629921259842
0
LINE
8
BLACK
6
CONTINUOUS
10
6.0822966141732282
20
-3.9585629921259842
11
6.0842651181102365
21
-3.960531496062992
0
LINE
8
BLACK
6
CONTINUOUS
10
6.1498818897637797
20
-3.960531496062992
11
6.1498818897637797
21
-3.992027559055118
0
LINE
8
BLACK
6
CONTINUOUS
10
6.1498818897637797
20
-3.992027559055118
11
6.1491732283464566
21
-3.992736220472441
0
LINE
8
BLACK
6
CONTINUOUS
10
6.1491732283464566
20
-3.992736220472441
11
6.1491732283464566
21
-3.9937893700787401
0
LINE
8
BLACK
6
CONTINUOUS
10
6.1491732283464566
20
-3.9937893700787401
11
6.1481200787401571
21
-3.9937893700787401
0
LINE
8
BLACK
6
CONTINUOUS
10
6.1481200787401571
20
-3.9937893700787401
11
6.1479133858267714
21
-3.9939960629921258
0
LINE
8
BLACK
6
CONTINUOUS
10
6.1479133858267714
20
-3.9939960629921258
11
6.1383858267716533
21
-3.9939960629921258
0
LINE
8
BLACK
6
CONTINUOUS
10
6.1383858267716533
20
-3.9939960629921258
11
6.1383858267716533
21
-3.9937893700787401
0
LINE
8
BLACK
6
CONTINUOUS
10
6.1383858267716533
20
-3.9937893700787401
11
6.1253937007874013
21
-3.9937893700787401
0
LINE
8
BLACK
6
CONTINUOUS
10
6.1253937007874013
20
-3.9937893700787401
11
6.1253937007874013
21
-3.9939960629921258
0
LINE
8
BLACK
6
CONTINUOUS
10
6.1253937007874013
20
-3.9939960629921258
11
6.1164173228346455
21
-3.9939960629921258
0
LINE
8
BLACK
6
CONTINUOUS
10
6.1164173228346455
20
-3.9939960629921258
11
6.1162106299212597
21
-3.9937893700787401
0
LINE
8
BLACK
6
CONTINUOUS
10
6.1162106299212597
20
-3.9937893700787401
11
6.1151574803149602
21
-3.9937893700787401
0
LINE
8
BLACK
6
CONTINUOUS
10
6.1151574803149602
20
-3.9937893700787401
11
6.1151574803149602
21
-3.992736220472441
0
LINE
8
BLACK
6
CONTINUOUS
10
6.1151574803149602
20
-3.992736220472441
11
6.114448818897638
21
-3.992027559055118
0
LINE
8
BLACK
6
CONTINUOUS
10
6.114448818897638
20
-3.992027559055118
11
6.114448818897638
21
-3.960531496062992
0
LINE
8
BLACK
6
CONTINUOUS
10
6.114448818897638
20
-3.960531496062992
11
6.1164173228346455
21
-3.9585629921259842
0
LINE
8
BLACK
6
CONTINUOUS
10
6.1164173228346455
20
-3.9585629921259842
11
6.1479133858267714
21
-3.9585629921259842
0
LINE
8
BLACK
6
CONTINUOUS
10
6.1479133858267714
20
-3.9585629921259842
11
6.1498818897637797
21
-3.960531496062992
0
LINE
8
BLACK
6
CONTINUOUS
10
6.2154986614173229
20
-3.960531496062992
11
6.2154986614173229
21
-3.992027559055118
0
LINE
8
BLACK
6
CONTINUOUS
10
6.2154986614173229
20
-3.992027559055118
11
6.2147899999999998
21
-3.992736220472441
0
LINE
8
BLACK
6
CONTINUOUS
10
6.2147899999999998
20
-3.992736220472441
11
6.2147899999999998
21
-3.9937893700787401
0
LINE
8
BLACK
6
CONTINUOUS
10
6.2147899999999998
20
-3.9937893700787401
11
6.2137368503937003
21
-3.9937893700787401
0
LINE
8
BLACK
6
CONTINUOUS
10
6.2137368503937003
20
-3.9937893700787401
11
6.2135301574803146
21
-3.9939960629921258
0
LINE
8
BLACK
6
CONTINUOUS
10
6.2135301574803146
20
-3.9939960629921258
11
6.2040025984251965
21
-3.9939960629921258
0
LINE
8
BLACK
6
CONTINUOUS
10
6.2040025984251965
20
-3.9939960629921258
11
6.2040025984251965
21
-3.9937893700787401
0
LINE
8
BLACK
6
CONTINUOUS
10
6.2040025984251965
20
-3.9937893700787401
11
6.1910104724409445
21
-3.9937893700787401
0
LINE
8
BLACK
6
CONTINUOUS
10
6.1910104724409445
20
-3.9937893700787401
11
6.1910104724409445
21
-3.9939960629921258
0
LINE
8
BLACK
6
CONTINUOUS
10
6.1910104724409445
20
-3.9939960629921258
11
6.1820340944881886
21
-3.9939960629921258
0
LINE
8
BLACK
6
CONTINUOUS
10
6.1820340944881886
20
-3.9939960629921258
11
6.1818274015748029
21
-3.9937893700787401
0
LINE
8
BLACK
6
CONTINUOUS
10
6.1818274015748029
20
-3.9937893700787401
11
6.1807742519685034
21
-3.9937893700787401
0
LINE
8
BLACK
6
CONTINUOUS
10
6.1807742519685034
20
-3.9937893700787401
11
6.1807742519685034
21
-3.992736220472441
0
LINE
8
BLACK
6
CONTINUOUS
10
6.1807742519685034
20
-3.992736220472441
11
6.1800655905511812
21
-3.992027559055118
0
LINE
8
BLACK
6
CONTINUOUS
10
6.1800655905511812
20
-3.992027559055118
11
6.1800655905511812
21
-3.960531496062992
0
LINE
8
BLACK
6
CONTINUOUS
10
6.1800655905511812
20
-3.960531496062992
11
6.1820340944881886
21
-3.9585629921259842
0
LINE
8
BLACK
6
CONTINUOUS
10
6.1820340944881886
20
-3.9585629921259842
11
6.2135301574803146
21
-3.9585629921259842
0
LINE
8
BLACK
6
CONTINUOUS
10
6.2135301574803146
20
-3.9585629921259842
11
6.2154986614173229
21
-3.960531496062992
0
LINE
8
BLACK
6
CONTINUOUS
10
6.2811155118110236
20
-3.960531496062992
11
6.2811155118110236
21
-3.992027559055118
0
LINE
8
BLACK
6
CONTINUOUS
10
6.2811155118110236
20
-3.992027559055118
11
6.2804068503937005
21
-3.992736220472441
0
LINE
8
BLACK
6
CONTINUOUS
10
6.2804068503937005
20
-3.992736220472441
11
6.2804068503937005
21
-3.9937893700787401
0
LINE
8
BLACK
6
CONTINUOUS
10
6.2804068503937005
20
-3.9937893700787401
11
6.2793537007874018
21
-3.9937893700787401
0
LINE
8
BLACK
6
CONTINUOUS
10
6.2793537007874018
20
-3.9937893700787401
11
6.2791470078740153
21
-3.9939960629921258
0
LINE
8
BLACK
6
CONTINUOUS
10
6.2791470078740153
20
-3.9939960629921258
11
6.2696194488188972
21
-3.9939960629921258
0
LINE
8
BLACK
6
CONTINUOUS
10
6.2696194488188972
20
-3.9939960629921258
11
6.2696194488188972
21
-3.9937893700787401
0
LINE
8
BLACK
6
CONTINUOUS
10
6.2696194488188972
20
-3.9937893700787401
11
6.2566273228346452
21
-3.9937893700787401
0
LINE
8
BLACK
6
CONTINUOUS
10
6.2566273228346452
20
-3.9937893700787401
11
6.2566273228346452
21
-3.9939960629921258
0
LINE
8
BLACK
6
CONTINUOUS
10
6.2566273228346452
20
-3.9939960629921258
11
6.2476509448818893
21
-3.9939960629921258
0
LINE
8
BLACK
6
CONTINUOUS
10
6.2476509448818893
20
-3.9939960629921258
11
6.2474442519685036
21
-3.9937893700787401
0
LINE
8
BLACK
6
CONTINUOUS
10
6.2474442519685036
20
-3.9937893700787401
11
6.246391102362205
21
-3.9937893700787401
0
LINE
8
BLACK
6
CONTINUOUS
10
6.246391102362205
20
-3.9937893700787401
11
6.246391102362205
21
-3.992736220472441
0
LINE
8
BLACK
6
CONTINUOUS
10
6.246391102362205
20
-3.992736220472441
11
6.2456824409448819
21
-3.992027559055118
0
LINE
8
BLACK
6
CONTINUOUS
10
6.2456824409448819
20
-3.992027559055118
11
6.2456824409448819
21
-3.960531496062992
0
LINE
8
BLACK
6
CONTINUOUS
10
6.2456824409448819
20
-3.960531496062992
11
6.2476509448818893
21
-3.9585629921259842
0
LINE
8
BLACK
6
CONTINUOUS
10
6.2476509448818893
20
-3.9585629921259842
11
6.2791470078740153
21
-3.9585629921259842
0
LINE
8
BLACK
6
CONTINUOUS
10
6.2791470078740153
20
-3.9585629921259842
11
6.2811155118110236
21
-3.960531496062992
0
LINE
8
BLACK
6
CONTINUOUS
10
6.3576181102362206
20
-3.9589370078740158
11
6.3586712598425192
21
-3.9589370078740158
0
LINE
8
BLACK
6
CONTINUOUS
10
6.3586712598425192
20
-3.9589370078740158
11
6.3586712598425192
21
-3.9599901574803149
0
LINE
8
BLACK
6
CONTINUOUS
10
6.3586712598425192
20
-3.9599901574803149
11
6.3588779527559049
21
-3.9601968503937006
0
LINE
8
BLACK
6
CONTINUOUS
10
6.3588779527559049
20
-3.9601968503937006
11
6.3588779527559049
21
-3.9697244094488187
0
LINE
8
BLACK
6
CONTINUOUS
10
6.3588779527559049
20
-3.9697244094488187
11
6.3586712598425192
21
-3.9697244094488187
0
LINE
8
BLACK
6
CONTINUOUS
10
6.3586712598425192
20
-3.9697244094488187
11
6.3586712598425192
21
-3.9827165354330707
0
LINE
8
BLACK
6
CONTINUOUS
10
6.3586712598425192
20
-3.9827165354330707
11
6.3588779527559049
21
-3.9827165354330707
0
LINE
8
BLACK
6
CONTINUOUS
10
6.3588779527559049
20
-3.9827165354330707
11
6.3588779527559049
21
-3.9916929133858265
0
LINE
8
BLACK
6
CONTINUOUS
10
6.3588779527559049
20
-3.9916929133858265
11
6.3586712598425192
21
-3.9918996062992127
0
LINE
8
BLACK
6
CONTINUOUS
10
6.3586712598425192
20
-3.9918996062992127
11
6.3586712598425192
21
-3.9929527559055118
0
LINE
8
BLACK
6
CONTINUOUS
10
6.3586712598425192
20
-3.9929527559055118
11
6.3576181102362206
21
-3.9929527559055118
0
LINE
8
BLACK
6
CONTINUOUS
10
6.3576181102362206
20
-3.9929527559055118
11
6.3569094488188975
21
-3.9936614173228344
0
LINE
8
BLACK
6
CONTINUOUS
10
6.3569094488188975
20
-3.9936614173228344
11
6.3254133858267716
21
-3.9936614173228344
0
LINE
8
BLACK
6
CONTINUOUS
10
6.3254133858267716
20
-3.9936614173228344
11
6.3234448818897633
21
-3.9916929133858265
0
LINE
8
BLACK
6
CONTINUOUS
10
6.3234448818897633
20
-3.9916929133858265
11
6.3234448818897633
21
-3.9601968503937006
0
LINE
8
BLACK
6
CONTINUOUS
10
6.3234448818897633
20
-3.9601968503937006
11
6.3254133858267716
21
-3.9582283464566927
0
LINE
8
BLACK
6
CONTINUOUS
10
6.3254133858267716
20
-3.9582283464566927
11
6.3569094488188975
21
-3.9582283464566927
0
LINE
8
BLACK
6
CONTINUOUS
10
6.3569094488188975
20
-3.9582283464566927
11
6.3576181102362206
21
-3.9589370078740158
0
LINE
8
BLACK
6
CONTINUOUS
10
6.4214763779527555
20
-3.9601968503937006
11
6.4214763779527555
21
-3.9916929133858265
0
LINE
8
BLACK
6
CONTINUOUS
10
6.4214763779527555
20
-3.9916929133858265
11
6.4195078740157481
21
-3.9936614173228344
0
LINE
8
BLACK
6
CONTINUOUS
10
6.4195078740157481
20
-3.9936614173228344
11
6.3880118110236221
21
-3.9936614173228344
0
LINE
8
BLACK
6
CONTINUOUS
10
6.3880118110236221
20
-3.9936614173228344
11
6.3873031496062991
21
-3.9929527559055118
0
LINE
8
BLACK
6
CONTINUOUS
10
6.3873031496062991
20
-3.9929527559055118
11
6.3862499999999995
21
-3.9929527559055118
0
LINE
8
BLACK
6
CONTINUOUS
10
6.3862499999999995
20
-3.9929527559055118
11
6.3862499999999995
21
-3.9918996062992127
0
LINE
8
BLACK
6
CONTINUOUS
10
6.3862499999999995
20
-3.9918996062992127
11
6.3860433070866138
21
-3.9916929133858265
0
LINE
8
BLACK
6
CONTINUOUS
10
6.3860433070866138
20
-3.9916929133858265
11
6.3860433070866138
21
-3.9821653543307085
0
LINE
8
BLACK
6
CONTINUOUS
10
6.3860433070866138
20
-3.9821653543307085
11
6.3862499999999995
21
-3.9821653543307085
0
LINE
8
BLACK
6
CONTINUOUS
10
6.3862499999999995
20
-3.9821653543307085
11
6.3862499999999995
21
-3.9691732283464565
0
LINE
8
BLACK
6
CONTINUOUS
10
6.3862499999999995
20
-3.9691732283464565
11
6.3860433070866138
21
-3.9691732283464565
0
LINE
8
BLACK
6
CONTINUOUS
10
6.3860433070866138
20
-3.9691732283464565
11
6.3860433070866138
21
-3.9601968503937006
0
LINE
8
BLACK
6
CONTINUOUS
10
6.3860433070866138
20
-3.9601968503937006
11
6.3862499999999995
21
-3.9599901574803149
0
LINE
8
BLACK
6
CONTINUOUS
10
6.3862499999999995
20
-3.9599901574803149
11
6.3862499999999995
21
-3.9589370078740158
0
LINE
8
BLACK
6
CONTINUOUS
10
6.3862499999999995
20
-3.9589370078740158
11
6.3873031496062991
21
-3.9589370078740158
0
LINE
8
BLACK
6
CONTINUOUS
10
6.3873031496062991
20
-3.9589370078740158
11
6.3880118110236221
21
-3.9582283464566927
0
LINE
8
BLACK
6
CONTINUOUS
10
6.3880118110236221
20
-3.9582283464566927
11
6.4195078740157481
21
-3.9582283464566927
0
LINE
8
BLACK
6
CONTINUOUS
10
6.4195078740157481
20
-3.9582283464566927
11
6.4214763779527555
21
-3.9601968503937006
0
LINE
8
BLACK
6
CONTINUOUS
10
6.877952755905512
20
-3.9576181102362202
11
6.877952755905512
21
-3.9891141732283462
0
LINE
8
BLACK
6
CONTINUOUS
10
6.877952755905512
20
-3.9891141732283462
11
6.877244094488189
21
-3.9898228346456692
0
LINE
8
BLACK
6
CONTINUOUS
10
6.877244094488189
20
-3.9898228346456692
11
6.877244094488189
21
-3.9908759842519683
0
LINE
8
BLACK
6
CONTINUOUS
10
6.877244094488189
20
-3.9908759842519683
11
6.8761909448818894
21
-3.9908759842519683
0
LINE
8
BLACK
6
CONTINUOUS
10
6.8761909448818894
20
-3.9908759842519683
11
6.8759842519685037
21
-3.991082677165354
0
LINE
8
BLACK
6
CONTINUOUS
10
6.8759842519685037
20
-3.991082677165354
11
6.8664566929133857
21
-3.991082677165354
0
LINE
8
BLACK
6
CONTINUOUS
10
6.8664566929133857
20
-3.991082677165354
11
6.8664566929133857
21
-3.9908759842519683
0
LINE
8
BLACK
6
CONTINUOUS
10
6.8664566929133857
20
-3.9908759842519683
11
6.8534645669291336
21
-3.9908759842519683
0
LINE
8
BLACK
6
CONTINUOUS
10
6.8534645669291336
20
-3.9908759842519683
11
6.8534645669291336
21
-3.991082677165354
0
LINE
8
BLACK
6
CONTINUOUS
10
6.8534645669291336
20
-3.991082677165354
11
6.8444881889763778
21
-3.991082677165354
0
LINE
8
BLACK
6
CONTINUOUS
10
6.8444881889763778
20
-3.991082677165354
11
6.8442814960629921
21
-3.9908759842519683
0
LINE
8
BLACK
6
CONTINUOUS
10
6.8442814960629921
20
-3.9908759842519683
11
6.8432283464566925
21
-3.9908759842519683
0
LINE
8
BLACK
6
CONTINUOUS
10
6.8432283464566925
20
-3.9908759842519683
11
6.8432283464566925
21
-3.9898228346456692
0
LINE
8
BLACK
6
CONTINUOUS
10
6.8432283464566925
20
-3.9898228346456692
11
6.8425196850393704
21
-3.9891141732283462
0
LINE
8
BLACK
6
CONTINUOUS
10
6.8425196850393704
20
-3.9891141732283462
11
6.8425196850393704
21
-3.9576181102362202
0
LINE
8
BLACK
6
CONTINUOUS
10
6.8425196850393704
20
-3.9576181102362202
11
6.8444881889763778
21
-3.9556496062992124
0
LINE
8
BLACK
6
CONTINUOUS
10
6.8444881889763778
20
-3.9556496062992124
11
6.8759842519685037
21
-3.9556496062992124
0
LINE
8
BLACK
6
CONTINUOUS
10
6.8759842519685037
20
-3.9556496062992124
11
6.877952755905512
21
-3.9576181102362202
0
LINE
8
BLACK
6
CONTINUOUS
10
6.9422572047244095
20
-3.9576181102362202
11
6.9422572047244095
21
-3.9891141732283462
0
LINE
8
BLACK
6
CONTINUOUS
10
6.9422572047244095
20
-3.9891141732283462
11
6.9415485433070865
21
-3.9898228346456692
0
LINE
8
BLACK
6
CONTINUOUS
10
6.9415485433070865
20
-3.9898228346456692
11
6.9415485433070865
21
-3.9908759842519683
0
LINE
8
BLACK
6
CONTINUOUS
10
6.9415485433070865
20
-3.9908759842519683
11
6.9404953937007869
21
-3.9908759842519683
0
LINE
8
BLACK
6
CONTINUOUS
10
6.9404953937007869
20
-3.9908759842519683
11
6.9402887007874012
21
-3.991082677165354
0
LINE
8
BLACK
6
CONTINUOUS
10
6.9402887007874012
20
-3.991082677165354
11
6.9307611417322832
21
-3.991082677165354
0
LINE
8
BLACK
6
CONTINUOUS
10
6.9307611417322832
20
-3.991082677165354
11
6.9307611417322832
21
-3.9908759842519683
0
LINE
8
BLACK
6
CONTINUOUS
10
6.9307611417322832
20
-3.9908759842519683
11
6.9177690157480312
21
-3.9908759842519683
0
LINE
8
BLACK
6
CONTINUOUS
10
6.9177690157480312
20
-3.9908759842519683
11
6.9177690157480312
21
-3.991082677165354
0
LINE
8
BLACK
6
CONTINUOUS
10
6.9177690157480312
20
-3.991082677165354
11
6.9087926377952753
21
-3.991082677165354
0
LINE
8
BLACK
6
CONTINUOUS
10
6.9087926377952753
20
-3.991082677165354
11
6.9085859448818896
21
-3.9908759842519683
0
LINE
8
BLACK
6
CONTINUOUS
10
6.9085859448818896
20
-3.9908759842519683
11
6.9075327952755901
21
-3.9908759842519683
0
LINE
8
BLACK
6
CONTINUOUS
10
6.9075327952755901
20
-3.9908759842519683
11
6.9075327952755901
21
-3.9898228346456692
0
LINE
8
BLACK
6
CONTINUOUS
10
6.9075327952755901
20
-3.9898228346456692
11
6.9068241338582679
21
-3.9891141732283462
0
LINE
8
BLACK
6
CONTINUOUS
10
6.9068241338582679
20
-3.9891141732283462
11
6.9068241338582679
21
-3.9576181102362202
0
LINE
8
BLACK
6
CONTINUOUS
10
6.9068241338582679
20
-3.9576181102362202
11
6.9087926377952753
21
-3.9556496062992124
0
LINE
8
BLACK
6
CONTINUOUS
10
6.9087926377952753
20
-3.9556496062992124
11
6.9402887007874012
21
-3.9556496062992124
0
LINE
8
BLACK
6
CONTINUOUS
10
6.9402887007874012
20
-3.9556496062992124
11
6.9422572047244095
21
-3.9576181102362202
0
LINE
8
BLACK
6
CONTINUOUS
10
7.0065616535433071
20
-3.9576181102362202
11
7.0065616535433071
21
-3.9891141732283462
0
LINE
8
BLACK
6
CONTINUOUS
10
7.0065616535433071
20
-3.9891141732283462
11
7.005852992125984
21
-3.9898228346456692
0
LINE
8
BLACK
6
CONTINUOUS
10
7.005852992125984
20
-3.9898228346456692
11
7.005852992125984
21
-3.9908759842519683
0
LINE
8
BLACK
6
CONTINUOUS
10
7.005852992125984
20
-3.9908759842519683
11
7.0047998425196845
21
-3.9908759842519683
0
LINE
8
BLACK
6
CONTINUOUS
10
7.0047998425196845
20
-3.9908759842519683
11
7.0045931496062988
21
-3.991082677165354
0
LINE
8
BLACK
6
CONTINUOUS
10
7.0045931496062988
20
-3.991082677165354
11
6.9950655905511807
21
-3.991082677165354
0
LINE
8
BLACK
6
CONTINUOUS
10
6.9950655905511807
20
-3.991082677165354
11
6.9950655905511807
21
-3.9908759842519683
0
LINE
8
BLACK
6
CONTINUOUS
10
6.9950655905511807
20
-3.9908759842519683
11
6.9820734645669287
21
-3.9908759842519683
0
LINE
8
BLACK
6
CONTINUOUS
10
6.9820734645669287
20
-3.9908759842519683
11
6.9820734645669287
21
-3.991082677165354
0
LINE
8
BLACK
6
CONTINUOUS
10
6.9820734645669287
20
-3.991082677165354
11
6.9730970866141728
21
-3.991082677165354
0
LINE
8
BLACK
6
CONTINUOUS
10
6.9730970866141728
20
-3.991082677165354
11
6.9728903937007871
21
-3.9908759842519683
0
LINE
8
BLACK
6
CONTINUOUS
10
6.9728903937007871
20
-3.9908759842519683
11
6.9718372440944885
21
-3.9908759842519683
0
LINE
8
BLACK
6
CONTINUOUS
10
6.9718372440944885
20
-3.9908759842519683
11
6.9718372440944885
21
-3.9898228346456692
0
LINE
8
BLACK
6
CONTINUOUS
10
6.9718372440944885
20
-3.9898228346456692
11
6.9711285826771654
21
-3.9891141732283462
0
LINE
8
BLACK
6
CONTINUOUS
10
6.9711285826771654
20
-3.9891141732283462
11
6.9711285826771654
21
-3.9576181102362202
0
LINE
8
BLACK
6
CONTINUOUS
10
6.9711285826771654
20
-3.9576181102362202
11
6.9730970866141728
21
-3.9556496062992124
0
LINE
8
BLACK
6
CONTINUOUS
10
6.9730970866141728
20
-3.9556496062992124
11
7.0045931496062988
21
-3.9556496062992124
0
LINE
8
BLACK
6
CONTINUOUS
10
7.0045931496062988
20
-3.9556496062992124
11
7.0065616535433071
21
-3.9576181102362202
0
LINE
8
BLACK
6
CONTINUOUS
10
7.0708661417322833
20
-3.9576181102362202
11
7.0708661417322833
21
-3.9891141732283462
0
LINE
8
BLACK
6
CONTINUOUS
10
7.0708661417322833
20
-3.9891141732283462
11
7.0701574803149603
21
-3.9898228346456692
0
LINE
8
BLACK
6
CONTINUOUS
10
7.0701574803149603
20
-3.9898228346456692
11
7.0701574803149603
21
-3.9908759842519683
0
LINE
8
BLACK
6
CONTINUOUS
10
7.0701574803149603
20
-3.9908759842519683
11
7.0691043307086616
21
-3.9908759842519683
0
LINE
8
BLACK
6
CONTINUOUS
10
7.0691043307086616
20
-3.9908759842519683
11
7.068897637795275
21
-3.991082677165354
0
LINE
8
BLACK
6
CONTINUOUS
10
7.068897637795275
20
-3.991082677165354
11
7.059370078740157
21
-3.991082677165354
0
LINE
8
BLACK
6
CONTINUOUS
10
7.059370078740157
20
-3.991082677165354
11
7.059370078740157
21
-3.9908759842519683
0
LINE
8
BLACK
6
CONTINUOUS
10
7.059370078740157
20
-3.9908759842519683
11
7.0463779527559049
21
-3.9908759842519683
0
LINE
8
BLACK
6
CONTINUOUS
10
7.0463779527559049
20
-3.9908759842519683
11
7.0463779527559049
21
-3.991082677165354
0
LINE
8
BLACK
6
CONTINUOUS
10
7.0463779527559049
20
-3.991082677165354
11
7.0374015748031491
21
-3.991082677165354
0
LINE
8
BLACK
6
CONTINUOUS
10
7.0374015748031491
20
-3.991082677165354
11
7.0371948818897634
21
-3.9908759842519683
0
LINE
8
BLACK
6
CONTINUOUS
10
7.0371948818897634
20
-3.9908759842519683
11
7.0361417322834647
21
-3.9908759842519683
0
LINE
8
BLACK
6
CONTINUOUS
10
7.0361417322834647
20
-3.9908759842519683
11
7.0361417322834647
21
-3.9898228346456692
0
LINE
8
BLACK
6
CONTINUOUS
10
7.0361417322834647
20
-3.9898228346456692
11
7.0354330708661417
21
-3.9891141732283462
0
LINE
8
BLACK
6
CONTINUOUS
10
7.0354330708661417
20
-3.9891141732283462
11
7.0354330708661417
21
-3.9576181102362202
0
LINE
8
BLACK
6
CONTINUOUS
10
7.0354330708661417
20
-3.9576181102362202
11
7.0374015748031491
21
-3.9556496062992124
0
LINE
8
BLACK
6
CONTINUOUS
10
7.0374015748031491
20
-3.9556496062992124
11
7.068897637795275
21
-3.9556496062992124
0
LINE
8
BLACK
6
CONTINUOUS
10
7.068897637795275
20
-3.9556496062992124
11
7.0708661417322833
21
-3.9576181102362202
0
LINE
8
BLACK
6
CONTINUOUS
10
7.148543307086614
20
-3.9551130708661417
11
7.1495964566929135
21
-3.9551130708661417
0
LINE
8
BLACK
6
CONTINUOUS
10
7.1495964566929135
20
-3.9551130708661417
11
7.1495964566929135
21
-3.9561662204724408
0
LINE
8
BLACK
6
CONTINUOUS
10
7.1495964566929135
20
-3.9561662204724408
11
7.1498031496062993
21
-3.9563729133858265
0
LINE
8
BLACK
6
CONTINUOUS
10
7.1498031496062993
20
-3.9563729133858265
11
7.1498031496062993
21
-3.965900472440945
0
LINE
8
BLACK
6
CONTINUOUS
10
7.1498031496062993
20
-3.965900472440945
11
7.1495964566929135
21
-3.965900472440945
0
LINE
8
BLACK
6
CONTINUOUS
10
7.1495964566929135
20
-3.965900472440945
11
7.1495964566929135
21
-3.9788925984251966
0
LINE
8
BLACK
6
CONTINUOUS
10
7.1495964566929135
20
-3.9788925984251966
11
7.1498031496062993
21
-3.9788925984251966
0
LINE
8
BLACK
6
CONTINUOUS
10
7.1498031496062993
20
-3.9788925984251966
11
7.1498031496062993
21
-3.9878689763779525
0
LINE
8
BLACK
6
CONTINUOUS
10
7.1498031496062993
20
-3.9878689763779525
11
7.1495964566929135
21
-3.9880756692913386
0
LINE
8
BLACK
6
CONTINUOUS
10
7.1495964566929135
20
-3.9880756692913386
11
7.1495964566929135
21
-3.9891288188976377
0
LINE
8
BLACK
6
CONTINUOUS
10
7.1495964566929135
20
-3.9891288188976377
11
7.148543307086614
21
-3.9891288188976377
0
LINE
8
BLACK
6
CONTINUOUS
10
7.148543307086614
20
-3.9891288188976377
11
7.1478346456692909
21
-3.9898374803149603
0
LINE
8
BLACK
6
CONTINUOUS
10
7.1478346456692909
20
-3.9898374803149603
11
7.116338582677165
21
-3.9898374803149603
0
LINE
8
BLACK
6
CONTINUOUS
10
7.116338582677165
20
-3.9898374803149603
11
7.1143700787401576
21
-3.9878689763779525
0
LINE
8
BLACK
6
CONTINUOUS
10
7.1143700787401576
20
-3.9878689763779525
11
7.1143700787401576
21
-3.9563729133858265
0
LINE
8
BLACK
6
CONTINUOUS
10
7.1143700787401576
20
-3.9563729133858265
11
7.116338582677165
21
-3.9544044094488187
0
LINE
8
BLACK
6
CONTINUOUS
10
7.116338582677165
20
-3.9544044094488187
11
7.1478346456692909
21
-3.9544044094488187
0
LINE
8
BLACK
6
CONTINUOUS
10
7.1478346456692909
20
-3.9544044094488187
11
7.148543307086614
21
-3.9551130708661417
0
LINE
8
BLACK
6
CONTINUOUS
10
7.2124015748031498
20
-3.9563729133858265
11
7.2124015748031498
21
-3.9878689763779525
0
LINE
8
BLACK
6
CONTINUOUS
10
7.2124015748031498
20
-3.9878689763779525
11
7.2104330708661415
21
-3.9898374803149603
0
LINE
8
BLACK
6
CONTINUOUS
10
7.2104330708661415
20
-3.9898374803149603
11
7.1789370078740156
21
-3.9898374803149603
0
LINE
8
BLACK
6
CONTINUOUS
10
7.1789370078740156
20
-3.9898374803149603
11
7.1782283464566925
21
-3.9891288188976377
0
LINE
8
BLACK
6
CONTINUOUS
10
7.1782283464566925
20
-3.9891288188976377
11
7.1771751968503938
21
-3.9891288188976377
0
LINE
8
BLACK
6
CONTINUOUS
10
7.1771751968503938
20
-3.9891288188976377
11
7.1771751968503938
21
-3.9880756692913386
0
LINE
8
BLACK
6
CONTINUOUS
10
7.1771751968503938
20
-3.9880756692913386
11
7.1769685039370081
21
-3.9878689763779525
0
LINE
8
BLACK
6
CONTINUOUS
10
7.1769685039370081
20
-3.9878689763779525
11
7.1769685039370081
21
-3.9783414173228344
0
LINE
8
BLACK
6
CONTINUOUS
10
7.1769685039370081
20
-3.9783414173228344
11
7.1771751968503938
21
-3.9783414173228344
0
LINE
8
BLACK
6
CONTINUOUS
10
7.1771751968503938
20
-3.9783414173228344
11
7.1771751968503938
21
-3.9653492913385824
0
LINE
8
BLACK
6
CONTINUOUS
10
7.1771751968503938
20
-3.9653492913385824
11
7.1769685039370081
21
-3.9653492913385824
0
LINE
8
BLACK
6
CONTINUOUS
10
7.1769685039370081
20
-3.9653492913385824
11
7.1769685039370081
21
-3.9563729133858265
0
LINE
8
BLACK
6
CONTINUOUS
10
7.1769685039370081
20
-3.9563729133858265
11
7.1771751968503938
21
-3.9561662204724408
0
LINE
8
BLACK
6
CONTINUOUS
10
7.1771751968503938
20
-3.9561662204724408
11
7.1771751968503938
21
-3.9551130708661417
0
LINE
8
BLACK
6
CONTINUOUS
10
7.1771751968503938
20
-3.9551130708661417
11
7.1782283464566925
21
-3.9551130708661417
0
LINE
8
BLACK
6
CONTINUOUS
10
7.1782283464566925
20
-3.9551130708661417
11
7.1789370078740156
21
-3.9544044094488187
0
LINE
8
BLACK
6
CONTINUOUS
10
7.1789370078740156
20
-3.9544044094488187
11
7.2104330708661415
21
-3.9544044094488187
0
LINE
8
BLACK
6
CONTINUOUS
10
7.2104330708661415
20
-3.9544044094488187
11
7.2124015748031498
21
-3.9563729133858265
0
LINE
8
BLACK
6
CONTINUOUS
10
5.1818307086614173
20
-3.9824803149606298
11
5.1503346456692913
21
-3.9824803149606298
0
LINE
8
BLACK
6
CONTINUOUS
10
5.1503346456692913
20
-3.9824803149606298
11
5.1503346456692913
21
-3.9470472440944881
0
LINE
8
BLACK
6
CONTINUOUS
10
5.1503346456692913
20
-3.9470472440944881
11
5.1818307086614173
21
-3.9470472440944881
0
LINE
8
BLACK
6
CONTINUOUS
10
5.1818307086614173
20
-3.9470472440944881
11
5.1818307086614173
21
-3.9824803149606298
0
LINE
8
BLACK
6
CONTINUOUS
10
5.2369488188976376
20
-3.9824803149606298
11
5.2054527559055117
21
-3.9824803149606298
0
LINE
8
BLACK
6
CONTINUOUS
10
5.2054527559055117
20
-3.9824803149606298
11
5.2054527559055117
21
-3.9470472440944881
0
LINE
8
BLACK
6
CONTINUOUS
10
5.2054527559055117
20
-3.9470472440944881
11
5.2369488188976376
21
-3.9470472440944881
0
LINE
8
BLACK
6
CONTINUOUS
10
5.2369488188976376
20
-3.9470472440944881
11
5.2369488188976376
21
-3.9824803149606298
0
LINE
8
BLACK
6
CONTINUOUS
10
5.9385236220472439
20
-3.9769291338582677
11
5.907027559055118
21
-3.9769291338582677
0
LINE
8
BLACK
6
CONTINUOUS
10
5.907027559055118
20
-3.9769291338582677
11
5.907027559055118
21
-3.9414960629921261
0
LINE
8
BLACK
6
CONTINUOUS
10
5.907027559055118
20
-3.9414960629921261
11
5.9385236220472439
21
-3.9414960629921261
0
LINE
8
BLACK
6
CONTINUOUS
10
5.9385236220472439
20
-3.9414960629921261
11
5.9385236220472439
21
-3.9769291338582677
0
LINE
8
BLACK
6
CONTINUOUS
10
5.9936417322834643
20
-3.9769291338582677
11
5.9621456692913384
21
-3.9769291338582677
0
LINE
8
BLACK
6
CONTINUOUS
10
5.9621456692913384
20
-3.9769291338582677
11
5.9621456692913384
21
-3.9414960629921261
0
LINE
8
BLACK
6
CONTINUOUS
10
5.9621456692913384
20
-3.9414960629921261
11
5.9936417322834643
21
-3.9414960629921261
0
LINE
8
BLACK
6
CONTINUOUS
10
5.9936417322834643
20
-3.9414960629921261
11
5.9936417322834643
21
-3.9769291338582677
0
LINE
8
BLACK
6
CONTINUOUS
10
6.7322834645669287
20
-3.9633267716535432
11
6.7007874015748028
21
-3.9633267716535432
0
LINE
8
BLACK
6
CONTINUOUS
10
6.7007874015748028
20
-3.9633267716535432
11
6.7007874015748028
21
-3.9278937007874015
0
LINE
8
BLACK
6
CONTINUOUS
10
6.7007874015748028
20
-3.9278937007874015
11
6.7322834645669287
21
-3.9278937007874015
0
LINE
8
BLACK
6
CONTINUOUS
10
6.7322834645669287
20
-3.9278937007874015
11
6.7322834645669287
21
-3.9633267716535432
0
LINE
8
BLACK
6
CONTINUOUS
10
6.7874015748031491
20
-3.9633267716535432
11
6.7559055118110232
21
-3.9633267716535432
0
LINE
8
BLACK
6
CONTINUOUS
10
6.7559055118110232
20
-3.9633267716535432
11
6.7559055118110232
21
-3.9278937007874015
0
LINE
8
BLACK
6
CONTINUOUS
10
6.7559055118110232
20
-3.9278937007874015
11
6.7874015748031491
21
-3.9278937007874015
0
LINE
8
BLACK
6
CONTINUOUS
10
6.7874015748031491
20
-3.9278937007874015
11
6.7874015748031491
21
-3.9633267716535432
0
LINE
8
BLACK
6
CONTINUOUS
10
5.5883858267716535
20
-3.8977066141732282
11
5.5894389763779531
21
-3.8977066141732282
0
LINE
8
BLACK
6
CONTINUOUS
10
5.5894389763779531
20
-3.8977066141732282
11
5.5894389763779531
21
-3.8987597637795273
0
LINE
8
BLACK
6
CONTINUOUS
10
5.5894389763779531
20
-3.8987597637795273
11
5.5896456692913388
21
-3.8989664566929134
0
LINE
8
BLACK
6
CONTINUOUS
10
5.5896456692913388
20
-3.8989664566929134
11
5.5896456692913388
21
-3.9084940157480315
0
LINE
8
BLACK
6
CONTINUOUS
10
5.5896456692913388
20
-3.9084940157480315
11
5.5894389763779531
21
-3.9084940157480315
0
LINE
8
BLACK
6
CONTINUOUS
10
5.5894389763779531
20
-3.9084940157480315
11
5.5894389763779531
21
-3.9214861417322835
0
LINE
8
BLACK
6
CONTINUOUS
10
5.5894389763779531
20
-3.9214861417322835
11
5.5896456692913388
21
-3.9214861417322835
0
LINE
8
BLACK
6
CONTINUOUS
10
5.5896456692913388
20
-3.9214861417322835
11
5.5896456692913388
21
-3.9304625196850393
0
LINE
8
BLACK
6
CONTINUOUS
10
5.5896456692913388
20
-3.9304625196850393
11
5.5894389763779531
21
-3.9306692125984251
0
LINE
8
BLACK
6
CONTINUOUS
10
5.5894389763779531
20
-3.9306692125984251
11
5.5894389763779531
21
-3.9317223622047242
0
LINE
8
BLACK
6
CONTINUOUS
10
5.5894389763779531
20
-3.9317223622047242
11
5.5883858267716535
21
-3.9317223622047242
0
LINE
8
BLACK
6
CONTINUOUS
10
5.5883858267716535
20
-3.9317223622047242
11
5.5876771653543305
21
-3.9324310236220472
0
LINE
8
BLACK
6
CONTINUOUS
10
5.5876771653543305
20
-3.9324310236220472
11
5.5561811023622045
21
-3.9324310236220472
0
LINE
8
BLACK
6
CONTINUOUS
10
5.5561811023622045
20
-3.9324310236220472
11
5.5542125984251971
21
-3.9304625196850393
0
LINE
8
BLACK
6
CONTINUOUS
10
5.5542125984251971
20
-3.9304625196850393
11
5.5542125984251971
21
-3.8989664566929134
0
LINE
8
BLACK
6
CONTINUOUS
10
5.5542125984251971
20
-3.8989664566929134
11
5.5561811023622045
21
-3.8969979527559055
0
LINE
8
BLACK
6
CONTINUOUS
10
5.5561811023622045
20
-3.8969979527559055
11
5.5876771653543305
21
-3.8969979527559055
0
LINE
8
BLACK
6
CONTINUOUS
10
5.5876771653543305
20
-3.8969979527559055
11
5.5883858267716535
21
-3.8977066141732282
0
LINE
8
BLACK
6
CONTINUOUS
10
5.6522440944881884
20
-3.8989664566929134
11
5.6522440944881884
21
-3.9304625196850393
0
LINE
8
BLACK
6
CONTINUOUS
10
5.6522440944881884
20
-3.9304625196850393
11
5.650275590551181
21
-3.9324310236220472
0
LINE
8
BLACK
6
CONTINUOUS
10
5.650275590551181
20
-3.9324310236220472
11
5.6187795275590551
21
-3.9324310236220472
0
LINE
8
BLACK
6
CONTINUOUS
10
5.6187795275590551
20
-3.9324310236220472
11
5.618070866141732
21
-3.9317223622047242
0
LINE
8
BLACK
6
CONTINUOUS
10
5.618070866141732
20
-3.9317223622047242
11
5.6170177165354334
21
-3.9317223622047242
0
LINE
8
BLACK
6
CONTINUOUS
10
5.6170177165354334
20
-3.9317223622047242
11
5.6170177165354334
21
-3.9306692125984251
0
LINE
8
BLACK
6
CONTINUOUS
10
5.6170177165354334
20
-3.9306692125984251
11
5.6168110236220468
21
-3.9304625196850393
0
LINE
8
BLACK
6
CONTINUOUS
10
5.6168110236220468
20
-3.9304625196850393
11
5.6168110236220468
21
-3.9209349606299213
0
LINE
8
BLACK
6
CONTINUOUS
10
5.6168110236220468
20
-3.9209349606299213
11
5.6170177165354334
21
-3.9209349606299213
0
LINE
8
BLACK
6
CONTINUOUS
10
5.6170177165354334
20
-3.9209349606299213
11
5.6170177165354334
21
-3.9079428346456693
0
LINE
8
BLACK
6
CONTINUOUS
10
5.6170177165354334
20
-3.9079428346456693
11
5.6168110236220468
21
-3.9079428346456693
0
LINE
8
BLACK
6
CONTINUOUS
10
5.6168110236220468
20
-3.9079428346456693
11
5.6168110236220468
21
-3.8989664566929134
0
LINE
8
BLACK
6
CONTINUOUS
10
5.6168110236220468
20
-3.8989664566929134
11
5.6170177165354334
21
-3.8987597637795273
0
LINE
8
BLACK
6
CONTINUOUS
10
5.6170177165354334
20
-3.8987597637795273
11
5.6170177165354334
21
-3.8977066141732282
0
LINE
8
BLACK
6
CONTINUOUS
10
5.6170177165354334
20
-3.8977066141732282
11
5.618070866141732
21
-3.8977066141732282
0
LINE
8
BLACK
6
CONTINUOUS
10
5.618070866141732
20
-3.8977066141732282
11
5.6187795275590551
21
-3.8969979527559055
0
LINE
8
BLACK
6
CONTINUOUS
10
5.6187795275590551
20
-3.8969979527559055
11
5.650275590551181
21
-3.8969979527559055
0
LINE
8
BLACK
6
CONTINUOUS
10
5.650275590551181
20
-3.8969979527559055
11
5.6522440944881884
21
-3.8989664566929134
0
LINE
8
BLACK
6
CONTINUOUS
10
6.3576181102362206
20
-3.8959448818897635
11
6.3586712598425192
21
-3.8959448818897635
0
LINE
8
BLACK
6
CONTINUOUS
10
6.3586712598425192
20
-3.8959448818897635
11
6.3586712598425192
21
-3.8969980314960631
0
LINE
8
BLACK
6
CONTINUOUS
10
6.3586712598425192
20
-3.8969980314960631
11
6.3588779527559049
21
-3.8972047244094488
0
LINE
8
BLACK
6
CONTINUOUS
10
6.3588779527559049
20
-3.8972047244094488
11
6.3588779527559049
21
-3.9067322834645668
0
LINE
8
BLACK
6
CONTINUOUS
10
6.3588779527559049
20
-3.9067322834645668
11
6.3586712598425192
21
-3.9067322834645668
0
LINE
8
BLACK
6
CONTINUOUS
10
6.3586712598425192
20
-3.9067322834645668
11
6.3586712598425192
21
-3.9197244094488188
0
LINE
8
BLACK
6
CONTINUOUS
10
6.3586712598425192
20
-3.9197244094488188
11
6.3588779527559049
21
-3.9197244094488188
0
LINE
8
BLACK
6
CONTINUOUS
10
6.3588779527559049
20
-3.9197244094488188
11
6.3588779527559049
21
-3.9287007874015747
0
LINE
8
BLACK
6
CONTINUOUS
10
6.3588779527559049
20
-3.9287007874015747
11
6.3586712598425192
21
-3.9289074803149604
0
LINE
8
BLACK
6
CONTINUOUS
10
6.3586712598425192
20
-3.9289074803149604
11
6.3586712598425192
21
-3.9299606299212599
0
LINE
8
BLACK
6
CONTINUOUS
10
6.3586712598425192
20
-3.9299606299212599
11
6.3576181102362206
21
-3.9299606299212599
0
LINE
8
BLACK
6
CONTINUOUS
10
6.3576181102362206
20
-3.9299606299212599
11
6.3569094488188975
21
-3.9306692913385826
0
LINE
8
BLACK
6
CONTINUOUS
10
6.3569094488188975
20
-3.9306692913385826
11
6.3254133858267716
21
-3.9306692913385826
0
LINE
8
BLACK
6
CONTINUOUS
10
6.3254133858267716
20
-3.9306692913385826
11
6.3234448818897633
21
-3.9287007874015747
0
LINE
8
BLACK
6
CONTINUOUS
10
6.3234448818897633
20
-3.9287007874015747
11
6.3234448818897633
21
-3.8972047244094488
0
LINE
8
BLACK
6
CONTINUOUS
10
6.3234448818897633
20
-3.8972047244094488
11
6.3254133858267716
21
-3.8952362204724409
0
LINE
8
BLACK
6
CONTINUOUS
10
6.3254133858267716
20
-3.8952362204724409
11
6.3569094488188975
21
-3.8952362204724409
0
LINE
8
BLACK
6
CONTINUOUS
10
6.3569094488188975
20
-3.8952362204724409
11
6.3576181102362206
21
-3.8959448818897635
0
LINE
8
BLACK
6
CONTINUOUS
10
6.4214763779527555
20
-3.8972047244094488
11
6.4214763779527555
21
-3.9287007874015747
0
LINE
8
BLACK
6
CONTINUOUS
10
6.4214763779527555
20
-3.9287007874015747
11
6.4195078740157481
21
-3.9306692913385826
0
LINE
8
BLACK
6
CONTINUOUS
10
6.4195078740157481
20
-3.9306692913385826
11
6.3880118110236221
21
-3.9306692913385826
0
LINE
8
BLACK
6
CONTINUOUS
10
6.3880118110236221
20
-3.9306692913385826
11
6.3873031496062991
21
-3.9299606299212599
0
LINE
8
BLACK
6
CONTINUOUS
10
6.3873031496062991
20
-3.9299606299212599
11
6.3862499999999995
21
-3.9299606299212599
0
LINE
8
BLACK
6
CONTINUOUS
10
6.3862499999999995
20
-3.9299606299212599
11
6.3862499999999995
21
-3.9289074803149604
0
LINE
8
BLACK
6
CONTINUOUS
10
6.3862499999999995
20
-3.9289074803149604
11
6.3860433070866138
21
-3.9287007874015747
0
LINE
8
BLACK
6
CONTINUOUS
10
6.3860433070866138
20
-3.9287007874015747
11
6.3860433070866138
21
-3.9191732283464566
0
LINE
8
BLACK
6
CONTINUOUS
10
6.3860433070866138
20
-3.9191732283464566
11
6.3862499999999995
21
-3.9191732283464566
0
LINE
8
BLACK
6
CONTINUOUS
10
6.3862499999999995
20
-3.9191732283464566
11
6.3862499999999995
21
-3.9061811023622046
0
LINE
8
BLACK
6
CONTINUOUS
10
6.3862499999999995
20
-3.9061811023622046
11
6.3860433070866138
21
-3.9061811023622046
0
LINE
8
BLACK
6
CONTINUOUS
10
6.3860433070866138
20
-3.9061811023622046
11
6.3860433070866138
21
-3.8972047244094488
0
LINE
8
BLACK
6
CONTINUOUS
10
6.3860433070866138
20
-3.8972047244094488
11
6.3862499999999995
21
-3.8969980314960631
0
LINE
8
BLACK
6
CONTINUOUS
10
6.3862499999999995
20
-3.8969980314960631
11
6.3862499999999995
21
-3.8959448818897635
0
LINE
8
BLACK
6
CONTINUOUS
10
6.3862499999999995
20
-3.8959448818897635
11
6.3873031496062991
21
-3.8959448818897635
0
LINE
8
BLACK
6
CONTINUOUS
10
6.3873031496062991
20
-3.8959448818897635
11
6.3880118110236221
21
-3.8952362204724409
0
LINE
8
BLACK
6
CONTINUOUS
10
6.3880118110236221
20
-3.8952362204724409
11
6.4195078740157481
21
-3.8952362204724409
0
LINE
8
BLACK
6
CONTINUOUS
10
6.4195078740157481
20
-3.8952362204724409
11
6.4214763779527555
21
-3.8972047244094488
0
LINE
8
BLACK
6
CONTINUOUS
10
7.148543307086614
20
-3.8937696062992124
11
7.1495964566929135
21
-3.8937696062992124
0
LINE
8
BLACK
6
CONTINUOUS
10
7.1495964566929135
20
-3.8937696062992124
11
7.1495964566929135
21
-3.8948227559055115
0
LINE
8
BLACK
6
CONTINUOUS
10
7.1495964566929135
20
-3.8948227559055115
11
7.1498031496062993
21
-3.8950294488188977
0
LINE
8
BLACK
6
CONTINUOUS
10
7.1498031496062993
20
-3.8950294488188977
11
7.1498031496062993
21
-3.9045570078740157
0
LINE
8
BLACK
6
CONTINUOUS
10
7.1498031496062993
20
-3.9045570078740157
11
7.1495964566929135
21
-3.9045570078740157
0
LINE
8
BLACK
6
CONTINUOUS
10
7.1495964566929135
20
-3.9045570078740157
11
7.1495964566929135
21
-3.9175491338582678
0
LINE
8
BLACK
6
CONTINUOUS
10
7.1495964566929135
20
-3.9175491338582678
11
7.1498031496062993
21
-3.9175491338582678
0
LINE
8
BLACK
6
CONTINUOUS
10
7.1498031496062993
20
-3.9175491338582678
11
7.1498031496062993
21
-3.9265255118110236
0
LINE
8
BLACK
6
CONTINUOUS
10
7.1498031496062993
20
-3.9265255118110236
11
7.1495964566929135
21
-3.9267322047244093
0
LINE
8
BLACK
6
CONTINUOUS
10
7.1495964566929135
20
-3.9267322047244093
11
7.1495964566929135
21
-3.9277853543307084
0
LINE
8
BLACK
6
CONTINUOUS
10
7.1495964566929135
20
-3.9277853543307084
11
7.148543307086614
21
-3.9277853543307084
0
LINE
8
BLACK
6
CONTINUOUS
10
7.148543307086614
20
-3.9277853543307084
11
7.1478346456692909
21
-3.9284940157480315
0
LINE
8
BLACK
6
CONTINUOUS
10
7.1478346456692909
20
-3.9284940157480315
11
7.116338582677165
21
-3.9284940157480315
0
LINE
8
BLACK
6
CONTINUOUS
10
7.116338582677165
20
-3.9284940157480315
11
7.1143700787401576
21
-3.9265255118110236
0
LINE
8
BLACK
6
CONTINUOUS
10
7.1143700787401576
20
-3.9265255118110236
11
7.1143700787401576
21
-3.8950294488188977
0
LINE
8
BLACK
6
CONTINUOUS
10
7.1143700787401576
20
-3.8950294488188977
11
7.116338582677165
21
-3.8930609448818898
0
LINE
8
BLACK
6
CONTINUOUS
10
7.116338582677165
20
-3.8930609448818898
11
7.1478346456692909
21
-3.8930609448818898
0
LINE
8
BLACK
6
CONTINUOUS
10
7.1478346456692909
20
-3.8930609448818898
11
7.148543307086614
21
-3.8937696062992124
0
LINE
8
BLACK
6
CONTINUOUS
10
7.2124015748031498
20
-3.8950294488188977
11
7.2124015748031498
21
-3.9265255118110236
0
LINE
8
BLACK
6
CONTINUOUS
10
7.2124015748031498
20
-3.9265255118110236
11
7.2104330708661415
21
-3.9284940157480315
0
LINE
8
BLACK
6
CONTINUOUS
10
7.2104330708661415
20
-3.9284940157480315
11
7.1789370078740156
21
-3.9284940157480315
0
LINE
8
BLACK
6
CONTINUOUS
10
7.1789370078740156
20
-3.9284940157480315
11
7.1782283464566925
21
-3.9277853543307084
0
LINE
8
BLACK
6
CONTINUOUS
10
7.1782283464566925
20
-3.9277853543307084
11
7.1771751968503938
21
-3.9277853543307084
0
LINE
8
BLACK
6
CONTINUOUS
10
7.1771751968503938
20
-3.9277853543307084
11
7.1771751968503938
21
-3.9267322047244093
0
LINE
8
BLACK
6
CONTINUOUS
10
7.1771751968503938
20
-3.9267322047244093
11
7.1769685039370081
21
-3.9265255118110236
0
LINE
8
BLACK
6
CONTINUOUS
10
7.1769685039370081
20
-3.9265255118110236
11
7.1769685039370081
21
-3.9169979527559056
0
LINE
8
BLACK
6
CONTINUOUS
10
7.1769685039370081
20
-3.9169979527559056
11
7.1771751968503938
21
-3.9169979527559056
0
LINE
8
BLACK
6
CONTINUOUS
10
7.1771751968503938
20
-3.9169979527559056
11
7.1771751968503938
21
-3.9040058267716535
0
LINE
8
BLACK
6
CONTINUOUS
10
7.1771751968503938
20
-3.9040058267716535
11
7.1769685039370081
21
-3.9040058267716535
0
LINE
8
BLACK
6
CONTINUOUS
10
7.1769685039370081
20
-3.9040058267716535
11
7.1769685039370081
21
-3.8950294488188977
0
LINE
8
BLACK
6
CONTINUOUS
10
7.1769685039370081
20
-3.8950294488188977
11
7.1771751968503938
21
-3.8948227559055115
0
LINE
8
BLACK
6
CONTINUOUS
10
7.1771751968503938
20
-3.8948227559055115
11
7.1771751968503938
21
-3.8937696062992124
0
LINE
8
BLACK
6
CONTINUOUS
10
7.1771751968503938
20
-3.8937696062992124
11
7.1782283464566925
21
-3.8937696062992124
0
LINE
8
BLACK
6
CONTINUOUS
10
7.1782283464566925
20
-3.8937696062992124
11
7.1789370078740156
21
-3.8930609448818898
0
LINE
8
BLACK
6
CONTINUOUS
10
7.1789370078740156
20
-3.8930609448818898
11
7.2104330708661415
21
-3.8930609448818898
0
LINE
8
BLACK
6
CONTINUOUS
10
7.2104330708661415
20
-3.8930609448818898
11
7.2124015748031498
21
-3.8950294488188977
0
LINE
8
BLACK
6
CONTINUOUS
10
5.3514005511811025
20
-3.8731691732283462
11
5.3517915748031495
21
-3.8731691732283462
0
LINE
8
BLACK
6
CONTINUOUS
10
5.3517915748031495
20
-3.8731691732283462
11
5.352271417322835
21
-3.8733679133858265
0
LINE
8
BLACK
6
CONTINUOUS
10
5.352271417322835
20
-3.8733679133858265
11
5.3535425984251965
21
-3.8736580708661417
0
LINE
8
BLACK
6
CONTINUOUS
10
5.3535425984251965
20
-3.8736580708661417
11
5.354159409448819
21
-3.874149960629921
0
LINE
8
BLACK
6
CONTINUOUS
10
5.354159409448819
20
-3.874149960629921
11
5.3543745669291338
21
-3.874239094488189
0
LINE
8
BLACK
6
CONTINUOUS
10
5.3543745669291338
20
-3.874239094488189
11
5.3547816929133853
21
-3.874646220472441
0
LINE
8
BLACK
6
CONTINUOUS
10
5.3547816929133853
20
-3.874646220472441
11
5.3560678346456694
21
-3.8756718897637796
0
LINE
8
BLACK
6
CONTINUOUS
10
5.3560678346456694
20
-3.8756718897637796
11
5.3563097637795272
21
-3.8761742913385824
0
LINE
8
BLACK
6
CONTINUOUS
10
5.3563097637795272
20
-3.8761742913385824
11
5.3563514566929129
21
-3.8762159842519686
0
LINE
8
BLACK
6
CONTINUOUS
10
5.3563514566929129
20
-3.8762159842519686
11
5.3564842913385826
21
-3.8765366535433068
0
LINE
8
BLACK
6
CONTINUOUS
10
5.3564842913385826
20
-3.8765366535433068
11
5.3574692125984251
21
-3.8785818897637796
0
LINE
8
BLACK
6
CONTINUOUS
10
5.3574692125984251
20
-3.8785818897637796
11
5.3575590551181103
21
-3.8801968503937005
0
LINE
8
BLACK
6
CONTINUOUS
10
5.3575590551181103
20
-3.8801968503937005
11
5.3575590551181103
21
-3.9086614173228345
0
LINE
8
BLACK
6
CONTINUOUS
10
5.3575590551181103
20
-3.9086614173228345
11
5.3574692125984251
21
-3.9102763779527558
0
LINE
8
BLACK
6
CONTINUOUS
10
5.3574692125984251
20
-3.9102763779527558
11
5.3564842913385826
21
-3.9123215748031495
0
LINE
8
BLACK
6
CONTINUOUS
10
5.3564842913385826
20
-3.9123215748031495
11
5.3563514566929129
21
-3.9126422834645669
0
LINE
8
BLACK
6
CONTINUOUS
10
5.3563514566929129
20
-3.9126422834645669
11
5.3563097637795272
21
-3.9126839370078739
0
LINE
8
BLACK
6
CONTINUOUS
10
5.3563097637795272
20
-3.9126839370078739
11
5.3560678346456694
21
-3.9131863779527558
0
LINE
8
BLACK
6
CONTINUOUS
10
5.3560678346456694
20
-3.9131863779527558
11
5.3547816929133853
21
-3.9142120078740157
0
LINE
8
BLACK
6
CONTINUOUS
10
5.3547816929133853
20
-3.9142120078740157
11
5.3543745669291338
21
-3.9146191732283464
0
LINE
8
BLACK
6
CONTINUOUS
10
5.3543745669291338
20
-3.9146191732283464
11
5.354159409448819
21
-3.9147082677165352
0
LINE
8
BLACK
6
CONTINUOUS
10
5.354159409448819
20
-3.9147082677165352
11
5.3535425984251965
21
-3.9152001968503938
0
LINE
8
BLACK
6
CONTINUOUS
10
5.3535425984251965
20
-3.9152001968503938
11
5.352271417322835
21
-3.9154903149606297
0
LINE
8
BLACK
6
CONTINUOUS
10
5.352271417322835
20
-3.9154903149606297
11
5.3517915748031495
21
-3.9156890944881888
0
LINE
8
BLACK
6
CONTINUOUS
10
5.3517915748031495
20
-3.9156890944881888
11
5.3514005511811025
21
-3.9156890944881888
0
LINE
8
BLACK
6
CONTINUOUS
10
5.3514005511811025
20
-3.9156890944881888
11
5.3503937007874018
21
-3.9159188976377952
0
LINE
8
BLACK
6
CONTINUOUS
10
5.3503937007874018
20
-3.9159188976377952
11
5.3493868503937003
21
-3.9156890944881888
0
LINE
8
BLACK
6
CONTINUOUS
10
5.3493868503937003
20
-3.9156890944881888
11
5.3489958267716533
21
-3.9156890944881888
0
LINE
8
BLACK
6
CONTINUOUS
10
5.3489958267716533
20
-3.9156890944881888
11
5.34851594488189
21
-3.9154903149606297
0
LINE
8
BLACK
6
CONTINUOUS
10
5.34851594488189
20
-3.9154903149606297
11
5.3472448031496063
21
-3.9152001968503938
0
LINE
8
BLACK
6
CONTINUOUS
10
5.3472448031496063
20
-3.9152001968503938
11
5.3466279527559051
21
-3.9147082677165352
0
LINE
8
BLACK
6
CONTINUOUS
10
5.3466279527559051
20
-3.9147082677165352
11
5.346412834645669
21
-3.9146191732283464
0
LINE
8
BLACK
6
CONTINUOUS
10
5.346412834645669
20
-3.9146191732283464
11
5.3460056692913387
21
-3.9142120078740157
0
LINE
8
BLACK
6
CONTINUOUS
10
5.3460056692913387
20
-3.9142120078740157
11
5.3447195669291334
21
-3.9131863779527558
0
LINE
8
BLACK
6
CONTINUOUS
10
5.3447195669291334
20
-3.9131863779527558
11
5.3444775984251969
21
-3.9126839370078739
0
LINE
8
BLACK
6
CONTINUOUS
10
5.3444775984251969
20
-3.9126839370078739
11
5.3444359448818899
21
-3.9126422834645669
0
LINE
8
BLACK
6
CONTINUOUS
10
5.3444359448818899
20
-3.9126422834645669
11
5.3443030708661414
21
-3.9123215748031495
0
LINE
8
BLACK
6
CONTINUOUS
10
5.3443030708661414
20
-3.9123215748031495
11
5.3433181889763777
21
-3.9102763779527558
0
LINE
8
BLACK
6
CONTINUOUS
10
5.3433181889763777
20
-3.9102763779527558
11
5.3432283464566925
21
-3.9086614173228345
0
LINE
8
BLACK
6
CONTINUOUS
10
5.3432283464566925
20
-3.9086614173228345
11
5.3432283464566925
21
-3.8801968503937005
0
LINE
8
BLACK
6
CONTINUOUS
10
5.3432283464566925
20
-3.8801968503937005
11
5.3433181889763777
21
-3.8785818897637796
0
LINE
8
BLACK
6
CONTINUOUS
10
5.3433181889763777
20
-3.8785818897637796
11
5.3443030708661414
21
-3.8765366535433068
0
LINE
8
BLACK
6
CONTINUOUS
10
5.3443030708661414
20
-3.8765366535433068
11
5.3444359448818899
21
-3.8762159842519686
0
LINE
8
BLACK
6
CONTINUOUS
10
5.3444359448818899
20
-3.8762159842519686
11
5.3444775984251969
21
-3.8761742913385824
0
LINE
8
BLACK
6
CONTINUOUS
10
5.3444775984251969
20
-3.8761742913385824
11
5.3447195669291334
21
-3.8756718897637796
0
LINE
8
BLACK
6
CONTINUOUS
10
5.3447195669291334
20
-3.8756718897637796
11
5.3460056692913387
21
-3.874646220472441
0
LINE
8
BLACK
6
CONTINUOUS
10
5.3460056692913387
20
-3.874646220472441
11
5.346412834645669
21
-3.874239094488189
0
LINE
8
BLACK
6
CONTINUOUS
10
5.346412834645669
20
-3.874239094488189
11
5.3466279527559051
21
-3.874149960629921
0
LINE
8
BLACK
6
CONTINUOUS
10
5.3466279527559051
20
-3.874149960629921
11
5.3472448031496063
21
-3.8736580708661417
0
LINE
8
BLACK
6
CONTINUOUS
10
5.3472448031496063
20
-3.8736580708661417
11
5.34851594488189
21
-3.8733679133858265
0
LINE
8
BLACK
6
CONTINUOUS
10
5.34851594488189
20
-3.8733679133858265
11
5.3489958267716533
21
-3.8731691732283462
0
LINE
8
BLACK
6
CONTINUOUS
10
5.3489958267716533
20
-3.8731691732283462
11
5.3493868503937003
21
-3.8731691732283462
0
LINE
8
BLACK
6
CONTINUOUS
10
5.3493868503937003
20
-3.8731691732283462
11
5.3503937007874018
21
-3.8729393700787402
0
LINE
8
BLACK
6
CONTINUOUS
10
5.3503937007874018
20
-3.8729393700787402
11
5.3514005511811025
21
-3.8731691732283462
0
LINE
8
BLACK
6
CONTINUOUS
10
5.3769911023622043
20
-3.8731691732283462
11
5.3773821259842522
21
-3.8731691732283462
0
LINE
8
BLACK
6
CONTINUOUS
10
5.3773821259842522
20
-3.8731691732283462
11
5.3778619685039368
21
-3.8733679133858265
0
LINE
8
BLACK
6
CONTINUOUS
10
5.3778619685039368
20
-3.8733679133858265
11
5.3791331496062993
21
-3.8736580708661417
0
LINE
8
BLACK
6
CONTINUOUS
10
5.3791331496062993
20
-3.8736580708661417
11
5.3797499606299208
21
-3.874149960629921
0
LINE
8
BLACK
6
CONTINUOUS
10
5.3797499606299208
20
-3.874149960629921
11
5.3799651181102357
21
-3.874239094488189
0
LINE
8
BLACK
6
CONTINUOUS
10
5.3799651181102357
20
-3.874239094488189
11
5.3803722440944881
21
-3.874646220472441
0
LINE
8
BLACK
6
CONTINUOUS
10
5.3803722440944881
20
-3.874646220472441
11
5.3816583858267713
21
-3.8756718897637796
0
LINE
8
BLACK
6
CONTINUOUS
10
5.3816583858267713
20
-3.8756718897637796
11
5.3819003149606299
21
-3.8761742913385824
0
LINE
8
BLACK
6
CONTINUOUS
10
5.3819003149606299
20
-3.8761742913385824
11
5.3819420078740157
21
-3.8762159842519686
0
LINE
8
BLACK
6
CONTINUOUS
10
5.3819420078740157
20
-3.8762159842519686
11
5.3820748425196845
21
-3.8765366535433068
0
LINE
8
BLACK
6
CONTINUOUS
10
5.3820748425196845
20
-3.8765366535433068
11
5.383059763779527
21
-3.8785818897637796
0
LINE
8
BLACK
6
CONTINUOUS
10
5.383059763779527
20
-3.8785818897637796
11
5.3831496062992121
21
-3.8801968503937005
0
LINE
8
BLACK
6
CONTINUOUS
10
5.3831496062992121
20
-3.8801968503937005
11
5.3831496062992121
21
-3.9086614173228345
0
LINE
8
BLACK
6
CONTINUOUS
10
5.3831496062992121
20
-3.9086614173228345
11
5.383059763779527
21
-3.9102763779527558
0
LINE
8
BLACK
6
CONTINUOUS
10
5.383059763779527
20
-3.9102763779527558
11
5.3820748425196845
21
-3.9123215748031495
0
LINE
8
BLACK
6
CONTINUOUS
10
5.3820748425196845
20
-3.9123215748031495
11
5.3819420078740157
21
-3.9126422834645669
0
LINE
8
BLACK
6
CONTINUOUS
10
5.3819420078740157
20
-3.9126422834645669
11
5.3819003149606299
21
-3.9126839370078739
0
LINE
8
BLACK
6
CONTINUOUS
10
5.3819003149606299
20
-3.9126839370078739
11
5.3816583858267713
21
-3.9131863779527558
0
LINE
8
BLACK
6
CONTINUOUS
10
5.3816583858267713
20
-3.9131863779527558
11
5.3803722440944881
21
-3.9142120078740157
0
LINE
8
BLACK
6
CONTINUOUS
10
5.3803722440944881
20
-3.9142120078740157
11
5.3799651181102357
21
-3.9146191732283464
0
LINE
8
BLACK
6
CONTINUOUS
10
5.3799651181102357
20
-3.9146191732283464
11
5.3797499606299208
21
-3.9147082677165352
0
LINE
8
BLACK
6
CONTINUOUS
10
5.3797499606299208
20
-3.9147082677165352
11
5.3791331496062993
21
-3.9152001968503938
0
LINE
8
BLACK
6
CONTINUOUS
10
5.3791331496062993
20
-3.9152001968503938
11
5.3778619685039368
21
-3.9154903149606297
0
LINE
8
BLACK
6
CONTINUOUS
10
5.3778619685039368
20
-3.9154903149606297
11
5.3773821259842522
21
-3.9156890944881888
0
LINE
8
BLACK
6
CONTINUOUS
10
5.3773821259842522
20
-3.9156890944881888
11
5.3769911023622043
21
-3.9156890944881888
0
LINE
8
BLACK
6
CONTINUOUS
10
5.3769911023622043
20
-3.9156890944881888
11
5.3759842519685037
21
-3.9159188976377952
0
LINE
8
BLACK
6
CONTINUOUS
10
5.3759842519685037
20
-3.9159188976377952
11
5.3749774015748031
21
-3.9156890944881888
0
LINE
8
BLACK
6
CONTINUOUS
10
5.3749774015748031
20
-3.9156890944881888
11
5.3745863779527561
21
-3.9156890944881888
0
LINE
8
BLACK
6
CONTINUOUS
10
5.3745863779527561
20
-3.9156890944881888
11
5.3741064960629918
21
-3.9154903149606297
0
LINE
8
BLACK
6
CONTINUOUS
10
5.3741064960629918
20
-3.9154903149606297
11
5.3728353543307081
21
-3.9152001968503938
0
LINE
8
BLACK
6
CONTINUOUS
10
5.3728353543307081
20
-3.9152001968503938
11
5.3722185039370078
21
-3.9147082677165352
0
LINE
8
BLACK
6
CONTINUOUS
10
5.3722185039370078
20
-3.9147082677165352
11
5.3720033858267717
21
-3.9146191732283464
0
LINE
8
BLACK
6
CONTINUOUS
10
5.3720033858267717
20
-3.9146191732283464
11
5.3715962204724406
21
-3.9142120078740157
0
LINE
8
BLACK
6
CONTINUOUS
10
5.3715962204724406
20
-3.9142120078740157
11
5.3703101181102362
21
-3.9131863779527558
0
LINE
8
BLACK
6
CONTINUOUS
10
5.3703101181102362
20
-3.9131863779527558
11
5.3700681496062987
21
-3.9126839370078739
0
LINE
8
BLACK
6
CONTINUOUS
10
5.3700681496062987
20
-3.9126839370078739
11
5.3700264960629918
21
-3.9126422834645669
0
LINE
8
BLACK
6
CONTINUOUS
10
5.3700264960629918
20
-3.9126422834645669
11
5.3698936220472442
21
-3.9123215748031495
0
LINE
8
BLACK
6
CONTINUOUS
10
5.3698936220472442
20
-3.9123215748031495
11
5.3689087401574804
21
-3.9102763779527558
0
LINE
8
BLACK
6
CONTINUOUS
10
5.3689087401574804
20
-3.9102763779527558
11
5.3688188976377953
21
-3.9086614173228345
0
LINE
8
BLACK
6
CONTINUOUS
10
5.3688188976377953
20
-3.9086614173228345
11
5.3688188976377953
21
-3.8801968503937005
0
LINE
8
BLACK
6
CONTINUOUS
10
5.3688188976377953
20
-3.8801968503937005
11
5.3689087401574804
21
-3.8785818897637796
0
LINE
8
BLACK
6
CONTINUOUS
10
5.3689087401574804
20
-3.8785818897637796
11
5.3698936220472442
21
-3.8765366535433068
0
LINE
8
BLACK
6
CONTINUOUS
10
5.3698936220472442
20
-3.8765366535433068
11
5.3700264960629918
21
-3.8762159842519686
0
LINE
8
BLACK
6
CONTINUOUS
10
5.3700264960629918
20
-3.8762159842519686
11
5.3700681496062987
21
-3.8761742913385824
0
LINE
8
BLACK
6
CONTINUOUS
10
5.3700681496062987
20
-3.8761742913385824
11
5.3703101181102362
21
-3.8756718897637796
0
LINE
8
BLACK
6
CONTINUOUS
10
5.3703101181102362
20
-3.8756718897637796
11
5.3715962204724406
21
-3.874646220472441
0
LINE
8
BLACK
6
CONTINUOUS
10
5.3715962204724406
20
-3.874646220472441
11
5.3720033858267717
21
-3.874239094488189
0
LINE
8
BLACK
6
CONTINUOUS
10
5.3720033858267717
20
-3.874239094488189
11
5.3722185039370078
21
-3.874149960629921
0
LINE
8
BLACK
6
CONTINUOUS
10
5.3722185039370078
20
-3.874149960629921
11
5.3728353543307081
21
-3.8736580708661417
0
LINE
8
BLACK
6
CONTINUOUS
10
5.3728353543307081
20
-3.8736580708661417
11
5.3741064960629918
21
-3.8733679133858265
0
LINE
8
BLACK
6
CONTINUOUS
10
5.3741064960629918
20
-3.8733679133858265
11
5.3745863779527561
21
-3.8731691732283462
0
LINE
8
BLACK
6
CONTINUOUS
10
5.3745863779527561
20
-3.8731691732283462
11
5.3749774015748031
21
-3.8731691732283462
0
LINE
8
BLACK
6
CONTINUOUS
10
5.3749774015748031
20
-3.8731691732283462
11
5.3759842519685037
21
-3.8729393700787402
0
LINE
8
BLACK
6
CONTINUOUS
10
5.3759842519685037
20
-3.8729393700787402
11
5.3769911023622043
21
-3.8731691732283462
0
LINE
8
BLACK
6
CONTINUOUS
10
5.4025816535433071
20
-3.8731691732283462
11
5.4029726771653541
21
-3.8731691732283462
0
LINE
8
BLACK
6
CONTINUOUS
10
5.4029726771653541
20
-3.8731691732283462
11
5.4034525196850396
21
-3.8733679133858265
0
LINE
8
BLACK
6
CONTINUOUS
10
5.4034525196850396
20
-3.8733679133858265
11
5.4047237007874012
21
-3.8736580708661417
0
LINE
8
BLACK
6
CONTINUOUS
10
5.4047237007874012
20
-3.8736580708661417
11
5.4053405118110236
21
-3.874149960629921
0
LINE
8
BLACK
6
CONTINUOUS
10
5.4053405118110236
20
-3.874149960629921
11
5.4055556692913385
21
-3.874239094488189
0
LINE
8
BLACK
6
CONTINUOUS
10
5.4055556692913385
20
-3.874239094488189
11
5.4059627952755909
21
-3.874646220472441
0
LINE
8
BLACK
6
CONTINUOUS
10
5.4059627952755909
20
-3.874646220472441
11
5.407248937007874
21
-3.8756718897637796
0
LINE
8
BLACK
6
CONTINUOUS
10
5.407248937007874
20
-3.8756718897637796
11
5.4074908661417318
21
-3.8761742913385824
0
LINE
8
BLACK
6
CONTINUOUS
10
5.4074908661417318
20
-3.8761742913385824
11
5.4075325590551184
21
-3.8762159842519686
0
LINE
8
BLACK
6
CONTINUOUS
10
5.4075325590551184
20
-3.8762159842519686
11
5.4076653937007872
21
-3.8765366535433068
0
LINE
8
BLACK
6
CONTINUOUS
10
5.4076653937007872
20
-3.8765366535433068
11
5.4086503149606298
21
-3.8785818897637796
0
LINE
8
BLACK
6
CONTINUOUS
10
5.4086503149606298
20
-3.8785818897637796
11
5.4087401574803149
21
-3.8801968503937005
0
LINE
8
BLACK
6
CONTINUOUS
10
5.4087401574803149
20
-3.8801968503937005
11
5.4087401574803149
21
-3.9086614173228345
0
LINE
8
BLACK
6
CONTINUOUS
10
5.4087401574803149
20
-3.9086614173228345
11
5.4086503149606298
21
-3.9102763779527558
0
LINE
8
BLACK
6
CONTINUOUS
10
5.4086503149606298
20
-3.9102763779527558
11
5.4076653937007872
21
-3.9123215748031495
0
LINE
8
BLACK
6
CONTINUOUS
10
5.4076653937007872
20
-3.9123215748031495
11
5.4075325590551184
21
-3.9126422834645669
0
LINE
8
BLACK
6
CONTINUOUS
10
5.4075325590551184
20
-3.9126422834645669
11
5.4074908661417318
21
-3.9126839370078739
0
LINE
8
BLACK
6
CONTINUOUS
10
5.4074908661417318
20
-3.9126839370078739
11
5.407248937007874
21
-3.9131863779527558
0
LINE
8
BLACK
6
CONTINUOUS
10
5.407248937007874
20
-3.9131863779527558
11
5.4059627952755909
21
-3.9142120078740157
0
LINE
8
BLACK
6
CONTINUOUS
10
5.4059627952755909
20
-3.9142120078740157
11
5.4055556692913385
21
-3.9146191732283464
0
LINE
8
BLACK
6
CONTINUOUS
10
5.4055556692913385
20
-3.9146191732283464
11
5.4053405118110236
21
-3.9147082677165352
0
LINE
8
BLACK
6
CONTINUOUS
10
5.4053405118110236
20
-3.9147082677165352
11
5.4047237007874012
21
-3.9152001968503938
0
LINE
8
BLACK
6
CONTINUOUS
10
5.4047237007874012
20
-3.9152001968503938
11
5.4034525196850396
21
-3.9154903149606297
0
LINE
8
BLACK
6
CONTINUOUS
10
5.4034525196850396
20
-3.9154903149606297
11
5.4029726771653541
21
-3.9156890944881888
0
LINE
8
BLACK
6
CONTINUOUS
10
5.4029726771653541
20
-3.9156890944881888
11
5.4025816535433071
21
-3.9156890944881888
0
LINE
8
BLACK
6
CONTINUOUS
10
5.4025816535433071
20
-3.9156890944881888
11
5.4015748031496065
21
-3.9159188976377952
0
LINE
8
BLACK
6
CONTINUOUS
10
5.4015748031496065
20
-3.9159188976377952
11
5.400567952755905
21
-3.9156890944881888
0
LINE
8
BLACK
6
CONTINUOUS
10
5.400567952755905
20
-3.9156890944881888
11
5.4001769291338579
21
-3.9156890944881888
0
LINE
8
BLACK
6
CONTINUOUS
10
5.4001769291338579
20
-3.9156890944881888
11
5.3996970472440946
21
-3.9154903149606297
0
LINE
8
BLACK
6
CONTINUOUS
10
5.3996970472440946
20
-3.9154903149606297
11
5.3984259055118109
21
-3.9152001968503938
0
LINE
8
BLACK
6
CONTINUOUS
10
5.3984259055118109
20
-3.9152001968503938
11
5.3978090551181097
21
-3.9147082677165352
0
LINE
8
BLACK
6
CONTINUOUS
10
5.3978090551181097
20
-3.9147082677165352
11
5.3975939370078736
21
-3.9146191732283464
0
LINE
8
BLACK
6
CONTINUOUS
10
5.3975939370078736
20
-3.9146191732283464
11
5.3971867716535433
21
-3.9142120078740157
0
LINE
8
BLACK
6
CONTINUOUS
10
5.3971867716535433
20
-3.9142120078740157
11
5.395900669291338
21
-3.9131863779527558
0
LINE
8
BLACK
6
CONTINUOUS
10
5.395900669291338
20
-3.9131863779527558
11
5.3956587007874015
21
-3.9126839370078739
0
LINE
8
BLACK
6
CONTINUOUS
10
5.3956587007874015
20
-3.9126839370078739
11
5.3956170472440945
21
-3.9126422834645669
0
LINE
8
BLACK
6
CONTINUOUS
10
5.3956170472440945
20
-3.9126422834645669
11
5.3954841732283461
21
-3.9123215748031495
0
LINE
8
BLACK
6
CONTINUOUS
10
5.3954841732283461
20
-3.9123215748031495
11
5.3944992913385823
21
-3.9102763779527558
0
LINE
8
BLACK
6
CONTINUOUS
10
5.3944992913385823
20
-3.9102763779527558
11
5.3944094488188972
21
-3.9086614173228345
0
LINE
8
BLACK
6
CONTINUOUS
10
5.3944094488188972
20
-3.9086614173228345
11
5.3944094488188972
21
-3.8801968503937005
0
LINE
8
BLACK
6
CONTINUOUS
10
5.3944094488188972
20
-3.8801968503937005
11
5.3944992913385823
21
-3.8785818897637796
0
LINE
8
BLACK
6
CONTINUOUS
10
5.3944992913385823
20
-3.8785818897637796
11
5.3954841732283461
21
-3.8765366535433068
0
LINE
8
BLACK
6
CONTINUOUS
10
5.3954841732283461
20
-3.8765366535433068
11
5.3956170472440945
21
-3.8762159842519686
0
LINE
8
BLACK
6
CONTINUOUS
10
5.3956170472440945
20
-3.8762159842519686
11
5.3956587007874015
21
-3.8761742913385824
0
LINE
8
BLACK
6
CONTINUOUS
10
5.3956587007874015
20
-3.8761742913385824
11
5.395900669291338
21
-3.8756718897637796
0
LINE
8
BLACK
6
CONTINUOUS
10
5.395900669291338
20
-3.8756718897637796
11
5.3971867716535433
21
-3.874646220472441
0
LINE
8
BLACK
6
CONTINUOUS
10
5.3971867716535433
20
-3.874646220472441
11
5.3975939370078736
21
-3.874239094488189
0
LINE
8
BLACK
6
CONTINUOUS
10
5.3975939370078736
20
-3.874239094488189
11
5.3978090551181097
21
-3.874149960629921
0
LINE
8
BLACK
6
CONTINUOUS
10
5.3978090551181097
20
-3.874149960629921
11
5.3984259055118109
21
-3.8736580708661417
0
LINE
8
BLACK
6
CONTINUOUS
10
5.3984259055118109
20
-3.8736580708661417
11
5.3996970472440946
21
-3.8733679133858265
0
LINE
8
BLACK
6
CONTINUOUS
10
5.3996970472440946
20
-3.8733679133858265
11
5.4001769291338579
21
-3.8731691732283462
0
LINE
8
BLACK
6
CONTINUOUS
10
5.4001769291338579
20
-3.8731691732283462
11
5.400567952755905
21
-3.8731691732283462
0
LINE
8
BLACK
6
CONTINUOUS
10
5.400567952755905
20
-3.8731691732283462
11
5.4015748031496065
21
-3.8729393700787402
0
LINE
8
BLACK
6
CONTINUOUS
10
5.4015748031496065
20
-3.8729393700787402
11
5.4025816535433071
21
-3.8731691732283462
0
LINE
8
BLACK
6
CONTINUOUS
10
5.428172204724409
20
-3.8731691732283462
11
5.4285632283464569
21
-3.8731691732283462
0
LINE
8
BLACK
6
CONTINUOUS
10
5.4285632283464569
20
-3.8731691732283462
11
5.4290430708661415
21
-3.8733679133858265
0
LINE
8
BLACK
6
CONTINUOUS
10
5.4290430708661415
20
-3.8733679133858265
11
5.4303142519685039
21
-3.8736580708661417
0
LINE
8
BLACK
6
CONTINUOUS
10
5.4303142519685039
20
-3.8736580708661417
11
5.4309310629921255
21
-3.874149960629921
0
LINE
8
BLACK
6
CONTINUOUS
10
5.4309310629921255
20
-3.874149960629921
11
5.4311462204724412
21
-3.874239094488189
0
LINE
8
BLACK
6
CONTINUOUS
10
5.4311462204724412
20
-3.874239094488189
11
5.4315533464566927
21
-3.874646220472441
0
LINE
8
BLACK
6
CONTINUOUS
10
5.4315533464566927
20
-3.874646220472441
11
5.4328394881889759
21
-3.8756718897637796
0
LINE
8
BLACK
6
CONTINUOUS
10
5.4328394881889759
20
-3.8756718897637796
11
5.4330814173228346
21
-3.8761742913385824
0
LINE
8
BLACK
6
CONTINUOUS
10
5.4330814173228346
20
-3.8761742913385824
11
5.4331231102362203
21
-3.8762159842519686
0
LINE
8
BLACK
6
CONTINUOUS
10
5.4331231102362203
20
-3.8762159842519686
11
5.43325594488189
21
-3.8765366535433068
0
LINE
8
BLACK
6
CONTINUOUS
10
5.43325594488189
20
-3.8765366535433068
11
5.4342408661417325
21
-3.8785818897637796
0
LINE
8
BLACK
6
CONTINUOUS
10
5.4342408661417325
20
-3.8785818897637796
11
5.4343307086614168
21
-3.8801968503937005
0
LINE
8
BLACK
6
CONTINUOUS
10
5.4343307086614168
20
-3.8801968503937005
11
5.4343307086614168
21
-3.9086614173228345
0
LINE
8
BLACK
6
CONTINUOUS
10
5.4343307086614168
20
-3.9086614173228345
11
5.4342408661417325
21
-3.9102763779527558
0
LINE
8
BLACK
6
CONTINUOUS
10
5.4342408661417325
20
-3.9102763779527558
11
5.43325594488189
21
-3.9123215748031495
0
LINE
8
BLACK
6
CONTINUOUS
10
5.43325594488189
20
-3.9123215748031495
11
5.4331231102362203
21
-3.9126422834645669
0
LINE
8
BLACK
6
CONTINUOUS
10
5.4331231102362203
20
-3.9126422834645669
11
5.4330814173228346
21
-3.9126839370078739
0
LINE
8
BLACK
6
CONTINUOUS
10
5.4330814173228346
20
-3.9126839370078739
11
5.4328394881889759
21
-3.9131863779527558
0
LINE
8
BLACK
6
CONTINUOUS
10
5.4328394881889759
20
-3.9131863779527558
11
5.4315533464566927
21
-3.9142120078740157
0
LINE
8
BLACK
6
CONTINUOUS
10
5.4315533464566927
20
-3.9142120078740157
11
5.4311462204724412
21
-3.9146191732283464
0
LINE
8
BLACK
6
CONTINUOUS
10
5.4311462204724412
20
-3.9146191732283464
11
5.4309310629921255
21
-3.9147082677165352
0
LINE
8
BLACK
6
CONTINUOUS
10
5.4309310629921255
20
-3.9147082677165352
11
5.4303142519685039
21
-3.9152001968503938
0
LINE
8
BLACK
6
CONTINUOUS
10
5.4303142519685039
20
-3.9152001968503938
11
5.4290430708661415
21
-3.9154903149606297
0
LINE
8
BLACK
6
CONTINUOUS
10
5.4290430708661415
20
-3.9154903149606297
11
5.4285632283464569
21
-3.9156890944881888
0
LINE
8
BLACK
6
CONTINUOUS
10
5.4285632283464569
20
-3.9156890944881888
11
5.428172204724409
21
-3.9156890944881888
0
LINE
8
BLACK
6
CONTINUOUS
10
5.428172204724409
20
-3.9156890944881888
11
5.4271653543307083
21
-3.9159188976377952
0
LINE
8
BLACK
6
CONTINUOUS
10
5.4271653543307083
20
-3.9159188976377952
11
5.4261585039370077
21
-3.9156890944881888
0
LINE
8
BLACK
6
CONTINUOUS
10
5.4261585039370077
20
-3.9156890944881888
11
5.4257674803149607
21
-3.9156890944881888
0
LINE
8
BLACK
6
CONTINUOUS
10
5.4257674803149607
20
-3.9156890944881888
11
5.4252875984251965
21
-3.9154903149606297
0
LINE
8
BLACK
6
CONTINUOUS
10
5.4252875984251965
20
-3.9154903149606297
11
5.4240164566929137
21
-3.9152001968503938
0
LINE
8
BLACK
6
CONTINUOUS
10
5.4240164566929137
20
-3.9152001968503938
11
5.4233996062992125
21
-3.9147082677165352
0
LINE
8
BLACK
6
CONTINUOUS
10
5.4233996062992125
20
-3.9147082677165352
11
5.4231844881889764
21
-3.9146191732283464
0
LINE
8
BLACK
6
CONTINUOUS
10
5.4231844881889764
20
-3.9146191732283464
11
5.4227773228346452
21
-3.9142120078740157
0
LINE
8
BLACK
6
CONTINUOUS
10
5.4227773228346452
20
-3.9142120078740157
11
5.4214912204724408
21
-3.9131863779527558
0
LINE
8
BLACK
6
CONTINUOUS
10
5.4214912204724408
20
-3.9131863779527558
11
5.4212492519685034
21
-3.9126839370078739
0
LINE
8
BLACK
6
CONTINUOUS
10
5.4212492519685034
20
-3.9126839370078739
11
5.4212075984251964
21
-3.9126422834645669
0
LINE
8
BLACK
6
CONTINUOUS
10
5.4212075984251964
20
-3.9126422834645669
11
5.4210747244094488
21
-3.9123215748031495
0
LINE
8
BLACK
6
CONTINUOUS
10
5.4210747244094488
20
-3.9123215748031495
11
5.4200898425196851
21
-3.9102763779527558
0
LINE
8
BLACK
6
CONTINUOUS
10
5.4200898425196851
20
-3.9102763779527558
11
5.4199999999999999
21
-3.9086614173228345
0
LINE
8
BLACK
6
CONTINUOUS
10
5.4199999999999999
20
-3.9086614173228345
11
5.4199999999999999
21
-3.8801968503937005
0
LINE
8
BLACK
6
CONTINUOUS
10
5.4199999999999999
20
-3.8801968503937005
11
5.4200898425196851
21
-3.8785818897637796
0
LINE
8
BLACK
6
CONTINUOUS
10
5.4200898425196851
20
-3.8785818897637796
11
5.4210747244094488
21
-3.8765366535433068
0
LINE
8
BLACK
6
CONTINUOUS
10
5.4210747244094488
20
-3.8765366535433068
11
5.4212075984251964
21
-3.8762159842519686
0
LINE
8
BLACK
6
CONTINUOUS
10
5.4212075984251964
20
-3.8762159842519686
11
5.4212492519685034
21
-3.8761742913385824
0
LINE
8
BLACK
6
CONTINUOUS
10
5.4212492519685034
20
-3.8761742913385824
11
5.4214912204724408
21
-3.8756718897637796
0
LINE
8
BLACK
6
CONTINUOUS
10
5.4214912204724408
20
-3.8756718897637796
11
5.4227773228346452
21
-3.874646220472441
0
LINE
8
BLACK
6
CONTINUOUS
10
5.4227773228346452
20
-3.874646220472441
11
5.4231844881889764
21
-3.874239094488189
0
LINE
8
BLACK
6
CONTINUOUS
10
5.4231844881889764
20
-3.874239094488189
11
5.4233996062992125
21
-3.874149960629921
0
LINE
8
BLACK
6
CONTINUOUS
10
5.4233996062992125
20
-3.874149960629921
11
5.4240164566929137
21
-3.8736580708661417
0
LINE
8
BLACK
6
CONTINUOUS
10
5.4240164566929137
20
-3.8736580708661417
11
5.4252875984251965
21
-3.8733679133858265
0
LINE
8
BLACK
6
CONTINUOUS
10
5.4252875984251965
20
-3.8733679133858265
11
5.4257674803149607
21
-3.8731691732283462
0
LINE
8
BLACK
6
CONTINUOUS
10
5.4257674803149607
20
-3.8731691732283462
11
5.4261585039370077
21
-3.8731691732283462
0
LINE
8
BLACK
6
CONTINUOUS
10
5.4261585039370077
20
-3.8731691732283462
11
5.4271653543307083
21
-3.8729393700787402
0
LINE
8
BLACK
6
CONTINUOUS
10
5.4271653543307083
20
-3.8729393700787402
11
5.428172204724409
21
-3.8731691732283462
0
LINE
8
BLACK
6
CONTINUOUS
10
5.4537627559055117
20
-3.8731691732283462
11
5.4541537795275588
21
-3.8731691732283462
0
LINE
8
BLACK
6
CONTINUOUS
10
5.4541537795275588
20
-3.8731691732283462
11
5.4546336220472442
21
-3.8733679133858265
0
LINE
8
BLACK
6
CONTINUOUS
10
5.4546336220472442
20
-3.8733679133858265
11
5.4559048031496058
21
-3.8736580708661417
0
LINE
8
BLACK
6
CONTINUOUS
10
5.4559048031496058
20
-3.8736580708661417
11
5.4565216141732282
21
-3.874149960629921
0
LINE
8
BLACK
6
CONTINUOUS
10
5.4565216141732282
20
-3.874149960629921
11
5.4567367716535431
21
-3.874239094488189
0
LINE
8
BLACK
6
CONTINUOUS
10
5.4567367716535431
20
-3.874239094488189
11
5.4571438976377955
21
-3.874646220472441
0
LINE
8
BLACK
6
CONTINUOUS
10
5.4571438976377955
20
-3.874646220472441
11
5.4584300393700786
21
-3.8756718897637796
0
LINE
8
BLACK
6
CONTINUOUS
10
5.4584300393700786
20
-3.8756718897637796
11
5.4586719685039373
21
-3.8761742913385824
0
LINE
8
BLACK
6
CONTINUOUS
10
5.4586719685039373
20
-3.8761742913385824
11
5.4587136614173231
21
-3.8762159842519686
0
LINE
8
BLACK
6
CONTINUOUS
10
5.4587136614173231
20
-3.8762159842519686
11
5.4588464960629919
21
-3.8765366535433068
0
LINE
8
BLACK
6
CONTINUOUS
10
5.4588464960629919
20
-3.8765366535433068
11
5.4598314173228344
21
-3.8785818897637796
0
LINE
8
BLACK
6
CONTINUOUS
10
5.4598314173228344
20
-3.8785818897637796
11
5.4599212598425195
21
-3.8801968503937005
0
LINE
8
BLACK
6
CONTINUOUS
10
5.4599212598425195
20
-3.8801968503937005
11
5.4599212598425195
21
-3.9086614173228345
0
LINE
8
BLACK
6
CONTINUOUS
10
5.4599212598425195
20
-3.9086614173228345
11
5.4598314173228344
21
-3.9102763779527558
0
LINE
8
BLACK
6
CONTINUOUS
10
5.4598314173228344
20
-3.9102763779527558
11
5.4588464960629919
21
-3.9123215748031495
0
LINE
8
BLACK
6
CONTINUOUS
10
5.4588464960629919
20
-3.9123215748031495
11
5.4587136614173231
21
-3.9126422834645669
0
LINE
8
BLACK
6
CONTINUOUS
10
5.4587136614173231
20
-3.9126422834645669
11
5.4586719685039373
21
-3.9126839370078739
0
LINE
8
BLACK
6
CONTINUOUS
10
5.4586719685039373
20
-3.9126839370078739
11
5.4584300393700786
21
-3.9131863779527558
0
LINE
8
BLACK
6
CONTINUOUS
10
5.4584300393700786
20
-3.9131863779527558
11
5.4571438976377955
21
-3.9142120078740157
0
LINE
8
BLACK
6
CONTINUOUS
10
5.4571438976377955
20
-3.9142120078740157
11
5.4567367716535431
21
-3.9146191732283464
0
LINE
8
BLACK
6
CONTINUOUS
10
5.4567367716535431
20
-3.9146191732283464
11
5.4565216141732282
21
-3.9147082677165352
0
LINE
8
BLACK
6
CONTINUOUS
10
5.4565216141732282
20
-3.9147082677165352
11
5.4559048031496058
21
-3.9152001968503938
0
LINE
8
BLACK
6
CONTINUOUS
10
5.4559048031496058
20
-3.9152001968503938
11
5.4546336220472442
21
-3.9154903149606297
0
LINE
8
BLACK
6
CONTINUOUS
10
5.4546336220472442
20
-3.9154903149606297
11
5.4541537795275588
21
-3.9156890944881888
0
LINE
8
BLACK
6
CONTINUOUS
10
5.4541537795275588
20
-3.9156890944881888
11
5.4537627559055117
21
-3.9156890944881888
0
LINE
8
BLACK
6
CONTINUOUS
10
5.4537627559055117
20
-3.9156890944881888
11
5.4527559055118111
21
-3.9159188976377952
0
LINE
8
BLACK
6
CONTINUOUS
10
5.4527559055118111
20
-3.9159188976377952
11
5.4517490551181105
21
-3.9156890944881888
0
LINE
8
BLACK
6
CONTINUOUS
10
5.4517490551181105
20
-3.9156890944881888
11
5.4513580314960626
21
-3.9156890944881888
0
LINE
8
BLACK
6
CONTINUOUS
10
5.4513580314960626
20
-3.9156890944881888
11
5.4508781496062992
21
-3.9154903149606297
0
LINE
8
BLACK
6
CONTINUOUS
10
5.4508781496062992
20
-3.9154903149606297
11
5.4496070078740155
21
-3.9152001968503938
0
LINE
8
BLACK
6
CONTINUOUS
10
5.4496070078740155
20
-3.9152001968503938
11
5.4489901574803152
21
-3.9147082677165352
0
LINE
8
BLACK
6
CONTINUOUS
10
5.4489901574803152
20
-3.9147082677165352
11
5.4487750393700782
21
-3.9146191732283464
0
LINE
8
BLACK
6
CONTINUOUS
10
5.4487750393700782
20
-3.9146191732283464
11
5.448367874015748
21
-3.9142120078740157
0
LINE
8
BLACK
6
CONTINUOUS
10
5.448367874015748
20
-3.9142120078740157
11
5.4470817716535436
21
-3.9131863779527558
0
LINE
8
BLACK
6
CONTINUOUS
10
5.4470817716535436
20
-3.9131863779527558
11
5.4468398031496061
21
-3.9126839370078739
0
LINE
8
BLACK
6
CONTINUOUS
10
5.4468398031496061
20
-3.9126839370078739
11
5.4467981496062992
21
-3.9126422834645669
0
LINE
8
BLACK
6
CONTINUOUS
10
5.4467981496062992
20
-3.9126422834645669
11
5.4466652755905507
21
-3.9123215748031495
0
LINE
8
BLACK
6
CONTINUOUS
10
5.4466652755905507
20
-3.9123215748031495
11
5.4456803937007869
21
-3.9102763779527558
0
LINE
8
BLACK
6
CONTINUOUS
10
5.4456803937007869
20
-3.9102763779527558
11
5.4455905511811018
21
-3.9086614173228345
0
LINE
8
BLACK
6
CONTINUOUS
10
5.4455905511811018
20
-3.9086614173228345
11
5.4455905511811018
21
-3.8801968503937005
0
LINE
8
BLACK
6
CONTINUOUS
10
5.4455905511811018
20
-3.8801968503937005
11
5.4456803937007869
21
-3.8785818897637796
0
LINE
8
BLACK
6
CONTINUOUS
10
5.4456803937007869
20
-3.8785818897637796
11
5.4466652755905507
21
-3.8765366535433068
0
LINE
8
BLACK
6
CONTINUOUS
10
5.4466652755905507
20
-3.8765366535433068
11
5.4467981496062992
21
-3.8762159842519686
0
LINE
8
BLACK
6
CONTINUOUS
10
5.4467981496062992
20
-3.8762159842519686
11
5.4468398031496061
21
-3.8761742913385824
0
LINE
8
BLACK
6
CONTINUOUS
10
5.4468398031496061
20
-3.8761742913385824
11
5.4470817716535436
21
-3.8756718897637796
0
LINE
8
BLACK
6
CONTINUOUS
10
5.4470817716535436
20
-3.8756718897637796
11
5.448367874015748
21
-3.874646220472441
0
LINE
8
BLACK
6
CONTINUOUS
10
5.448367874015748
20
-3.874646220472441
11
5.4487750393700782
21
-3.874239094488189
0
LINE
8
BLACK
6
CONTINUOUS
10
5.4487750393700782
20
-3.874239094488189
11
5.4489901574803152
21
-3.874149960629921
0
LINE
8
BLACK
6
CONTINUOUS
10
5.4489901574803152
20
-3.874149960629921
11
5.4496070078740155
21
-3.8736580708661417
0
LINE
8
BLACK
6
CONTINUOUS
10
5.4496070078740155
20
-3.8736580708661417
11
5.4508781496062992
21
-3.8733679133858265
0
LINE
8
BLACK
6
CONTINUOUS
10
5.4508781496062992
20
-3.8733679133858265
11
5.4513580314960626
21
-3.8731691732283462
0
LINE
8
BLACK
6
CONTINUOUS
10
5.4513580314960626
20
-3.8731691732283462
11
5.4517490551181105
21
-3.8731691732283462
0
LINE
8
BLACK
6
CONTINUOUS
10
5.4517490551181105
20
-3.8731691732283462
11
5.4527559055118111
21
-3.8729393700787402
0
LINE
8
BLACK
6
CONTINUOUS
10
5.4527559055118111
20
-3.8729393700787402
11
5.4537627559055117
21
-3.8731691732283462
0
LINE
8
BLACK
6
CONTINUOUS
10
6.9045501574803145
20
-3.8731691732283462
11
6.9049411811023624
21
-3.8731691732283462
0
LINE
8
BLACK
6
CONTINUOUS
10
6.9049411811023624
20
-3.8731691732283462
11
6.905421023622047
21
-3.8733679133858265
0
LINE
8
BLACK
6
CONTINUOUS
10
6.905421023622047
20
-3.8733679133858265
11
6.9066922047244095
21
-3.8736580708661417
0
LINE
8
BLACK
6
CONTINUOUS
10
6.9066922047244095
20
-3.8736580708661417
11
6.907309015748031
21
-3.874149960629921
0
LINE
8
BLACK
6
CONTINUOUS
10
6.907309015748031
20
-3.874149960629921
11
6.9075241732283459
21
-3.874239094488189
0
LINE
8
BLACK
6
CONTINUOUS
10
6.9075241732283459
20
-3.874239094488189
11
6.9079312992125983
21
-3.874646220472441
0
LINE
8
BLACK
6
CONTINUOUS
10
6.9079312992125983
20
-3.874646220472441
11
6.9092174409448814
21
-3.8756718897637796
0
LINE
8
BLACK
6
CONTINUOUS
10
6.9092174409448814
20
-3.8756718897637796
11
6.9094593700787401
21
-3.8761742913385824
0
LINE
8
BLACK
6
CONTINUOUS
10
6.9094593700787401
20
-3.8761742913385824
11
6.9095010629921259
21
-3.8762159842519686
0
LINE
8
BLACK
6
CONTINUOUS
10
6.9095010629921259
20
-3.8762159842519686
11
6.9096338976377947
21
-3.8765366535433068
0
LINE
8
BLACK
6
CONTINUOUS
10
6.9096338976377947
20
-3.8765366535433068
11
6.9106188188976381
21
-3.8785818897637796
0
LINE
8
BLACK
6
CONTINUOUS
10
6.9106188188976381
20
-3.8785818897637796
11
6.9107086614173223
21
-3.8801968503937005
0
LINE
8
BLACK
6
CONTINUOUS
10
6.9107086614173223
20
-3.8801968503937005
11
6.9107086614173223
21
-3.9086614173228345
0
LINE
8
BLACK
6
CONTINUOUS
10
6.9107086614173223
20
-3.9086614173228345
11
6.9106188188976381
21
-3.9102763779527558
0
LINE
8
BLACK
6
CONTINUOUS
10
6.9106188188976381
20
-3.9102763779527558
11
6.9096338976377947
21
-3.9123215748031495
0
LINE
8
BLACK
6
CONTINUOUS
10
6.9096338976377947
20
-3.9123215748031495
11
6.9095010629921259
21
-3.9126422834645669
0
LINE
8
BLACK
6
CONTINUOUS
10
6.9095010629921259
20
-3.9126422834645669
11
6.9094593700787401
21
-3.9126839370078739
0
LINE
8
BLACK
6
CONTINUOUS
10
6.9094593700787401
20
-3.9126839370078739
11
6.9092174409448814
21
-3.9131863779527558
0
LINE
8
BLACK
6
CONTINUOUS
10
6.9092174409448814
20
-3.9131863779527558
11
6.9079312992125983
21
-3.9142120078740157
0
LINE
8
BLACK
6
CONTINUOUS
10
6.9079312992125983
20
-3.9142120078740157
11
6.9075241732283459
21
-3.9146191732283464
0
LINE
8
BLACK
6
CONTINUOUS
10
6.9075241732283459
20
-3.9146191732283464
11
6.907309015748031
21
-3.9147082677165352
0
LINE
8
BLACK
6
CONTINUOUS
10
6.907309015748031
20
-3.9147082677165352
11
6.9066922047244095
21
-3.9152001968503938
0
LINE
8
BLACK
6
CONTINUOUS
10
6.9066922047244095
20
-3.9152001968503938
11
6.905421023622047
21
-3.9154903149606297
0
LINE
8
BLACK
6
CONTINUOUS
10
6.905421023622047
20
-3.9154903149606297
11
6.9049411811023624
21
-3.9156890944881888
0
LINE
8
BLACK
6
CONTINUOUS
10
6.9049411811023624
20
-3.9156890944881888
11
6.9045501574803145
21
-3.9156890944881888
0
LINE
8
BLACK
6
CONTINUOUS
10
6.9045501574803145
20
-3.9156890944881888
11
6.9035433070866139
21
-3.9159188976377952
0
LINE
8
BLACK
6
CONTINUOUS
10
6.9035433070866139
20
-3.9159188976377952
11
6.9025364566929133
21
-3.9156890944881888
0
LINE
8
BLACK
6
CONTINUOUS
10
6.9025364566929133
20
-3.9156890944881888
11
6.9021454330708663
21
-3.9156890944881888
0
LINE
8
BLACK
6
CONTINUOUS
10
6.9021454330708663
20
-3.9156890944881888
11
6.901665551181102
21
-3.9154903149606297
0
LINE
8
BLACK
6
CONTINUOUS
10
6.901665551181102
20
-3.9154903149606297
11
6.9003944094488183
21
-3.9152001968503938
0
LINE
8
BLACK
6
CONTINUOUS
10
6.9003944094488183
20
-3.9152001968503938
11
6.899777559055118
21
-3.9147082677165352
0
LINE
8
BLACK
6
CONTINUOUS
10
6.899777559055118
20
-3.9147082677165352
11
6.8995624409448819
21
-3.9146191732283464
0
LINE
8
BLACK
6
CONTINUOUS
10
6.8995624409448819
20
-3.9146191732283464
11
6.8991552755905508
21
-3.9142120078740157
0
LINE
8
BLACK
6
CONTINUOUS
10
6.8991552755905508
20
-3.9142120078740157
11
6.8978691732283464
21
-3.9131863779527558
0
LINE
8
BLACK
6
CONTINUOUS
10
6.8978691732283464
20
-3.9131863779527558
11
6.8976272047244089
21
-3.9126839370078739
0
LINE
8
BLACK
6
CONTINUOUS
10
6.8976272047244089
20
-3.9126839370078739
11
6.8975855511811019
21
-3.9126422834645669
0
LINE
8
BLACK
6
CONTINUOUS
10
6.8975855511811019
20
-3.9126422834645669
11
6.8974526771653544
21
-3.9123215748031495
0
LINE
8
BLACK
6
CONTINUOUS
10
6.8974526771653544
20
-3.9123215748031495
11
6.8964677952755906
21
-3.9102763779527558
0
LINE
8
BLACK
6
CONTINUOUS
10
6.8964677952755906
20
-3.9102763779527558
11
6.8963779527559055
21
-3.9086614173228345
0
LINE
8
BLACK
6
CONTINUOUS
10
6.8963779527559055
20
-3.9086614173228345
11
6.8963779527559055
21
-3.8801968503937005
0
LINE
8
BLACK
6
CONTINUOUS
10
6.8963779527559055
20
-3.8801968503937005
11
6.8964677952755906
21
-3.8785818897637796
0
LINE
8
BLACK
6
CONTINUOUS
10
6.8964677952755906
20
-3.8785818897637796
11
6.8974526771653544
21
-3.8765366535433068
0
LINE
8
BLACK
6
CONTINUOUS
10
6.8974526771653544
20
-3.8765366535433068
11
6.8975855511811019
21
-3.8762159842519686
0
LINE
8
BLACK
6
CONTINUOUS
10
6.8975855511811019
20
-3.8762159842519686
11
6.8976272047244089
21
-3.8761742913385824
0
LINE
8
BLACK
6
CONTINUOUS
10
6.8976272047244089
20
-3.8761742913385824
11
6.8978691732283464
21
-3.8756718897637796
0
LINE
8
BLACK
6
CONTINUOUS
10
6.8978691732283464
20
-3.8756718897637796
11
6.8991552755905508
21
-3.874646220472441
0
LINE
8
BLACK
6
CONTINUOUS
10
6.8991552755905508
20
-3.874646220472441
11
6.8995624409448819
21
-3.874239094488189
0
LINE
8
BLACK
6
CONTINUOUS
10
6.8995624409448819
20
-3.874239094488189
11
6.899777559055118
21
-3.874149960629921
0
LINE
8
BLACK
6
CONTINUOUS
10
6.899777559055118
20
-3.874149960629921
11
6.9003944094488183
21
-3.8736580708661417
0
LINE
8
BLACK
6
CONTINUOUS
10
6.9003944094488183
20
-3.8736580708661417
11
6.901665551181102
21
-3.8733679133858265
0
LINE
8
BLACK
6
CONTINUOUS
10
6.901665551181102
20
-3.8733679133858265
11
6.9021454330708663
21
-3.8731691732283462
0
LINE
8
BLACK
6
CONTINUOUS
10
6.9021454330708663
20
-3.8731691732283462
11
6.9025364566929133
21
-3.8731691732283462
0
LINE
8
BLACK
6
CONTINUOUS
10
6.9025364566929133
20
-3.8731691732283462
11
6.9035433070866139
21
-3.8729393700787402
0
LINE
8
BLACK
6
CONTINUOUS
10
6.9035433070866139
20
-3.8729393700787402
11
6.9045501574803145
21
-3.8731691732283462
0
LINE
8
BLACK
6
CONTINUOUS
10
6.9301407086614173
20
-3.8731691732283462
11
6.9305317322834643
21
-3.8731691732283462
0
LINE
8
BLACK
6
CONTINUOUS
10
6.9305317322834643
20
-3.8731691732283462
11
6.9310115748031498
21
-3.8733679133858265
0
LINE
8
BLACK
6
CONTINUOUS
10
6.9310115748031498
20
-3.8733679133858265
11
6.9322827559055114
21
-3.8736580708661417
0
LINE
8
BLACK
6
CONTINUOUS
10
6.9322827559055114
20
-3.8736580708661417
11
6.9328995669291338
21
-3.874149960629921
0
LINE
8
BLACK
6
CONTINUOUS
10
6.9328995669291338
20
-3.874149960629921
11
6.9331147244094486
21
-3.874239094488189
0
LINE
8
BLACK
6
CONTINUOUS
10
6.9331147244094486
20
-3.874239094488189
11
6.9335218503937011
21
-3.874646220472441
0
LINE
8
BLACK
6
CONTINUOUS
10
6.9335218503937011
20
-3.874646220472441
11
6.9348079921259842
21
-3.8756718897637796
0
LINE
8
BLACK
6
CONTINUOUS
10
6.9348079921259842
20
-3.8756718897637796
11
6.935049921259842
21
-3.8761742913385824
0
LINE
8
BLACK
6
CONTINUOUS
10
6.935049921259842
20
-3.8761742913385824
11
6.9350916141732286
21
-3.8762159842519686
0
LINE
8
BLACK
6
CONTINUOUS
10
6.9350916141732286
20
-3.8762159842519686
11
6.9352244488188974
21
-3.8765366535433068
0
LINE
8
BLACK
6
CONTINUOUS
10
6.9352244488188974
20
-3.8765366535433068
11
6.9362093700787399
21
-3.8785818897637796
0
LINE
8
BLACK
6
CONTINUOUS
10
6.9362093700787399
20
-3.8785818897637796
11
6.9362992125984251
21
-3.8801968503937005
0
LINE
8
BLACK
6
CONTINUOUS
10
6.9362992125984251
20
-3.8801968503937005
11
6.9362992125984251
21
-3.9086614173228345
0
LINE
8
BLACK
6
CONTINUOUS
10
6.9362992125984251
20
-3.9086614173228345
11
6.9362093700787399
21
-3.9102763779527558
0
LINE
8
BLACK
6
CONTINUOUS
10
6.9362093700787399
20
-3.9102763779527558
11
6.9352244488188974
21
-3.9123215748031495
0
LINE
8
BLACK
6
CONTINUOUS
10
6.9352244488188974
20
-3.9123215748031495
11
6.9350916141732286
21
-3.9126422834645669
0
LINE
8
BLACK
6
CONTINUOUS
10
6.9350916141732286
20
-3.9126422834645669
11
6.935049921259842
21
-3.9126839370078739
0
LINE
8
BLACK
6
CONTINUOUS
10
6.935049921259842
20
-3.9126839370078739
11
6.9348079921259842
21
-3.9131863779527558
0
LINE
8
BLACK
6
CONTINUOUS
10
6.9348079921259842
20
-3.9131863779527558
11
6.9335218503937011
21
-3.9142120078740157
0
LINE
8
BLACK
6
CONTINUOUS
10
6.9335218503937011
20
-3.9142120078740157
11
6.9331147244094486
21
-3.9146191732283464
0
LINE
8
BLACK
6
CONTINUOUS
10
6.9331147244094486
20
-3.9146191732283464
11
6.9328995669291338
21
-3.9147082677165352
0
LINE
8
BLACK
6
CONTINUOUS
10
6.9328995669291338
20
-3.9147082677165352
11
6.9322827559055114
21
-3.9152001968503938
0
LINE
8
BLACK
6
CONTINUOUS
10
6.9322827559055114
20
-3.9152001968503938
11
6.9310115748031498
21
-3.9154903149606297
0
LINE
8
BLACK
6
CONTINUOUS
10
6.9310115748031498
20
-3.9154903149606297
11
6.9305317322834643
21
-3.9156890944881888
0
LINE
8
BLACK
6
CONTINUOUS
10
6.9305317322834643
20
-3.9156890944881888
11
6.9301407086614173
21
-3.9156890944881888
0
LINE
8
BLACK
6
CONTINUOUS
10
6.9301407086614173
20
-3.9156890944881888
11
6.9291338582677167
21
-3.9159188976377952
0
LINE
8
BLACK
6
CONTINUOUS
10
6.9291338582677167
20
-3.9159188976377952
11
6.928127007874016
21
-3.9156890944881888
0
LINE
8
BLACK
6
CONTINUOUS
10
6.928127007874016
20
-3.9156890944881888
11
6.9277359842519681
21
-3.9156890944881888
0
LINE
8
BLACK
6
CONTINUOUS
10
6.9277359842519681
20
-3.9156890944881888
11
6.9272561023622048
21
-3.9154903149606297
0
LINE
8
BLACK
6
CONTINUOUS
10
6.9272561023622048
20
-3.9154903149606297
11
6.9259849606299211
21
-3.9152001968503938
0
LINE
8
BLACK
6
CONTINUOUS
10
6.9259849606299211
20
-3.9152001968503938
11
6.9253681102362199
21
-3.9147082677165352
0
LINE
8
BLACK
6
CONTINUOUS
10
6.9253681102362199
20
-3.9147082677165352
11
6.9251529921259838
21
-3.9146191732283464
0
LINE
8
BLACK
6
CONTINUOUS
10
6.9251529921259838
20
-3.9146191732283464
11
6.9247458267716535
21
-3.9142120078740157
0
LINE
8
BLACK
6
CONTINUOUS
10
6.9247458267716535
20
-3.9142120078740157
11
6.9234597244094482
21
-3.9131863779527558
0
LINE
8
BLACK
6
CONTINUOUS
10
6.9234597244094482
20
-3.9131863779527558
11
6.9232177559055117
21
-3.9126839370078739
0
LINE
8
BLACK
6
CONTINUOUS
10
6.9232177559055117
20
-3.9126839370078739
11
6.9231761023622047
21
-3.9126422834645669
0
LINE
8
BLACK
6
CONTINUOUS
10
6.9231761023622047
20
-3.9126422834645669
11
6.9230432283464562
21
-3.9123215748031495
0
LINE
8
BLACK
6
CONTINUOUS
10
6.9230432283464562
20
-3.9123215748031495
11
6.9220583464566925
21
-3.9102763779527558
0
LINE
8
BLACK
6
CONTINUOUS
10
6.9220583464566925
20
-3.9102763779527558
11
6.9219685039370074
21
-3.9086614173228345
0
LINE
8
BLACK
6
CONTINUOUS
10
6.9219685039370074
20
-3.9086614173228345
11
6.9219685039370074
21
-3.8801968503937005
0
LINE
8
BLACK
6
CONTINUOUS
10
6.9219685039370074
20
-3.8801968503937005
11
6.9220583464566925
21
-3.8785818897637796
0
LINE
8
BLACK
6
CONTINUOUS
10
6.9220583464566925
20
-3.8785818897637796
11
6.9230432283464562
21
-3.8765366535433068
0
LINE
8
BLACK
6
CONTINUOUS
10
6.9230432283464562
20
-3.8765366535433068
11
6.9231761023622047
21
-3.8762159842519686
0
LINE
8
BLACK
6
CONTINUOUS
10
6.9231761023622047
20
-3.8762159842519686
11
6.9232177559055117
21
-3.8761742913385824
0
LINE
8
BLACK
6
CONTINUOUS
10
6.9232177559055117
20
-3.8761742913385824
11
6.9234597244094482
21
-3.8756718897637796
0
LINE
8
BLACK
6
CONTINUOUS
10
6.9234597244094482
20
-3.8756718897637796
11
6.9247458267716535
21
-3.874646220472441
0
LINE
8
BLACK
6
CONTINUOUS
10
6.9247458267716535
20
-3.874646220472441
11
6.9251529921259838
21
-3.874239094488189
0
LINE
8
BLACK
6
CONTINUOUS
10
6.9251529921259838
20
-3.874239094488189
11
6.9253681102362199
21
-3.874149960629921
0
LINE
8
BLACK
6
CONTINUOUS
10
6.9253681102362199
20
-3.874149960629921
11
6.9259849606299211
21
-3.8736580708661417
0
LINE
8
BLACK
6
CONTINUOUS
10
6.9259849606299211
20
-3.8736580708661417
11
6.9272561023622048
21
-3.8733679133858265
0
LINE
8
BLACK
6
CONTINUOUS
10
6.9272561023622048
20
-3.8733679133858265
11
6.9277359842519681
21
-3.8731691732283462
0
LINE
8
BLACK
6
CONTINUOUS
10
6.9277359842519681
20
-3.8731691732283462
11
6.928127007874016
21
-3.8731691732283462
0
LINE
8
BLACK
6
CONTINUOUS
10
6.928127007874016
20
-3.8731691732283462
11
6.9291338582677167
21
-3.8729393700787402
0
LINE
8
BLACK
6
CONTINUOUS
10
6.9291338582677167
20
-3.8729393700787402
11
6.9301407086614173
21
-3.8731691732283462
0
LINE
8
BLACK
6
CONTINUOUS
10
6.9557312598425192
20
-3.8731691732283462
11
6.9561222834645671
21
-3.8731691732283462
0
LINE
8
BLACK
6
CONTINUOUS
10
6.9561222834645671
20
-3.8731691732283462
11
6.9566021259842516
21
-3.8733679133858265
0
LINE
8
BLACK
6
CONTINUOUS
10
6.9566021259842516
20
-3.8733679133858265
11
6.9578733070866141
21
-3.8736580708661417
0
LINE
8
BLACK
6
CONTINUOUS
10
6.9578733070866141
20
-3.8736580708661417
11
6.9584901181102357
21
-3.874149960629921
0
LINE
8
BLACK
6
CONTINUOUS
10
6.9584901181102357
20
-3.874149960629921
11
6.9587052755905514
21
-3.874239094488189
0
LINE
8
BLACK
6
CONTINUOUS
10
6.9587052755905514
20
-3.874239094488189
11
6.9591124015748029
21
-3.874646220472441
0
LINE
8
BLACK
6
CONTINUOUS
10
6.9591124015748029
20
-3.874646220472441
11
6.9603985433070861
21
-3.8756718897637796
0
LINE
8
BLACK
6
CONTINUOUS
10
6.9603985433070861
20
-3.8756718897637796
11
6.9606404724409447
21
-3.8761742913385824
0
LINE
8
BLACK
6
CONTINUOUS
10
6.9606404724409447
20
-3.8761742913385824
11
6.9606821653543305
21
-3.8762159842519686
0
LINE
8
BLACK
6
CONTINUOUS
10
6.9606821653543305
20
-3.8762159842519686
11
6.9608150000000002
21
-3.8765366535433068
0
LINE
8
BLACK
6
CONTINUOUS
10
6.9608150000000002
20
-3.8765366535433068
11
6.9617999212598427
21
-3.8785818897637796
0
LINE
8
BLACK
6
CONTINUOUS
10
6.9617999212598427
20
-3.8785818897637796
11
6.9618897637795278
21
-3.8801968503937005
0
LINE
8
BLACK
6
CONTINUOUS
10
6.9618897637795278
20
-3.8801968503937005
11
6.9618897637795278
21
-3.9086614173228345
0
LINE
8
BLACK
6
CONTINUOUS
10
6.9618897637795278
20
-3.9086614173228345
11
6.9617999212598427
21
-3.9102763779527558
0
LINE
8
BLACK
6
CONTINUOUS
10
6.9617999212598427
20
-3.9102763779527558
11
6.9608150000000002
21
-3.9123215748031495
0
LINE
8
BLACK
6
CONTINUOUS
10
6.9608150000000002
20
-3.9123215748031495
11
6.9606821653543305
21
-3.9126422834645669
0
LINE
8
BLACK
6
CONTINUOUS
10
6.9606821653543305
20
-3.9126422834645669
11
6.9606404724409447
21
-3.9126839370078739
0
LINE
8
BLACK
6
CONTINUOUS
10
6.9606404724409447
20
-3.9126839370078739
11
6.9603985433070861
21
-3.9131863779527558
0
LINE
8
BLACK
6
CONTINUOUS
10
6.9603985433070861
20
-3.9131863779527558
11
6.9591124015748029
21
-3.9142120078740157
0
LINE
8
BLACK
6
CONTINUOUS
10
6.9591124015748029
20
-3.9142120078740157
11
6.9587052755905514
21
-3.9146191732283464
0
LINE
8
BLACK
6
CONTINUOUS
10
6.9587052755905514
20
-3.9146191732283464
11
6.9584901181102357
21
-3.9147082677165352
0
LINE
8
BLACK
6
CONTINUOUS
10
6.9584901181102357
20
-3.9147082677165352
11
6.9578733070866141
21
-3.9152001968503938
0
LINE
8
BLACK
6
CONTINUOUS
10
6.9578733070866141
20
-3.9152001968503938
11
6.9566021259842516
21
-3.9154903149606297
0
LINE
8
BLACK
6
CONTINUOUS
10
6.9566021259842516
20
-3.9154903149606297
11
6.9561222834645671
21
-3.9156890944881888
0
LINE
8
BLACK
6
CONTINUOUS
10
6.9561222834645671
20
-3.9156890944881888
11
6.9557312598425192
21
-3.9156890944881888
0
LINE
8
BLACK
6
CONTINUOUS
10
6.9557312598425192
20
-3.9156890944881888
11
6.9547244094488185
21
-3.9159188976377952
0
LINE
8
BLACK
6
CONTINUOUS
10
6.9547244094488185
20
-3.9159188976377952
11
6.9537175590551179
21
-3.9156890944881888
0
LINE
8
BLACK
6
CONTINUOUS
10
6.9537175590551179
20
-3.9156890944881888
11
6.9533265354330709
21
-3.9156890944881888
0
LINE
8
BLACK
6
CONTINUOUS
10
6.9533265354330709
20
-3.9156890944881888
11
6.9528466535433067
21
-3.9154903149606297
0
LINE
8
BLACK
6
CONTINUOUS
10
6.9528466535433067
20
-3.9154903149606297
11
6.9515755118110238
21
-3.9152001968503938
0
LINE
8
BLACK
6
CONTINUOUS
10
6.9515755118110238
20
-3.9152001968503938
11
6.9509586614173227
21
-3.9147082677165352
0
LINE
8
BLACK
6
CONTINUOUS
10
6.9509586614173227
20
-3.9147082677165352
11
6.9507435433070865
21
-3.9146191732283464
0
LINE
8
BLACK
6
CONTINUOUS
10
6.9507435433070865
20
-3.9146191732283464
11
6.9503363779527554
21
-3.9142120078740157
0
LINE
8
BLACK
6
CONTINUOUS
10
6.9503363779527554
20
-3.9142120078740157
11
6.949050275590551
21
-3.9131863779527558
0
LINE
8
BLACK
6
CONTINUOUS
10
6.949050275590551
20
-3.9131863779527558
11
6.9488083070866145
21
-3.9126839370078739
0
LINE
8
BLACK
6
CONTINUOUS
10
6.9488083070866145
20
-3.9126839370078739
11
6.9487666535433066
21
-3.9126422834645669
0
LINE
8
BLACK
6
CONTINUOUS
10
6.9487666535433066
20
-3.9126422834645669
11
6.948633779527559
21
-3.9123215748031495
0
LINE
8
BLACK
6
CONTINUOUS
10
6.948633779527559
20
-3.9123215748031495
11
6.9476488976377953
21
-3.9102763779527558
0
LINE
8
BLACK
6
CONTINUOUS
10
6.9476488976377953
20
-3.9102763779527558
11
6.9475590551181101
21
-3.9086614173228345
0
LINE
8
BLACK
6
CONTINUOUS
10
6.9475590551181101
20
-3.9086614173228345
11
6.9475590551181101
21
-3.8801968503937005
0
LINE
8
BLACK
6
CONTINUOUS
10
6.9475590551181101
20
-3.8801968503937005
11
6.9476488976377953
21
-3.8785818897637796
0
LINE
8
BLACK
6
CONTINUOUS
10
6.9476488976377953
20
-3.8785818897637796
11
6.948633779527559
21
-3.8765366535433068
0
LINE
8
BLACK
6
CONTINUOUS
10
6.948633779527559
20
-3.8765366535433068
11
6.9487666535433066
21
-3.8762159842519686
0
LINE
8
BLACK
6
CONTINUOUS
10
6.9487666535433066
20
-3.8762159842519686
11
6.9488083070866145
21
-3.8761742913385824
0
LINE
8
BLACK
6
CONTINUOUS
10
6.9488083070866145
20
-3.8761742913385824
11
6.949050275590551
21
-3.8756718897637796
0
LINE
8
BLACK
6
CONTINUOUS
10
6.949050275590551
20
-3.8756718897637796
11
6.9503363779527554
21
-3.874646220472441
0
LINE
8
BLACK
6
CONTINUOUS
10
6.9503363779527554
20
-3.874646220472441
11
6.9507435433070865
21
-3.874239094488189
0
LINE
8
BLACK
6
CONTINUOUS
10
6.9507435433070865
20
-3.874239094488189
11
6.9509586614173227
21
-3.874149960629921
0
LINE
8
BLACK
6
CONTINUOUS
10
6.9509586614173227
20
-3.874149960629921
11
6.9515755118110238
21
-3.8736580708661417
0
LINE
8
BLACK
6
CONTINUOUS
10
6.9515755118110238
20
-3.8736580708661417
11
6.9528466535433067
21
-3.8733679133858265
0
LINE
8
BLACK
6
CONTINUOUS
10
6.9528466535433067
20
-3.8733679133858265
11
6.9533265354330709
21
-3.8731691732283462
0
LINE
8
BLACK
6
CONTINUOUS
10
6.9533265354330709
20
-3.8731691732283462
11
6.9537175590551179
21
-3.8731691732283462
0
LINE
8
BLACK
6
CONTINUOUS
10
6.9537175590551179
20
-3.8731691732283462
11
6.9547244094488185
21
-3.8729393700787402
0
LINE
8
BLACK
6
CONTINUOUS
10
6.9547244094488185
20
-3.8729393700787402
11
6.9557312598425192
21
-3.8731691732283462
0
LINE
8
BLACK
6
CONTINUOUS
10
6.9813218110236219
20
-3.8731691732283462
11
6.9817128346456689
21
-3.8731691732283462
0
LINE
8
BLACK
6
CONTINUOUS
10
6.9817128346456689
20
-3.8731691732283462
11
6.9821926771653544
21
-3.8733679133858265
0
LINE
8
BLACK
6
CONTINUOUS
10
6.9821926771653544
20
-3.8733679133858265
11
6.983463858267716
21
-3.8736580708661417
0
LINE
8
BLACK
6
CONTINUOUS
10
6.983463858267716
20
-3.8736580708661417
11
6.9840806692913384
21
-3.874149960629921
0
LINE
8
BLACK
6
CONTINUOUS
10
6.9840806692913384
20
-3.874149960629921
11
6.9842958267716533
21
-3.874239094488189
0
LINE
8
BLACK
6
CONTINUOUS
10
6.9842958267716533
20
-3.874239094488189
11
6.9847029527559057
21
-3.874646220472441
0
LINE
8
BLACK
6
CONTINUOUS
10
6.9847029527559057
20
-3.874646220472441
11
6.9859890944881888
21
-3.8756718897637796
0
LINE
8
BLACK
6
CONTINUOUS
10
6.9859890944881888
20
-3.8756718897637796
11
6.9862310236220475
21
-3.8761742913385824
0
LINE
8
BLACK
6
CONTINUOUS
10
6.9862310236220475
20
-3.8761742913385824
11
6.9862727165354332
21
-3.8762159842519686
0
LINE
8
BLACK
6
CONTINUOUS
10
6.9862727165354332
20
-3.8762159842519686
11
6.9864055511811021
21
-3.8765366535433068
0
LINE
8
BLACK
6
CONTINUOUS
10
6.9864055511811021
20
-3.8765366535433068
11
6.9873904724409446
21
-3.8785818897637796
0
LINE
8
BLACK
6
CONTINUOUS
10
6.9873904724409446
20
-3.8785818897637796
11
6.9874803149606297
21
-3.8801968503937005
0
LINE
8
BLACK
6
CONTINUOUS
10
6.9874803149606297
20
-3.8801968503937005
11
6.9874803149606297
21
-3.9086614173228345
0
LINE
8
BLACK
6
CONTINUOUS
10
6.9874803149606297
20
-3.9086614173228345
11
6.9873904724409446
21
-3.9102763779527558
0
LINE
8
BLACK
6
CONTINUOUS
10
6.9873904724409446
20
-3.9102763779527558
11
6.9864055511811021
21
-3.9123215748031495
0
LINE
8
BLACK
6
CONTINUOUS
10
6.9864055511811021
20
-3.9123215748031495
11
6.9862727165354332
21
-3.9126422834645669
0
LINE
8
BLACK
6
CONTINUOUS
10
6.9862727165354332
20
-3.9126422834645669
11
6.9862310236220475
21
-3.9126839370078739
0
LINE
8
BLACK
6
CONTINUOUS
10
6.9862310236220475
20
-3.9126839370078739
11
6.9859890944881888
21
-3.9131863779527558
0
LINE
8
BLACK
6
CONTINUOUS
10
6.9859890944881888
20
-3.9131863779527558
11
6.9847029527559057
21
-3.9142120078740157
0
LINE
8
BLACK
6
CONTINUOUS
10
6.9847029527559057
20
-3.9142120078740157
11
6.9842958267716533
21
-3.9146191732283464
0
LINE
8
BLACK
6
CONTINUOUS
10
6.9842958267716533
20
-3.9146191732283464
11
6.9840806692913384
21
-3.9147082677165352
0
LINE
8
BLACK
6
CONTINUOUS
10
6.9840806692913384
20
-3.9147082677165352
11
6.983463858267716
21
-3.9152001968503938
0
LINE
8
BLACK
6
CONTINUOUS
10
6.983463858267716
20
-3.9152001968503938
11
6.9821926771653544
21
-3.9154903149606297
0
LINE
8
BLACK
6
CONTINUOUS
10
6.9821926771653544
20
-3.9154903149606297
11
6.9817128346456689
21
-3.9156890944881888
0
LINE
8
BLACK
6
CONTINUOUS
10
6.9817128346456689
20
-3.9156890944881888
11
6.9813218110236219
21
-3.9156890944881888
0
LINE
8
BLACK
6
CONTINUOUS
10
6.9813218110236219
20
-3.9156890944881888
11
6.9803149606299213
21
-3.9159188976377952
0
LINE
8
BLACK
6
CONTINUOUS
10
6.9803149606299213
20
-3.9159188976377952
11
6.9793081102362207
21
-3.9156890944881888
0
LINE
8
BLACK
6
CONTINUOUS
10
6.9793081102362207
20
-3.9156890944881888
11
6.9789170866141728
21
-3.9156890944881888
0
LINE
8
BLACK
6
CONTINUOUS
10
6.9789170866141728
20
-3.9156890944881888
11
6.9784372047244094
21
-3.9154903149606297
0
LINE
8
BLACK
6
CONTINUOUS
10
6.9784372047244094
20
-3.9154903149606297
11
6.9771660629921257
21
-3.9152001968503938
0
LINE
8
BLACK
6
CONTINUOUS
10
6.9771660629921257
20
-3.9152001968503938
11
6.9765492125984254
21
-3.9147082677165352
0
LINE
8
BLACK
6
CONTINUOUS
10
6.9765492125984254
20
-3.9147082677165352
11
6.9763340944881884
21
-3.9146191732283464
0
LINE
8
BLACK
6
CONTINUOUS
10
6.9763340944881884
20
-3.9146191732283464
11
6.9759269291338581
21
-3.9142120078740157
0
LINE
8
BLACK
6
CONTINUOUS
10
6.9759269291338581
20
-3.9142120078740157
11
6.9746408267716538
21
-3.9131863779527558
0
LINE
8
BLACK
6
CONTINUOUS
10
6.9746408267716538
20
-3.9131863779527558
11
6.9743988582677163
21
-3.9126839370078739
0
LINE
8
BLACK
6
CONTINUOUS
10
6.9743988582677163
20
-3.9126839370078739
11
6.9743572047244093
21
-3.9126422834645669
0
LINE
8
BLACK
6
CONTINUOUS
10
6.9743572047244093
20
-3.9126422834645669
11
6.9742243307086609
21
-3.9123215748031495
0
LINE
8
BLACK
6
CONTINUOUS
10
6.9742243307086609
20
-3.9123215748031495
11
6.9732394488188971
21
-3.9102763779527558
0
LINE
8
BLACK
6
CONTINUOUS
10
6.9732394488188971
20
-3.9102763779527558
11
6.9731496062992129
21
-3.9086614173228345
0
LINE
8
BLACK
6
CONTINUOUS
10
6.9731496062992129
20
-3.9086614173228345
11
6.9731496062992129
21
-3.8801968503937005
0
LINE
8
BLACK
6
CONTINUOUS
10
6.9731496062992129
20
-3.8801968503937005
11
6.9732394488188971
21
-3.8785818897637796
0
LINE
8
BLACK
6
CONTINUOUS
10
6.9732394488188971
20
-3.8785818897637796
11
6.9742243307086609
21
-3.8765366535433068
0
LINE
8
BLACK
6
CONTINUOUS
10
6.9742243307086609
20
-3.8765366535433068
11
6.9743572047244093
21
-3.8762159842519686
0
LINE
8
BLACK
6
CONTINUOUS
10
6.9743572047244093
20
-3.8762159842519686
11
6.9743988582677163
21
-3.8761742913385824
0
LINE
8
BLACK
6
CONTINUOUS
10
6.9743988582677163
20
-3.8761742913385824
11
6.9746408267716538
21
-3.8756718897637796
0
LINE
8
BLACK
6
CONTINUOUS
10
6.9746408267716538
20
-3.8756718897637796
11
6.9759269291338581
21
-3.874646220472441
0
LINE
8
BLACK
6
CONTINUOUS
10
6.9759269291338581
20
-3.874646220472441
11
6.9763340944881884
21
-3.874239094488189
0
LINE
8
BLACK
6
CONTINUOUS
10
6.9763340944881884
20
-3.874239094488189
11
6.9765492125984254
21
-3.874149960629921
0
LINE
8
BLACK
6
CONTINUOUS
10
6.9765492125984254
20
-3.874149960629921
11
6.9771660629921257
21
-3.8736580708661417
0
LINE
8
BLACK
6
CONTINUOUS
10
6.9771660629921257
20
-3.8736580708661417
11
6.9784372047244094
21
-3.8733679133858265
0
LINE
8
BLACK
6
CONTINUOUS
10
6.9784372047244094
20
-3.8733679133858265
11
6.9789170866141728
21
-3.8731691732283462
0
LINE
8
BLACK
6
CONTINUOUS
10
6.9789170866141728
20
-3.8731691732283462
11
6.9793081102362207
21
-3.8731691732283462
0
LINE
8
BLACK
6
CONTINUOUS
10
6.9793081102362207
20
-3.8731691732283462
11
6.9803149606299213
21
-3.8729393700787402
0
LINE
8
BLACK
6
CONTINUOUS
10
6.9803149606299213
20
-3.8729393700787402
11
6.9813218110236219
21
-3.8731691732283462
0
LINE
8
BLACK
6
CONTINUOUS
10
7.0069123622047247
20
-3.8731691732283462
11
7.0073033858267717
21
-3.8731691732283462
0
LINE
8
BLACK
6
CONTINUOUS
10
7.0073033858267717
20
-3.8731691732283462
11
7.0077832283464563
21
-3.8733679133858265
0
LINE
8
BLACK
6
CONTINUOUS
10
7.0077832283464563
20
-3.8733679133858265
11
7.0090544094488187
21
-3.8736580708661417
0
LINE
8
BLACK
6
CONTINUOUS
10
7.0090544094488187
20
-3.8736580708661417
11
7.0096712204724412
21
-3.874149960629921
0
LINE
8
BLACK
6
CONTINUOUS
10
7.0096712204724412
20
-3.874149960629921
11
7.009886377952756
21
-3.874239094488189
0
LINE
8
BLACK
6
CONTINUOUS
10
7.009886377952756
20
-3.874239094488189
11
7.0102935039370076
21
-3.874646220472441
0
LINE
8
BLACK
6
CONTINUOUS
10
7.0102935039370076
20
-3.874646220472441
11
7.0115796456692916
21
-3.8756718897637796
0
LINE
8
BLACK
6
CONTINUOUS
10
7.0115796456692916
20
-3.8756718897637796
11
7.0118215748031494
21
-3.8761742913385824
0
LINE
8
BLACK
6
CONTINUOUS
10
7.0118215748031494
20
-3.8761742913385824
11
7.0118632677165351
21
-3.8762159842519686
0
LINE
8
BLACK
6
CONTINUOUS
10
7.0118632677165351
20
-3.8762159842519686
11
7.0119961023622048
21
-3.8765366535433068
0
LINE
8
BLACK
6
CONTINUOUS
10
7.0119961023622048
20
-3.8765366535433068
11
7.0129810236220473
21
-3.8785818897637796
0
LINE
8
BLACK
6
CONTINUOUS
10
7.0129810236220473
20
-3.8785818897637796
11
7.0130708661417325
21
-3.8801968503937005
0
LINE
8
BLACK
6
CONTINUOUS
10
7.0130708661417325
20
-3.8801968503937005
11
7.0130708661417325
21
-3.9086614173228345
0
LINE
8
BLACK
6
CONTINUOUS
10
7.0130708661417325
20
-3.9086614173228345
11
7.0129810236220473
21
-3.9102763779527558
0
LINE
8
BLACK
6
CONTINUOUS
10
7.0129810236220473
20
-3.9102763779527558
11
7.0119961023622048
21
-3.9123215748031495
0
LINE
8
BLACK
6
CONTINUOUS
10
7.0119961023622048
20
-3.9123215748031495
11
7.0118632677165351
21
-3.9126422834645669
0
LINE
8
BLACK
6
CONTINUOUS
10
7.0118632677165351
20
-3.9126422834645669
11
7.0118215748031494
21
-3.9126839370078739
0
LINE
8
BLACK
6
CONTINUOUS
10
7.0118215748031494
20
-3.9126839370078739
11
7.0115796456692916
21
-3.9131863779527558
0
LINE
8
BLACK
6
CONTINUOUS
10
7.0115796456692916
20
-3.9131863779527558
11
7.0102935039370076
21
-3.9142120078740157
0
LINE
8
BLACK
6
CONTINUOUS
10
7.0102935039370076
20
-3.9142120078740157
11
7.009886377952756
21
-3.9146191732283464
0
LINE
8
BLACK
6
CONTINUOUS
10
7.009886377952756
20
-3.9146191732283464
11
7.0096712204724412
21
-3.9147082677165352
0
LINE
8
BLACK
6
CONTINUOUS
10
7.0096712204724412
20
-3.9147082677165352
11
7.0090544094488187
21
-3.9152001968503938
0
LINE
8
BLACK
6
CONTINUOUS
10
7.0090544094488187
20
-3.9152001968503938
11
7.0077832283464563
21
-3.9154903149606297
0
LINE
8
BLACK
6
CONTINUOUS
10
7.0077832283464563
20
-3.9154903149606297
11
7.0073033858267717
21
-3.9156890944881888
0
LINE
8
BLACK
6
CONTINUOUS
10
7.0073033858267717
20
-3.9156890944881888
11
7.0069123622047247
21
-3.9156890944881888
0
LINE
8
BLACK
6
CONTINUOUS
10
7.0069123622047247
20
-3.9156890944881888
11
7.0059055118110232
21
-3.9159188976377952
0
LINE
8
BLACK
6
CONTINUOUS
10
7.0059055118110232
20
-3.9159188976377952
11
7.0048986614173225
21
-3.9156890944881888
0
LINE
8
BLACK
6
CONTINUOUS
10
7.0048986614173225
20
-3.9156890944881888
11
7.0045076377952755
21
-3.9156890944881888
0
LINE
8
BLACK
6
CONTINUOUS
10
7.0045076377952755
20
-3.9156890944881888
11
7.0040277559055113
21
-3.9154903149606297
0
LINE
8
BLACK
6
CONTINUOUS
10
7.0040277559055113
20
-3.9154903149606297
11
7.0027566141732285
21
-3.9152001968503938
0
LINE
8
BLACK
6
CONTINUOUS
10
7.0027566141732285
20
-3.9152001968503938
11
7.0021397637795273
21
-3.9147082677165352
0
LINE
8
BLACK
6
CONTINUOUS
10
7.0021397637795273
20
-3.9147082677165352
11
7.0019246456692912
21
-3.9146191732283464
0
LINE
8
BLACK
6
CONTINUOUS
10
7.0019246456692912
20
-3.9146191732283464
11
7.0015174803149609
21
-3.9142120078740157
0
LINE
8
BLACK
6
CONTINUOUS
10
7.0015174803149609
20
-3.9142120078740157
11
7.0002313779527556
21
-3.9131863779527558
0
LINE
8
BLACK
6
CONTINUOUS
10
7.0002313779527556
20
-3.9131863779527558
11
6.9999894094488191
21
-3.9126839370078739
0
LINE
8
BLACK
6
CONTINUOUS
10
6.9999894094488191
20
-3.9126839370078739
11
6.9999477559055112
21
-3.9126422834645669
0
LINE
8
BLACK
6
CONTINUOUS
10
6.9999477559055112
20
-3.9126422834645669
11
6.9998148818897636
21
-3.9123215748031495
0
LINE
8
BLACK
6
CONTINUOUS
10
6.9998148818897636
20
-3.9123215748031495
11
6.9988299999999999
21
-3.9102763779527558
0
LINE
8
BLACK
6
CONTINUOUS
10
6.9988299999999999
20
-3.9102763779527558
11
6.9987401574803147
21
-3.9086614173228345
0
LINE
8
BLACK
6
CONTINUOUS
10
6.9987401574803147
20
-3.9086614173228345
11
6.9987401574803147
21
-3.8801968503937005
0
LINE
8
BLACK
6
CONTINUOUS
10
6.9987401574803147
20
-3.8801968503937005
11
6.9988299999999999
21
-3.8785818897637796
0
LINE
8
BLACK
6
CONTINUOUS
10
6.9988299999999999
20
-3.8785818897637796
11
6.9998148818897636
21
-3.8765366535433068
0
LINE
8
BLACK
6
CONTINUOUS
10
6.9998148818897636
20
-3.8765366535433068
11
6.9999477559055112
21
-3.8762159842519686
0
LINE
8
BLACK
6
CONTINUOUS
10
6.9999477559055112
20
-3.8762159842519686
11
6.9999894094488191
21
-3.8761742913385824
0
LINE
8
BLACK
6
CONTINUOUS
10
6.9999894094488191
20
-3.8761742913385824
11
7.0002313779527556
21
-3.8756718897637796
0
LINE
8
BLACK
6
CONTINUOUS
10
7.0002313779527556
20
-3.8756718897637796
11
7.0015174803149609
21
-3.874646220472441
0
LINE
8
BLACK
6
CONTINUOUS
10
7.0015174803149609
20
-3.874646220472441
11
7.0019246456692912
21
-3.874239094488189
0
LINE
8
BLACK
6
CONTINUOUS
10
7.0019246456692912
20
-3.874239094488189
11
7.0021397637795273
21
-3.874149960629921
0
LINE
8
BLACK
6
CONTINUOUS
10
7.0021397637795273
20
-3.874149960629921
11
7.0027566141732285
21
-3.8736580708661417
0
LINE
8
BLACK
6
CONTINUOUS
10
7.0027566141732285
20
-3.8736580708661417
11
7.0040277559055113
21
-3.8733679133858265
0
LINE
8
BLACK
6
CONTINUOUS
10
7.0040277559055113
20
-3.8733679133858265
11
7.0045076377952755
21
-3.8731691732283462
0
LINE
8
BLACK
6
CONTINUOUS
10
7.0045076377952755
20
-3.8731691732283462
11
7.0048986614173225
21
-3.8731691732283462
0
LINE
8
BLACK
6
CONTINUOUS
10
7.0048986614173225
20
-3.8731691732283462
11
7.0059055118110232
21
-3.8729393700787402
0
LINE
8
BLACK
6
CONTINUOUS
10
7.0059055118110232
20
-3.8729393700787402
11
7.0069123622047247
21
-3.8731691732283462
0
LINE
8
BLACK
6
CONTINUOUS
10
6.106853307086614
20
-3.8707675984251968
11
6.107244330708661
21
-3.8707675984251968
0
LINE
8
BLACK
6
CONTINUOUS
10
6.107244330708661
20
-3.8707675984251968
11
6.1077241732283465
21
-3.8709663385826771
0
LINE
8
BLACK
6
CONTINUOUS
10
6.1077241732283465
20
-3.8709663385826771
11
6.1089953543307089
21
-3.8712564960629918
0
LINE
8
BLACK
6
CONTINUOUS
10
6.1089953543307089
20
-3.8712564960629918
11
6.1096121653543305
21
-3.8717483858267716
0
LINE
8
BLACK
6
CONTINUOUS
10
6.1096121653543305
20
-3.8717483858267716
11
6.1098273228346454
21
-3.8718375196850392
0
LINE
8
BLACK
6
CONTINUOUS
10
6.1098273228346454
20
-3.8718375196850392
11
6.1102344488188978
21
-3.8722446456692912
0
LINE
8
BLACK
6
CONTINUOUS
10
6.1102344488188978
20
-3.8722446456692912
11
6.1115205905511809
21
-3.8732703149606298
0
LINE
8
BLACK
6
CONTINUOUS
10
6.1115205905511809
20
-3.8732703149606298
11
6.1117625196850396
21
-3.873772716535433
0
LINE
8
BLACK
6
CONTINUOUS
10
6.1117625196850396
20
-3.873772716535433
11
6.1118042125984253
21
-3.8738144094488187
0
LINE
8
BLACK
6
CONTINUOUS
10
6.1118042125984253
20
-3.8738144094488187
11
6.1119370472440941
21
-3.8741350787401574
0
LINE
8
BLACK
6
CONTINUOUS
10
6.1119370472440941
20
-3.8741350787401574
11
6.1129219685039367
21
-3.8761803149606298
0
LINE
8
BLACK
6
CONTINUOUS
10
6.1129219685039367
20
-3.8761803149606298
11
6.1130118110236218
21
-3.8777952755905511
0
LINE
8
BLACK
6
CONTINUOUS
10
6.1130118110236218
20
-3.8777952755905511
11
6.1130118110236218
21
-3.9062598425196851
0
LINE
8
BLACK
6
CONTINUOUS
10
6.1130118110236218
20
-3.9062598425196851
11
6.1129219685039367
21
-3.907874803149606
0
LINE
8
BLACK
6
CONTINUOUS
10
6.1129219685039367
20
-3.907874803149606
11
6.1119370472440941
21
-3.9099200000000001
0
LINE
8
BLACK
6
CONTINUOUS
10
6.1119370472440941
20
-3.9099200000000001
11
6.1118042125984253
21
-3.910240708661417
0
LINE
8
BLACK
6
CONTINUOUS
10
6.1118042125984253
20
-3.910240708661417
11
6.1117625196850396
21
-3.9102823622047245
0
LINE
8
BLACK
6
CONTINUOUS
10
6.1117625196850396
20
-3.9102823622047245
11
6.1115205905511809
21
-3.9107848031496064
0
LINE
8
BLACK
6
CONTINUOUS
10
6.1115205905511809
20
-3.9107848031496064
11
6.1102344488188978
21
-3.9118104330708658
0
LINE
8
BLACK
6
CONTINUOUS
10
6.1102344488188978
20
-3.9118104330708658
11
6.1098273228346454
21
-3.9122175984251966
0
LINE
8
BLACK
6
CONTINUOUS
10
6.1098273228346454
20
-3.9122175984251966
11
6.1096121653543305
21
-3.9123066929133858
0
LINE
8
BLACK
6
CONTINUOUS
10
6.1096121653543305
20
-3.9123066929133858
11
6.1089953543307089
21
-3.9127986220472439
0
LINE
8
BLACK
6
CONTINUOUS
10
6.1089953543307089
20
-3.9127986220472439
11
6.1077241732283465
21
-3.9130887401574803
0
LINE
8
BLACK
6
CONTINUOUS
10
6.1077241732283465
20
-3.9130887401574803
11
6.107244330708661
21
-3.9132875196850394
0
LINE
8
BLACK
6
CONTINUOUS
10
6.107244330708661
20
-3.9132875196850394
11
6.106853307086614
21
-3.9132875196850394
0
LINE
8
BLACK
6
CONTINUOUS
10
6.106853307086614
20
-3.9132875196850394
11
6.1058464566929134
21
-3.9135173228346454
0
LINE
8
BLACK
6
CONTINUOUS
10
6.1058464566929134
20
-3.9135173228346454
11
6.1048396062992127
21
-3.9132875196850394
0
LINE
8
BLACK
6
CONTINUOUS
10
6.1048396062992127
20
-3.9132875196850394
11
6.1044485826771648
21
-3.9132875196850394
0
LINE
8
BLACK
6
CONTINUOUS
10
6.1044485826771648
20
-3.9132875196850394
11
6.1039687007874015
21
-3.9130887401574803
0
LINE
8
BLACK
6
CONTINUOUS
10
6.1039687007874015
20
-3.9130887401574803
11
6.1026975590551178
21
-3.9127986220472439
0
LINE
8
BLACK
6
CONTINUOUS
10
6.1026975590551178
20
-3.9127986220472439
11
6.1020807086614175
21
-3.9123066929133858
0
LINE
8
BLACK
6
CONTINUOUS
10
6.1020807086614175
20
-3.9123066929133858
11
6.1018655905511814
21
-3.9122175984251966
0
LINE
8
BLACK
6
CONTINUOUS
10
6.1018655905511814
20
-3.9122175984251966
11
6.1014584251968502
21
-3.9118104330708658
0
LINE
8
BLACK
6
CONTINUOUS
10
6.1014584251968502
20
-3.9118104330708658
11
6.1001723228346458
21
-3.9107848031496064
0
LINE
8
BLACK
6
CONTINUOUS
10
6.1001723228346458
20
-3.9107848031496064
11
6.0999303543307084
21
-3.9102823622047245
0
LINE
8
BLACK
6
CONTINUOUS
10
6.0999303543307084
20
-3.9102823622047245
11
6.0998887007874014
21
-3.910240708661417
0
LINE
8
BLACK
6
CONTINUOUS
10
6.0998887007874014
20
-3.910240708661417
11
6.0997558267716538
21
-3.9099200000000001
0
LINE
8
BLACK
6
CONTINUOUS
10
6.0997558267716538
20
-3.9099200000000001
11
6.0987709448818892
21
-3.907874803149606
0
LINE
8
BLACK
6
CONTINUOUS
10
6.0987709448818892
20
-3.907874803149606
11
6.098681102362205
21
-3.9062598425196851
0
LINE
8
BLACK
6
CONTINUOUS
10
6.098681102362205
20
-3.9062598425196851
11
6.098681102362205
21
-3.8777952755905511
0
LINE
8
BLACK
6
CONTINUOUS
10
6.098681102362205
20
-3.8777952755905511
11
6.0987709448818892
21
-3.8761803149606298
0
LINE
8
BLACK
6
CONTINUOUS
10
6.0987709448818892
20
-3.8761803149606298
11
6.0997558267716538
21
-3.8741350787401574
0
LINE
8
BLACK
6
CONTINUOUS
10
6.0997558267716538
20
-3.8741350787401574
11
6.0998887007874014
21
-3.8738144094488187
0
LINE
8
BLACK
6
CONTINUOUS
10
6.0998887007874014
20
-3.8738144094488187
11
6.0999303543307084
21
-3.873772716535433
0
LINE
8
BLACK
6
CONTINUOUS
10
6.0999303543307084
20
-3.873772716535433
11
6.1001723228346458
21
-3.8732703149606298
0
LINE
8
BLACK
6
CONTINUOUS
10
6.1001723228346458
20
-3.8732703149606298
11
6.1014584251968502
21
-3.8722446456692912
0
LINE
8
BLACK
6
CONTINUOUS
10
6.1014584251968502
20
-3.8722446456692912
11
6.1018655905511814
21
-3.8718375196850392
0
LINE
8
BLACK
6
CONTINUOUS
10
6.1018655905511814
20
-3.8718375196850392
11
6.1020807086614175
21
-3.8717483858267716
0
LINE
8
BLACK
6
CONTINUOUS
10
6.1020807086614175
20
-3.8717483858267716
11
6.1026975590551178
21
-3.8712564960629918
0
LINE
8
BLACK
6
CONTINUOUS
10
6.1026975590551178
20
-3.8712564960629918
11
6.1039687007874015
21
-3.8709663385826771
0
LINE
8
BLACK
6
CONTINUOUS
10
6.1039687007874015
20
-3.8709663385826771
11
6.1044485826771648
21
-3.8707675984251968
0
LINE
8
BLACK
6
CONTINUOUS
10
6.1044485826771648
20
-3.8707675984251968
11
6.1048396062992127
21
-3.8707675984251968
0
LINE
8
BLACK
6
CONTINUOUS
10
6.1048396062992127
20
-3.8707675984251968
11
6.1058464566929134
21
-3.8705377952755904
0
LINE
8
BLACK
6
CONTINUOUS
10
6.1058464566929134
20
-3.8705377952755904
11
6.106853307086614
21
-3.8707675984251968
0
LINE
8
BLACK
6
CONTINUOUS
10
6.1324438582677168
20
-3.8707675984251968
11
6.1328348818897638
21
-3.8707675984251968
0
LINE
8
BLACK
6
CONTINUOUS
10
6.1328348818897638
20
-3.8707675984251968
11
6.1333147244094484
21
-3.8709663385826771
0
LINE
8
BLACK
6
CONTINUOUS
10
6.1333147244094484
20
-3.8709663385826771
11
6.1345859055118108
21
-3.8712564960629918
0
LINE
8
BLACK
6
CONTINUOUS
10
6.1345859055118108
20
-3.8712564960629918
11
6.1352027165354333
21
-3.8717483858267716
0
LINE
8
BLACK
6
CONTINUOUS
10
6.1352027165354333
20
-3.8717483858267716
11
6.1354178740157481
21
-3.8718375196850392
0
LINE
8
BLACK
6
CONTINUOUS
10
6.1354178740157481
20
-3.8718375196850392
11
6.1358249999999996
21
-3.8722446456692912
0
LINE
8
BLACK
6
CONTINUOUS
10
6.1358249999999996
20
-3.8722446456692912
11
6.1371111417322837
21
-3.8732703149606298
0
LINE
8
BLACK
6
CONTINUOUS
10
6.1371111417322837
20
-3.8732703149606298
11
6.1373530708661415
21
-3.873772716535433
0
LINE
8
BLACK
6
CONTINUOUS
10
6.1373530708661415
20
-3.873772716535433
11
6.1373947637795272
21
-3.8738144094488187
0
LINE
8
BLACK
6
CONTINUOUS
10
6.1373947637795272
20
-3.8738144094488187
11
6.1375275984251969
21
-3.8741350787401574
0
LINE
8
BLACK
6
CONTINUOUS
10
6.1375275984251969
20
-3.8741350787401574
11
6.1385125196850394
21
-3.8761803149606298
0
LINE
8
BLACK
6
CONTINUOUS
10
6.1385125196850394
20
-3.8761803149606298
11
6.1386023622047245
21
-3.8777952755905511
0
LINE
8
BLACK
6
CONTINUOUS
10
6.1386023622047245
20
-3.8777952755905511
11
6.1386023622047245
21
-3.9062598425196851
0
LINE
8
BLACK
6
CONTINUOUS
10
6.1386023622047245
20
-3.9062598425196851
11
6.1385125196850394
21
-3.907874803149606
0
LINE
8
BLACK
6
CONTINUOUS
10
6.1385125196850394
20
-3.907874803149606
11
6.1375275984251969
21
-3.9099200000000001
0
LINE
8
BLACK
6
CONTINUOUS
10
6.1375275984251969
20
-3.9099200000000001
11
6.1373947637795272
21
-3.910240708661417
0
LINE
8
BLACK
6
CONTINUOUS
10
6.1373947637795272
20
-3.910240708661417
11
6.1373530708661415
21
-3.9102823622047245
0
LINE
8
BLACK
6
CONTINUOUS
10
6.1373530708661415
20
-3.9102823622047245
11
6.1371111417322837
21
-3.9107848031496064
0
LINE
8
BLACK
6
CONTINUOUS
10
6.1371111417322837
20
-3.9107848031496064
11
6.1358249999999996
21
-3.9118104330708658
0
LINE
8
BLACK
6
CONTINUOUS
10
6.1358249999999996
20
-3.9118104330708658
11
6.1354178740157481
21
-3.9122175984251966
0
LINE
8
BLACK
6
CONTINUOUS
10
6.1354178740157481
20
-3.9122175984251966
11
6.1352027165354333
21
-3.9123066929133858
0
LINE
8
BLACK
6
CONTINUOUS
10
6.1352027165354333
20
-3.9123066929133858
11
6.1345859055118108
21
-3.9127986220472439
0
LINE
8
BLACK
6
CONTINUOUS
10
6.1345859055118108
20
-3.9127986220472439
11
6.1333147244094484
21
-3.9130887401574803
0
LINE
8
BLACK
6
CONTINUOUS
10
6.1333147244094484
20
-3.9130887401574803
11
6.1328348818897638
21
-3.9132875196850394
0
LINE
8
BLACK
6
CONTINUOUS
10
6.1328348818897638
20
-3.9132875196850394
11
6.1324438582677168
21
-3.9132875196850394
0
LINE
8
BLACK
6
CONTINUOUS
10
6.1324438582677168
20
-3.9132875196850394
11
6.1314370078740152
21
-3.9135173228346454
0
LINE
8
BLACK
6
CONTINUOUS
10
6.1314370078740152
20
-3.9135173228346454
11
6.1304301574803146
21
-3.9132875196850394
0
LINE
8
BLACK
6
CONTINUOUS
10
6.1304301574803146
20
-3.9132875196850394
11
6.1300391338582676
21
-3.9132875196850394
0
LINE
8
BLACK
6
CONTINUOUS
10
6.1300391338582676
20
-3.9132875196850394
11
6.1295592519685034
21
-3.9130887401574803
0
LINE
8
BLACK
6
CONTINUOUS
10
6.1295592519685034
20
-3.9130887401574803
11
6.1282881102362206
21
-3.9127986220472439
0
LINE
8
BLACK
6
CONTINUOUS
10
6.1282881102362206
20
-3.9127986220472439
11
6.1276712598425194
21
-3.9123066929133858
0
LINE
8
BLACK
6
CONTINUOUS
10
6.1276712598425194
20
-3.9123066929133858
11
6.1274561417322833
21
-3.9122175984251966
0
LINE
8
BLACK
6
CONTINUOUS
10
6.1274561417322833
20
-3.9122175984251966
11
6.127048976377953
21
-3.9118104330708658
0
LINE
8
BLACK
6
CONTINUOUS
10
6.127048976377953
20
-3.9118104330708658
11
6.1257628740157477
21
-3.9107848031496064
0
LINE
8
BLACK
6
CONTINUOUS
10
6.1257628740157477
20
-3.9107848031496064
11
6.1255209055118112
21
-3.9102823622047245
0
LINE
8
BLACK
6
CONTINUOUS
10
6.1255209055118112
20
-3.9102823622047245
11
6.1254792519685042
21
-3.910240708661417
0
LINE
8
BLACK
6
CONTINUOUS
10
6.1254792519685042
20
-3.910240708661417
11
6.1253463779527557
21
-3.9099200000000001
0
LINE
8
BLACK
6
CONTINUOUS
10
6.1253463779527557
20
-3.9099200000000001
11
6.124361496062992
21
-3.907874803149606
0
LINE
8
BLACK
6
CONTINUOUS
10
6.124361496062992
20
-3.907874803149606
11
6.1242716535433068
21
-3.9062598425196851
0
LINE
8
BLACK
6
CONTINUOUS
10
6.1242716535433068
20
-3.9062598425196851
11
6.1242716535433068
21
-3.8777952755905511
0
LINE
8
BLACK
6
CONTINUOUS
10
6.1242716535433068
20
-3.8777952755905511
11
6.124361496062992
21
-3.8761803149606298
0
LINE
8
BLACK
6
CONTINUOUS
10
6.124361496062992
20
-3.8761803149606298
11
6.1253463779527557
21
-3.8741350787401574
0
LINE
8
BLACK
6
CONTINUOUS
10
6.1253463779527557
20
-3.8741350787401574
11
6.1254792519685042
21
-3.8738144094488187
0
LINE
8
BLACK
6
CONTINUOUS
10
6.1254792519685042
20
-3.8738144094488187
11
6.1255209055118112
21
-3.873772716535433
0
LINE
8
BLACK
6
CONTINUOUS
10
6.1255209055118112
20
-3.873772716535433
11
6.1257628740157477
21
-3.8732703149606298
0
LINE
8
BLACK
6
CONTINUOUS
10
6.1257628740157477
20
-3.8732703149606298
11
6.127048976377953
21
-3.8722446456692912
0
LINE
8
BLACK
6
CONTINUOUS
10
6.127048976377953
20
-3.8722446456692912
11
6.1274561417322833
21
-3.8718375196850392
0
LINE
8
BLACK
6
CONTINUOUS
10
6.1274561417322833
20
-3.8718375196850392
11
6.1276712598425194
21
-3.8717483858267716
0
LINE
8
BLACK
6
CONTINUOUS
10
6.1276712598425194
20
-3.8717483858267716
11
6.1282881102362206
21
-3.8712564960629918
0
LINE
8
BLACK
6
CONTINUOUS
10
6.1282881102362206
20
-3.8712564960629918
11
6.1295592519685034
21
-3.8709663385826771
0
LINE
8
BLACK
6
CONTINUOUS
10
6.1295592519685034
20
-3.8709663385826771
11
6.1300391338582676
21
-3.8707675984251968
0
LINE
8
BLACK
6
CONTINUOUS
10
6.1300391338582676
20
-3.8707675984251968
11
6.1304301574803146
21
-3.8707675984251968
0
LINE
8
BLACK
6
CONTINUOUS
10
6.1304301574803146
20
-3.8707675984251968
11
6.1314370078740152
21
-3.8705377952755904
0
LINE
8
BLACK
6
CONTINUOUS
10
6.1314370078740152
20
-3.8705377952755904
11
6.1324438582677168
21
-3.8707675984251968
0
LINE
8
BLACK
6
CONTINUOUS
10
6.1580344094488186
20
-3.8707675984251968
11
6.1584254330708657
21
-3.8707675984251968
0
LINE
8
BLACK
6
CONTINUOUS
10
6.1584254330708657
20
-3.8707675984251968
11
6.1589052755905511
21
-3.8709663385826771
0
LINE
8
BLACK
6
CONTINUOUS
10
6.1589052755905511
20
-3.8709663385826771
11
6.1601764566929136
21
-3.8712564960629918
0
LINE
8
BLACK
6
CONTINUOUS
10
6.1601764566929136
20
-3.8712564960629918
11
6.1607932677165351
21
-3.8717483858267716
0
LINE
8
BLACK
6
CONTINUOUS
10
6.1607932677165351
20
-3.8717483858267716
11
6.16100842519685
21
-3.8718375196850392
0
LINE
8
BLACK
6
CONTINUOUS
10
6.16100842519685
20
-3.8718375196850392
11
6.1614155511811024
21
-3.8722446456692912
0
LINE
8
BLACK
6
CONTINUOUS
10
6.1614155511811024
20
-3.8722446456692912
11
6.1627016929133855
21
-3.8732703149606298
0
LINE
8
BLACK
6
CONTINUOUS
10
6.1627016929133855
20
-3.8732703149606298
11
6.1629436220472442
21
-3.873772716535433
0
LINE
8
BLACK
6
CONTINUOUS
10
6.1629436220472442
20
-3.873772716535433
11
6.16298531496063
21
-3.8738144094488187
0
LINE
8
BLACK
6
CONTINUOUS
10
6.16298531496063
20
-3.8738144094488187
11
6.1631181496062988
21
-3.8741350787401574
0
LINE
8
BLACK
6
CONTINUOUS
10
6.1631181496062988
20
-3.8741350787401574
11
6.1641030708661413
21
-3.8761803149606298
0
LINE
8
BLACK
6
CONTINUOUS
10
6.1641030708661413
20
-3.8761803149606298
11
6.1641929133858264
21
-3.8777952755905511
0
LINE
8
BLACK
6
CONTINUOUS
10
6.1641929133858264
20
-3.8777952755905511
11
6.1641929133858264
21
-3.9062598425196851
0
LINE
8
BLACK
6
CONTINUOUS
10
6.1641929133858264
20
-3.9062598425196851
11
6.1641030708661413
21
-3.907874803149606
0
LINE
8
BLACK
6
CONTINUOUS
10
6.1641030708661413
20
-3.907874803149606
11
6.1631181496062988
21
-3.9099200000000001
0
LINE
8
BLACK
6
CONTINUOUS
10
6.1631181496062988
20
-3.9099200000000001
11
6.16298531496063
21
-3.910240708661417
0
LINE
8
BLACK
6
CONTINUOUS
10
6.16298531496063
20
-3.910240708661417
11
6.1629436220472442
21
-3.9102823622047245
0
LINE
8
BLACK
6
CONTINUOUS
10
6.1629436220472442
20
-3.9102823622047245
11
6.1627016929133855
21
-3.9107848031496064
0
LINE
8
BLACK
6
CONTINUOUS
10
6.1627016929133855
20
-3.9107848031496064
11
6.1614155511811024
21
-3.9118104330708658
0
LINE
8
BLACK
6
CONTINUOUS
10
6.1614155511811024
20
-3.9118104330708658
11
6.16100842519685
21
-3.9122175984251966
0
LINE
8
BLACK
6
CONTINUOUS
10
6.16100842519685
20
-3.9122175984251966
11
6.1607932677165351
21
-3.9123066929133858
0
LINE
8
BLACK
6
CONTINUOUS
10
6.1607932677165351
20
-3.9123066929133858
11
6.1601764566929136
21
-3.9127986220472439
0
LINE
8
BLACK
6
CONTINUOUS
10
6.1601764566929136
20
-3.9127986220472439
11
6.1589052755905511
21
-3.9130887401574803
0
LINE
8
BLACK
6
CONTINUOUS
10
6.1589052755905511
20
-3.9130887401574803
11
6.1584254330708657
21
-3.9132875196850394
0
LINE
8
BLACK
6
CONTINUOUS
10
6.1584254330708657
20
-3.9132875196850394
11
6.1580344094488186
21
-3.9132875196850394
0
LINE
8
BLACK
6
CONTINUOUS
10
6.1580344094488186
20
-3.9132875196850394
11
6.157027559055118
21
-3.9135173228346454
0
LINE
8
BLACK
6
CONTINUOUS
10
6.157027559055118
20
-3.9135173228346454
11
6.1560207086614174
21
-3.9132875196850394
0
LINE
8
BLACK
6
CONTINUOUS
10
6.1560207086614174
20
-3.9132875196850394
11
6.1556296850393704
21
-3.9132875196850394
0
LINE
8
BLACK
6
CONTINUOUS
10
6.1556296850393704
20
-3.9132875196850394
11
6.1551498031496061
21
-3.9130887401574803
0
LINE
8
BLACK
6
CONTINUOUS
10
6.1551498031496061
20
-3.9130887401574803
11
6.1538786614173224
21
-3.9127986220472439
0
LINE
8
BLACK
6
CONTINUOUS
10
6.1538786614173224
20
-3.9127986220472439
11
6.1532618110236221
21
-3.9123066929133858
0
LINE
8
BLACK
6
CONTINUOUS
10
6.1532618110236221
20
-3.9123066929133858
11
6.153046692913386
21
-3.9122175984251966
0
LINE
8
BLACK
6
CONTINUOUS
10
6.153046692913386
20
-3.9122175984251966
11
6.1526395275590549
21
-3.9118104330708658
0
LINE
8
BLACK
6
CONTINUOUS
10
6.1526395275590549
20
-3.9118104330708658
11
6.1513534251968505
21
-3.9107848031496064
0
LINE
8
BLACK
6
CONTINUOUS
10
6.1513534251968505
20
-3.9107848031496064
11
6.151111456692913
21
-3.9102823622047245
0
LINE
8
BLACK
6
CONTINUOUS
10
6.151111456692913
20
-3.9102823622047245
11
6.1510698031496061
21
-3.910240708661417
0
LINE
8
BLACK
6
CONTINUOUS
10
6.1510698031496061
20
-3.910240708661417
11
6.1509369291338585
21
-3.9099200000000001
0
LINE
8
BLACK
6
CONTINUOUS
10
6.1509369291338585
20
-3.9099200000000001
11
6.1499520472440947
21
-3.907874803149606
0
LINE
8
BLACK
6
CONTINUOUS
10
6.1499520472440947
20
-3.907874803149606
11
6.1498622047244096
21
-3.9062598425196851
0
LINE
8
BLACK
6
CONTINUOUS
10
6.1498622047244096
20
-3.9062598425196851
11
6.1498622047244096
21
-3.8777952755905511
0
LINE
8
BLACK
6
CONTINUOUS
10
6.1498622047244096
20
-3.8777952755905511
11
6.1499520472440947
21
-3.8761803149606298
0
LINE
8
BLACK
6
CONTINUOUS
10
6.1499520472440947
20
-3.8761803149606298
11
6.1509369291338585
21
-3.8741350787401574
0
LINE
8
BLACK
6
CONTINUOUS
10
6.1509369291338585
20
-3.8741350787401574
11
6.1510698031496061
21
-3.8738144094488187
0
LINE
8
BLACK
6
CONTINUOUS
10
6.1510698031496061
20
-3.8738144094488187
11
6.151111456692913
21
-3.873772716535433
0
LINE
8
BLACK
6
CONTINUOUS
10
6.151111456692913
20
-3.873772716535433
11
6.1513534251968505
21
-3.8732703149606298
0
LINE
8
BLACK
6
CONTINUOUS
10
6.1513534251968505
20
-3.8732703149606298
11
6.1526395275590549
21
-3.8722446456692912
0
LINE
8
BLACK
6
CONTINUOUS
10
6.1526395275590549
20
-3.8722446456692912
11
6.153046692913386
21
-3.8718375196850392
0
LINE
8
BLACK
6
CONTINUOUS
10
6.153046692913386
20
-3.8718375196850392
11
6.1532618110236221
21
-3.8717483858267716
0
LINE
8
BLACK
6
CONTINUOUS
10
6.1532618110236221
20
-3.8717483858267716
11
6.1538786614173224
21
-3.8712564960629918
0
LINE
8
BLACK
6
CONTINUOUS
10
6.1538786614173224
20
-3.8712564960629918
11
6.1551498031496061
21
-3.8709663385826771
0
LINE
8
BLACK
6
CONTINUOUS
10
6.1551498031496061
20
-3.8709663385826771
11
6.1556296850393704
21
-3.8707675984251968
0
LINE
8
BLACK
6
CONTINUOUS
10
6.1556296850393704
20
-3.8707675984251968
11
6.1560207086614174
21
-3.8707675984251968
0
LINE
8
BLACK
6
CONTINUOUS
10
6.1560207086614174
20
-3.8707675984251968
11
6.157027559055118
21
-3.8705377952755904
0
LINE
8
BLACK
6
CONTINUOUS
10
6.157027559055118
20
-3.8705377952755904
11
6.1580344094488186
21
-3.8707675984251968
0
LINE
8
BLACK
6
CONTINUOUS
10
6.1836249606299214
20
-3.8707675984251968
11
6.1840159842519684
21
-3.8707675984251968
0
LINE
8
BLACK
6
CONTINUOUS
10
6.1840159842519684
20
-3.8707675984251968
11
6.184495826771653
21
-3.8709663385826771
0
LINE
8
BLACK
6
CONTINUOUS
10
6.184495826771653
20
-3.8709663385826771
11
6.1857670078740155
21
-3.8712564960629918
0
LINE
8
BLACK
6
CONTINUOUS
10
6.1857670078740155
20
-3.8712564960629918
11
6.1863838188976379
21
-3.8717483858267716
0
LINE
8
BLACK
6
CONTINUOUS
10
6.1863838188976379
20
-3.8717483858267716
11
6.1865989763779528
21
-3.8718375196850392
0
LINE
8
BLACK
6
CONTINUOUS
10
6.1865989763779528
20
-3.8718375196850392
11
6.1870061023622043
21
-3.8722446456692912
0
LINE
8
BLACK
6
CONTINUOUS
10
6.1870061023622043
20
-3.8722446456692912
11
6.1882922440944883
21
-3.8732703149606298
0
LINE
8
BLACK
6
CONTINUOUS
10
6.1882922440944883
20
-3.8732703149606298
11
6.1885341732283461
21
-3.873772716535433
0
LINE
8
BLACK
6
CONTINUOUS
10
6.1885341732283461
20
-3.873772716535433
11
6.1885758661417318
21
-3.8738144094488187
0
LINE
8
BLACK
6
CONTINUOUS
10
6.1885758661417318
20
-3.8738144094488187
11
6.1887087007874015
21
-3.8741350787401574
0
LINE
8
BLACK
6
CONTINUOUS
10
6.1887087007874015
20
-3.8741350787401574
11
6.189693622047244
21
-3.8761803149606298
0
LINE
8
BLACK
6
CONTINUOUS
10
6.189693622047244
20
-3.8761803149606298
11
6.1897834645669292
21
-3.8777952755905511
0
LINE
8
BLACK
6
CONTINUOUS
10
6.1897834645669292
20
-3.8777952755905511
11
6.1897834645669292
21
-3.9062598425196851
0
LINE
8
BLACK
6
CONTINUOUS
10
6.1897834645669292
20
-3.9062598425196851
11
6.189693622047244
21
-3.907874803149606
0
LINE
8
BLACK
6
CONTINUOUS
10
6.189693622047244
20
-3.907874803149606
11
6.1887087007874015
21
-3.9099200000000001
0
LINE
8
BLACK
6
CONTINUOUS
10
6.1887087007874015
20
-3.9099200000000001
11
6.1885758661417318
21
-3.910240708661417
0
LINE
8
BLACK
6
CONTINUOUS
10
6.1885758661417318
20
-3.910240708661417
11
6.1885341732283461
21
-3.9102823622047245
0
LINE
8
BLACK
6
CONTINUOUS
10
6.1885341732283461
20
-3.9102823622047245
11
6.1882922440944883
21
-3.9107848031496064
0
LINE
8
BLACK
6
CONTINUOUS
10
6.1882922440944883
20
-3.9107848031496064
11
6.1870061023622043
21
-3.9118104330708658
0
LINE
8
BLACK
6
CONTINUOUS
10
6.1870061023622043
20
-3.9118104330708658
11
6.1865989763779528
21
-3.9122175984251966
0
LINE
8
BLACK
6
CONTINUOUS
10
6.1865989763779528
20
-3.9122175984251966
11
6.1863838188976379
21
-3.9123066929133858
0
LINE
8
BLACK
6
CONTINUOUS
10
6.1863838188976379
20
-3.9123066929133858
11
6.1857670078740155
21
-3.9127986220472439
0
LINE
8
BLACK
6
CONTINUOUS
10
6.1857670078740155
20
-3.9127986220472439
11
6.184495826771653
21
-3.9130887401574803
0
LINE
8
BLACK
6
CONTINUOUS
10
6.184495826771653
20
-3.9130887401574803
11
6.1840159842519684
21
-3.9132875196850394
0
LINE
8
BLACK
6
CONTINUOUS
10
6.1840159842519684
20
-3.9132875196850394
11
6.1836249606299214
21
-3.9132875196850394
0
LINE
8
BLACK
6
CONTINUOUS
10
6.1836249606299214
20
-3.9132875196850394
11
6.1826181102362208
21
-3.9135173228346454
0
LINE
8
BLACK
6
CONTINUOUS
10
6.1826181102362208
20
-3.9135173228346454
11
6.1816112598425192
21
-3.9132875196850394
0
LINE
8
BLACK
6
CONTINUOUS
10
6.1816112598425192
20
-3.9132875196850394
11
6.1812202362204722
21
-3.9132875196850394
0
LINE
8
BLACK
6
CONTINUOUS
10
6.1812202362204722
20
-3.9132875196850394
11
6.1807403543307089
21
-3.9130887401574803
0
LINE
8
BLACK
6
CONTINUOUS
10
6.1807403543307089
20
-3.9130887401574803
11
6.1794692125984252
21
-3.9127986220472439
0
LINE
8
BLACK
6
CONTINUOUS
10
6.1794692125984252
20
-3.9127986220472439
11
6.178852362204724
21
-3.9123066929133858
0
LINE
8
BLACK
6
CONTINUOUS
10
6.178852362204724
20
-3.9123066929133858
11
6.1786372440944879
21
-3.9122175984251966
0
LINE
8
BLACK
6
CONTINUOUS
10
6.1786372440944879
20
-3.9122175984251966
11
6.1782300787401576
21
-3.9118104330708658
0
LINE
8
BLACK
6
CONTINUOUS
10
6.1782300787401576
20
-3.9118104330708658
11
6.1769439763779523
21
-3.9107848031496064
0
LINE
8
BLACK
6
CONTINUOUS
10
6.1769439763779523
20
-3.9107848031496064
11
6.1767020078740158
21
-3.9102823622047245
0
LINE
8
BLACK
6
CONTINUOUS
10
6.1767020078740158
20
-3.9102823622047245
11
6.1766603543307088
21
-3.910240708661417
0
LINE
8
BLACK
6
CONTINUOUS
10
6.1766603543307088
20
-3.910240708661417
11
6.1765274803149603
21
-3.9099200000000001
0
LINE
8
BLACK
6
CONTINUOUS
10
6.1765274803149603
20
-3.9099200000000001
11
6.1755425984251966
21
-3.907874803149606
0
LINE
8
BLACK
6
CONTINUOUS
10
6.1755425984251966
20
-3.907874803149606
11
6.1754527559055115
21
-3.9062598425196851
0
LINE
8
BLACK
6
CONTINUOUS
10
6.1754527559055115
20
-3.9062598425196851
11
6.1754527559055115
21
-3.8777952755905511
0
LINE
8
BLACK
6
CONTINUOUS
10
6.1754527559055115
20
-3.8777952755905511
11
6.1755425984251966
21
-3.8761803149606298
0
LINE
8
BLACK
6
CONTINUOUS
10
6.1755425984251966
20
-3.8761803149606298
11
6.1765274803149603
21
-3.8741350787401574
0
LINE
8
BLACK
6
CONTINUOUS
10
6.1765274803149603
20
-3.8741350787401574
11
6.1766603543307088
21
-3.8738144094488187
0
LINE
8
BLACK
6
CONTINUOUS
10
6.1766603543307088
20
-3.8738144094488187
11
6.1767020078740158
21
-3.873772716535433
0
LINE
8
BLACK
6
CONTINUOUS
10
6.1767020078740158
20
-3.873772716535433
11
6.1769439763779523
21
-3.8732703149606298
0
LINE
8
BLACK
6
CONTINUOUS
10
6.1769439763779523
20
-3.8732703149606298
11
6.1782300787401576
21
-3.8722446456692912
0
LINE
8
BLACK
6
CONTINUOUS
10
6.1782300787401576
20
-3.8722446456692912
11
6.1786372440944879
21
-3.8718375196850392
0
LINE
8
BLACK
6
CONTINUOUS
10
6.1786372440944879
20
-3.8718375196850392
11
6.178852362204724
21
-3.8717483858267716
0
LINE
8
BLACK
6
CONTINUOUS
10
6.178852362204724
20
-3.8717483858267716
11
6.1794692125984252
21
-3.8712564960629918
0
LINE
8
BLACK
6
CONTINUOUS
10
6.1794692125984252
20
-3.8712564960629918
11
6.1807403543307089
21
-3.8709663385826771
0
LINE
8
BLACK
6
CONTINUOUS
10
6.1807403543307089
20
-3.8709663385826771
11
6.1812202362204722
21
-3.8707675984251968
0
LINE
8
BLACK
6
CONTINUOUS
10
6.1812202362204722
20
-3.8707675984251968
11
6.1816112598425192
21
-3.8707675984251968
0
LINE
8
BLACK
6
CONTINUOUS
10
6.1816112598425192
20
-3.8707675984251968
11
6.1826181102362208
21
-3.8705377952755904
0
LINE
8
BLACK
6
CONTINUOUS
10
6.1826181102362208
20
-3.8705377952755904
11
6.1836249606299214
21
-3.8707675984251968
0
LINE
8
BLACK
6
CONTINUOUS
10
6.2092155118110233
20
-3.8707675984251968
11
6.2096065354330703
21
-3.8707675984251968
0
LINE
8
BLACK
6
CONTINUOUS
10
6.2096065354330703
20
-3.8707675984251968
11
6.2100863779527558
21
-3.8709663385826771
0
LINE
8
BLACK
6
CONTINUOUS
10
6.2100863779527558
20
-3.8709663385826771
11
6.2113575590551182
21
-3.8712564960629918
0
LINE
8
BLACK
6
CONTINUOUS
10
6.2113575590551182
20
-3.8712564960629918
11
6.2119743700787398
21
-3.8717483858267716
0
LINE
8
BLACK
6
CONTINUOUS
10
6.2119743700787398
20
-3.8717483858267716
11
6.2121895275590546
21
-3.8718375196850392
0
LINE
8
BLACK
6
CONTINUOUS
10
6.2121895275590546
20
-3.8718375196850392
11
6.212596653543307
21
-3.8722446456692912
0
LINE
8
BLACK
6
CONTINUOUS
10
6.212596653543307
20
-3.8722446456692912
11
6.2138827952755902
21
-3.8732703149606298
0
LINE
8
BLACK
6
CONTINUOUS
10
6.2138827952755902
20
-3.8732703149606298
11
6.2141247244094489
21
-3.873772716535433
0
LINE
8
BLACK
6
CONTINUOUS
10
6.2141247244094489
20
-3.873772716535433
11
6.2141664173228346
21
-3.8738144094488187
0
LINE
8
BLACK
6
CONTINUOUS
10
6.2141664173228346
20
-3.8738144094488187
11
6.2142992519685034
21
-3.8741350787401574
0
LINE
8
BLACK
6
CONTINUOUS
10
6.2142992519685034
20
-3.8741350787401574
11
6.2152841732283459
21
-3.8761803149606298
0
LINE
8
BLACK
6
CONTINUOUS
10
6.2152841732283459
20
-3.8761803149606298
11
6.2153740157480311
21
-3.8777952755905511
0
LINE
8
BLACK
6
CONTINUOUS
10
6.2153740157480311
20
-3.8777952755905511
11
6.2153740157480311
21
-3.9062598425196851
0
LINE
8
BLACK
6
CONTINUOUS
10
6.2153740157480311
20
-3.9062598425196851
11
6.2152841732283459
21
-3.907874803149606
0
LINE
8
BLACK
6
CONTINUOUS
10
6.2152841732283459
20
-3.907874803149606
11
6.2142992519685034
21
-3.9099200000000001
0
LINE
8
BLACK
6
CONTINUOUS
10
6.2142992519685034
20
-3.9099200000000001
11
6.2141664173228346
21
-3.910240708661417
0
LINE
8
BLACK
6
CONTINUOUS
10
6.2141664173228346
20
-3.910240708661417
11
6.2141247244094489
21
-3.9102823622047245
0
LINE
8
BLACK
6
CONTINUOUS
10
6.2141247244094489
20
-3.9102823622047245
11
6.2138827952755902
21
-3.9107848031496064
0
LINE
8
BLACK
6
CONTINUOUS
10
6.2138827952755902
20
-3.9107848031496064
11
6.212596653543307
21
-3.9118104330708658
0
LINE
8
BLACK
6
CONTINUOUS
10
6.212596653543307
20
-3.9118104330708658
11
6.2121895275590546
21
-3.9122175984251966
0
LINE
8
BLACK
6
CONTINUOUS
10
6.2121895275590546
20
-3.9122175984251966
11
6.2119743700787398
21
-3.9123066929133858
0
LINE
8
BLACK
6
CONTINUOUS
10
6.2119743700787398
20
-3.9123066929133858
11
6.2113575590551182
21
-3.9127986220472439
0
LINE
8
BLACK
6
CONTINUOUS
10
6.2113575590551182
20
-3.9127986220472439
11
6.2100863779527558
21
-3.9130887401574803
0
LINE
8
BLACK
6
CONTINUOUS
10
6.2100863779527558
20
-3.9130887401574803
11
6.2096065354330703
21
-3.9132875196850394
0
LINE
8
BLACK
6
CONTINUOUS
10
6.2096065354330703
20
-3.9132875196850394
11
6.2092155118110233
21
-3.9132875196850394
0
LINE
8
BLACK
6
CONTINUOUS
10
6.2092155118110233
20
-3.9132875196850394
11
6.2082086614173226
21
-3.9135173228346454
0
LINE
8
BLACK
6
CONTINUOUS
10
6.2082086614173226
20
-3.9135173228346454
11
6.207201811023622
21
-3.9132875196850394
0
LINE
8
BLACK
6
CONTINUOUS
10
6.207201811023622
20
-3.9132875196850394
11
6.206810787401575
21
-3.9132875196850394
0
LINE
8
BLACK
6
CONTINUOUS
10
6.206810787401575
20
-3.9132875196850394
11
6.2063309055118108
21
-3.9130887401574803
0
LINE
8
BLACK
6
CONTINUOUS
10
6.2063309055118108
20
-3.9130887401574803
11
6.2050597637795271
21
-3.9127986220472439
0
LINE
8
BLACK
6
CONTINUOUS
10
6.2050597637795271
20
-3.9127986220472439
11
6.2044429133858268
21
-3.9123066929133858
0
LINE
8
BLACK
6
CONTINUOUS
10
6.2044429133858268
20
-3.9123066929133858
11
6.2042277952755907
21
-3.9122175984251966
0
LINE
8
BLACK
6
CONTINUOUS
10
6.2042277952755907
20
-3.9122175984251966
11
6.2038206299212595
21
-3.9118104330708658
0
LINE
8
BLACK
6
CONTINUOUS
10
6.2038206299212595
20
-3.9118104330708658
11
6.2025345275590551
21
-3.9107848031496064
0
LINE
8
BLACK
6
CONTINUOUS
10
6.2025345275590551
20
-3.9107848031496064
11
6.2022925590551177
21
-3.9102823622047245
0
LINE
8
BLACK
6
CONTINUOUS
10
6.2022925590551177
20
-3.9102823622047245
11
6.2022509055118107
21
-3.910240708661417
0
LINE
8
BLACK
6
CONTINUOUS
10
6.2022509055118107
20
-3.910240708661417
11
6.2021180314960631
21
-3.9099200000000001
0
LINE
8
BLACK
6
CONTINUOUS
10
6.2021180314960631
20
-3.9099200000000001
11
6.2011331496062994
21
-3.907874803149606
0
LINE
8
BLACK
6
CONTINUOUS
10
6.2011331496062994
20
-3.907874803149606
11
6.2010433070866142
21
-3.9062598425196851
0
LINE
8
BLACK
6
CONTINUOUS
10
6.2010433070866142
20
-3.9062598425196851
11
6.2010433070866142
21
-3.8777952755905511
0
LINE
8
BLACK
6
CONTINUOUS
10
6.2010433070866142
20
-3.8777952755905511
11
6.2011331496062994
21
-3.8761803149606298
0
LINE
8
BLACK
6
CONTINUOUS
10
6.2011331496062994
20
-3.8761803149606298
11
6.2021180314960631
21
-3.8741350787401574
0
LINE
8
BLACK
6
CONTINUOUS
10
6.2021180314960631
20
-3.8741350787401574
11
6.2022509055118107
21
-3.8738144094488187
0
LINE
8
BLACK
6
CONTINUOUS
10
6.2022509055118107
20
-3.8738144094488187
11
6.2022925590551177
21
-3.873772716535433
0
LINE
8
BLACK
6
CONTINUOUS
10
6.2022925590551177
20
-3.873772716535433
11
6.2025345275590551
21
-3.8732703149606298
0
LINE
8
BLACK
6
CONTINUOUS
10
6.2025345275590551
20
-3.8732703149606298
11
6.2038206299212595
21
-3.8722446456692912
0
LINE
8
BLACK
6
CONTINUOUS
10
6.2038206299212595
20
-3.8722446456692912
11
6.2042277952755907
21
-3.8718375196850392
0
LINE
8
BLACK
6
CONTINUOUS
10
6.2042277952755907
20
-3.8718375196850392
11
6.2044429133858268
21
-3.8717483858267716
0
LINE
8
BLACK
6
CONTINUOUS
10
6.2044429133858268
20
-3.8717483858267716
11
6.2050597637795271
21
-3.8712564960629918
0
LINE
8
BLACK
6
CONTINUOUS
10
6.2050597637795271
20
-3.8712564960629918
11
6.2063309055118108
21
-3.8709663385826771
0
LINE
8
BLACK
6
CONTINUOUS
10
6.2063309055118108
20
-3.8709663385826771
11
6.206810787401575
21
-3.8707675984251968
0
LINE
8
BLACK
6
CONTINUOUS
10
6.206810787401575
20
-3.8707675984251968
11
6.207201811023622
21
-3.8707675984251968
0
LINE
8
BLACK
6
CONTINUOUS
10
6.207201811023622
20
-3.8707675984251968
11
6.2082086614173226
21
-3.8705377952755904
0
LINE
8
BLACK
6
CONTINUOUS
10
6.2082086614173226
20
-3.8705377952755904
11
6.2092155118110233
21
-3.8707675984251968
0
LINE
8
BLACK
6
CONTINUOUS
10
7.6422863779527557
20
-3.8668305905511811
11
7.6426774015748027
21
-3.8668305905511811
0
LINE
8
BLACK
6
CONTINUOUS
10
7.6426774015748027
20
-3.8668305905511811
11
7.6431572440944882
21
-3.8670293307086614
0
LINE
8
BLACK
6
CONTINUOUS
10
7.6431572440944882
20
-3.8670293307086614
11
7.6444284251968506
21
-3.8673194881889761
0
LINE
8
BLACK
6
CONTINUOUS
10
7.6444284251968506
20
-3.8673194881889761
11
7.6450452362204722
21
-3.8678113779527559
0
LINE
8
BLACK
6
CONTINUOUS
10
7.6450452362204722
20
-3.8678113779527559
11
7.645260393700787
21
-3.8679005118110235
0
LINE
8
BLACK
6
CONTINUOUS
10
7.645260393700787
20
-3.8679005118110235
11
7.6456675196850394
21
-3.8683076377952754
0
LINE
8
BLACK
6
CONTINUOUS
10
7.6456675196850394
20
-3.8683076377952754
11
7.6469536614173226
21
-3.869333307086614
0
LINE
8
BLACK
6
CONTINUOUS
10
7.6469536614173226
20
-3.869333307086614
11
7.6471955905511813
21
-3.8698357086614172
0
LINE
8
BLACK
6
CONTINUOUS
10
7.6471955905511813
20
-3.8698357086614172
11
7.647237283464567
21
-3.869877401574803
0
LINE
8
BLACK
6
CONTINUOUS
10
7.647237283464567
20
-3.869877401574803
11
7.6473701181102358
21
-3.8701980708661416
0
LINE
8
BLACK
6
CONTINUOUS
10
7.6473701181102358
20
-3.8701980708661416
11
7.6483550393700783
21
-3.872243307086614
0
LINE
8
BLACK
6
CONTINUOUS
10
7.6483550393700783
20
-3.872243307086614
11
7.6484448818897635
21
-3.8738582677165354
0
LINE
8
BLACK
6
CONTINUOUS
10
7.6484448818897635
20
-3.8738582677165354
11
7.6484448818897635
21
-3.9023228346456693
0
LINE
8
BLACK
6
CONTINUOUS
10
7.6484448818897635
20
-3.9023228346456693
11
7.6483550393700783
21
-3.9039377952755903
0
LINE
8
BLACK
6
CONTINUOUS
10
7.6483550393700783
20
-3.9039377952755903
11
7.6473701181102358
21
-3.9059829921259843
0
LINE
8
BLACK
6
CONTINUOUS
10
7.6473701181102358
20
-3.9059829921259843
11
7.647237283464567
21
-3.9063037007874013
0
LINE
8
BLACK
6
CONTINUOUS
10
7.647237283464567
20
-3.9063037007874013
11
7.6471955905511813
21
-3.9063453543307087
0
LINE
8
BLACK
6
CONTINUOUS
10
7.6471955905511813
20
-3.9063453543307087
11
7.6469536614173226
21
-3.9068477952755907
0
LINE
8
BLACK
6
CONTINUOUS
10
7.6469536614173226
20
-3.9068477952755907
11
7.6456675196850394
21
-3.9078734251968501
0
LINE
8
BLACK
6
CONTINUOUS
10
7.6456675196850394
20
-3.9078734251968501
11
7.645260393700787
21
-3.9082805905511808
0
LINE
8
BLACK
6
CONTINUOUS
10
7.645260393700787
20
-3.9082805905511808
11
7.6450452362204722
21
-3.9083696850393701
0
LINE
8
BLACK
6
CONTINUOUS
10
7.6450452362204722
20
-3.9083696850393701
11
7.6444284251968506
21
-3.9088616141732282
0
LINE
8
BLACK
6
CONTINUOUS
10
7.6444284251968506
20
-3.9088616141732282
11
7.6431572440944882
21
-3.9091517322834646
0
LINE
8
BLACK
6
CONTINUOUS
10
7.6431572440944882
20
-3.9091517322834646
11
7.6426774015748027
21
-3.9093505118110237
0
LINE
8
BLACK
6
CONTINUOUS
10
7.6426774015748027
20
-3.9093505118110237
11
7.6422863779527557
21
-3.9093505118110237
0
LINE
8
BLACK
6
CONTINUOUS
10
7.6422863779527557
20
-3.9093505118110237
11
7.641279527559055
21
-3.9095803149606296
0
LINE
8
BLACK
6
CONTINUOUS
10
7.641279527559055
20
-3.9095803149606296
11
7.6402726771653544
21
-3.9093505118110237
0
LINE
8
BLACK
6
CONTINUOUS
10
7.6402726771653544
20
-3.9093505118110237
11
7.6398816535433065
21
-3.9093505118110237
0
LINE
8
BLACK
6
CONTINUOUS
10
7.6398816535433065
20
-3.9093505118110237
11
7.6394017716535432
21
-3.9091517322834646
0
LINE
8
BLACK
6
CONTINUOUS
10
7.6394017716535432
20
-3.9091517322834646
11
7.6381306299212595
21
-3.9088616141732282
0
LINE
8
BLACK
6
CONTINUOUS
10
7.6381306299212595
20
-3.9088616141732282
11
7.6375137795275592
21
-3.9083696850393701
0
LINE
8
BLACK
6
CONTINUOUS
10
7.6375137795275592
20
-3.9083696850393701
11
7.6372986614173231
21
-3.9082805905511808
0
LINE
8
BLACK
6
CONTINUOUS
10
7.6372986614173231
20
-3.9082805905511808
11
7.6368914960629919
21
-3.9078734251968501
0
LINE
8
BLACK
6
CONTINUOUS
10
7.6368914960629919
20
-3.9078734251968501
11
7.6356053937007875
21
-3.9068477952755907
0
LINE
8
BLACK
6
CONTINUOUS
10
7.6356053937007875
20
-3.9068477952755907
11
7.6353634251968501
21
-3.9063453543307087
0
LINE
8
BLACK
6
CONTINUOUS
10
7.6353634251968501
20
-3.9063453543307087
11
7.6353217716535431
21
-3.9063037007874013
0
LINE
8
BLACK
6
CONTINUOUS
10
7.6353217716535431
20
-3.9063037007874013
11
7.6351888976377955
21
-3.9059829921259843
0
LINE
8
BLACK
6
CONTINUOUS
10
7.6351888976377955
20
-3.9059829921259843
11
7.6342040157480318
21
-3.9039377952755903
0
LINE
8
BLACK
6
CONTINUOUS
10
7.6342040157480318
20
-3.9039377952755903
11
7.6341141732283466
21
-3.9023228346456693
0
LINE
8
BLACK
6
CONTINUOUS
10
7.6341141732283466
20
-3.9023228346456693
11
7.6341141732283466
21
-3.8738582677165354
0
LINE
8
BLACK
6
CONTINUOUS
10
7.6341141732283466
20
-3.8738582677165354
11
7.6342040157480318
21
-3.872243307086614
0
LINE
8
BLACK
6
CONTINUOUS
10
7.6342040157480318
20
-3.872243307086614
11
7.6351888976377955
21
-3.8701980708661416
0
LINE
8
BLACK
6
CONTINUOUS
10
7.6351888976377955
20
-3.8701980708661416
11
7.6353217716535431
21
-3.869877401574803
0
LINE
8
BLACK
6
CONTINUOUS
10
7.6353217716535431
20
-3.869877401574803
11
7.6353634251968501
21
-3.8698357086614172
0
LINE
8
BLACK
6
CONTINUOUS
10
7.6353634251968501
20
-3.8698357086614172
11
7.6356053937007875
21
-3.869333307086614
0
LINE
8
BLACK
6
CONTINUOUS
10
7.6356053937007875
20
-3.869333307086614
11
7.6368914960629919
21
-3.8683076377952754
0
LINE
8
BLACK
6
CONTINUOUS
10
7.6368914960629919
20
-3.8683076377952754
11
7.6372986614173231
21
-3.8679005118110235
0
LINE
8
BLACK
6
CONTINUOUS
10
7.6372986614173231
20
-3.8679005118110235
11
7.6375137795275592
21
-3.8678113779527559
0
LINE
8
BLACK
6
CONTINUOUS
10
7.6375137795275592
20
-3.8678113779527559
11
7.6381306299212595
21
-3.8673194881889761
0
LINE
8
BLACK
6
CONTINUOUS
10
7.6381306299212595
20
-3.8673194881889761
11
7.6394017716535432
21
-3.8670293307086614
0
LINE
8
BLACK
6
CONTINUOUS
10
7.6394017716535432
20
-3.8670293307086614
11
7.6398816535433065
21
-3.8668305905511811
0
LINE
8
BLACK
6
CONTINUOUS
10
7.6398816535433065
20
-3.8668305905511811
11
7.6402726771653544
21
-3.8668305905511811
0
LINE
8
BLACK
6
CONTINUOUS
10
7.6402726771653544
20
-3.8668305905511811
11
7.641279527559055
21
-3.8666007874015746
0
LINE
8
BLACK
6
CONTINUOUS
10
7.641279527559055
20
-3.8666007874015746
11
7.6422863779527557
21
-3.8668305905511811
0
LINE
8
BLACK
6
CONTINUOUS
10
7.6678769291338584
20
-3.8668305905511811
11
7.6682679527559054
21
-3.8668305905511811
0
LINE
8
BLACK
6
CONTINUOUS
10
7.6682679527559054
20
-3.8668305905511811
11
7.66874779527559
21
-3.8670293307086614
0
LINE
8
BLACK
6
CONTINUOUS
10
7.66874779527559
20
-3.8670293307086614
11
7.6700189763779525
21
-3.8673194881889761
0
LINE
8
BLACK
6
CONTINUOUS
10
7.6700189763779525
20
-3.8673194881889761
11
7.6706357874015749
21
-3.8678113779527559
0
LINE
8
BLACK
6
CONTINUOUS
10
7.6706357874015749
20
-3.8678113779527559
11
7.6708509448818898
21
-3.8679005118110235
0
LINE
8
BLACK
6
CONTINUOUS
10
7.6708509448818898
20
-3.8679005118110235
11
7.6712580708661413
21
-3.8683076377952754
0
LINE
8
BLACK
6
CONTINUOUS
10
7.6712580708661413
20
-3.8683076377952754
11
7.6725442125984253
21
-3.869333307086614
0
LINE
8
BLACK
6
CONTINUOUS
10
7.6725442125984253
20
-3.869333307086614
11
7.6727861417322831
21
-3.8698357086614172
0
LINE
8
BLACK
6
CONTINUOUS
10
7.6727861417322831
20
-3.8698357086614172
11
7.6728278346456689
21
-3.869877401574803
0
LINE
8
BLACK
6
CONTINUOUS
10
7.6728278346456689
20
-3.869877401574803
11
7.6729606692913386
21
-3.8701980708661416
0
LINE
8
BLACK
6
CONTINUOUS
10
7.6729606692913386
20
-3.8701980708661416
11
7.6739455905511811
21
-3.872243307086614
0
LINE
8
BLACK
6
CONTINUOUS
10
7.6739455905511811
20
-3.872243307086614
11
7.6740354330708662
21
-3.8738582677165354
0
LINE
8
BLACK
6
CONTINUOUS
10
7.6740354330708662
20
-3.8738582677165354
11
7.6740354330708662
21
-3.9023228346456693
0
LINE
8
BLACK
6
CONTINUOUS
10
7.6740354330708662
20
-3.9023228346456693
11
7.6739455905511811
21
-3.9039377952755903
0
LINE
8
BLACK
6
CONTINUOUS
10
7.6739455905511811
20
-3.9039377952755903
11
7.6729606692913386
21
-3.9059829921259843
0
LINE
8
BLACK
6
CONTINUOUS
10
7.6729606692913386
20
-3.9059829921259843
11
7.6728278346456689
21
-3.9063037007874013
0
LINE
8
BLACK
6
CONTINUOUS
10
7.6728278346456689
20
-3.9063037007874013
11
7.6727861417322831
21
-3.9063453543307087
0
LINE
8
BLACK
6
CONTINUOUS
10
7.6727861417322831
20
-3.9063453543307087
11
7.6725442125984253
21
-3.9068477952755907
0
LINE
8
BLACK
6
CONTINUOUS
10
7.6725442125984253
20
-3.9068477952755907
11
7.6712580708661413
21
-3.9078734251968501
0
LINE
8
BLACK
6
CONTINUOUS
10
7.6712580708661413
20
-3.9078734251968501
11
7.6708509448818898
21
-3.9082805905511808
0
LINE
8
BLACK
6
CONTINUOUS
10
7.6708509448818898
20
-3.9082805905511808
11
7.6706357874015749
21
-3.9083696850393701
0
LINE
8
BLACK
6
CONTINUOUS
10
7.6706357874015749
20
-3.9083696850393701
11
7.6700189763779525
21
-3.9088616141732282
0
LINE
8
BLACK
6
CONTINUOUS
10
7.6700189763779525
20
-3.9088616141732282
11
7.66874779527559
21
-3.9091517322834646
0
LINE
8
BLACK
6
CONTINUOUS
10
7.66874779527559
20
-3.9091517322834646
11
7.6682679527559054
21
-3.9093505118110237
0
LINE
8
BLACK
6
CONTINUOUS
10
7.6682679527559054
20
-3.9093505118110237
11
7.6678769291338584
21
-3.9093505118110237
0
LINE
8
BLACK
6
CONTINUOUS
10
7.6678769291338584
20
-3.9093505118110237
11
7.6668700787401569
21
-3.9095803149606296
0
LINE
8
BLACK
6
CONTINUOUS
10
7.6668700787401569
20
-3.9095803149606296
11
7.6658632283464563
21
-3.9093505118110237
0
LINE
8
BLACK
6
CONTINUOUS
10
7.6658632283464563
20
-3.9093505118110237
11
7.6654722047244093
21
-3.9093505118110237
0
LINE
8
BLACK
6
CONTINUOUS
10
7.6654722047244093
20
-3.9093505118110237
11
7.6649923228346459
21
-3.9091517322834646
0
LINE
8
BLACK
6
CONTINUOUS
10
7.6649923228346459
20
-3.9091517322834646
11
7.6637211811023622
21
-3.9088616141732282
0
LINE
8
BLACK
6
CONTINUOUS
10
7.6637211811023622
20
-3.9088616141732282
11
7.663104330708661
21
-3.9083696850393701
0
LINE
8
BLACK
6
CONTINUOUS
10
7.663104330708661
20
-3.9083696850393701
11
7.6628892125984249
21
-3.9082805905511808
0
LINE
8
BLACK
6
CONTINUOUS
10
7.6628892125984249
20
-3.9082805905511808
11
7.6624820472440947
21
-3.9078734251968501
0
LINE
8
BLACK
6
CONTINUOUS
10
7.6624820472440947
20
-3.9078734251968501
11
7.6611959448818894
21
-3.9068477952755907
0
LINE
8
BLACK
6
CONTINUOUS
10
7.6611959448818894
20
-3.9068477952755907
11
7.6609539763779528
21
-3.9063453543307087
0
LINE
8
BLACK
6
CONTINUOUS
10
7.6609539763779528
20
-3.9063453543307087
11
7.6609123228346458
21
-3.9063037007874013
0
LINE
8
BLACK
6
CONTINUOUS
10
7.6609123228346458
20
-3.9063037007874013
11
7.6607794488188974
21
-3.9059829921259843
0
LINE
8
BLACK
6
CONTINUOUS
10
7.6607794488188974
20
-3.9059829921259843
11
7.6597945669291336
21
-3.9039377952755903
0
LINE
8
BLACK
6
CONTINUOUS
10
7.6597945669291336
20
-3.9039377952755903
11
7.6597047244094485
21
-3.9023228346456693
0
LINE
8
BLACK
6
CONTINUOUS
10
7.6597047244094485
20
-3.9023228346456693
11
7.6597047244094485
21
-3.8738582677165354
0
LINE
8
BLACK
6
CONTINUOUS
10
7.6597047244094485
20
-3.8738582677165354
11
7.6597945669291336
21
-3.872243307086614
0
LINE
8
BLACK
6
CONTINUOUS
10
7.6597945669291336
20
-3.872243307086614
11
7.6607794488188974
21
-3.8701980708661416
0
LINE
8
BLACK
6
CONTINUOUS
10
7.6607794488188974
20
-3.8701980708661416
11
7.6609123228346458
21
-3.869877401574803
0
LINE
8
BLACK
6
CONTINUOUS
10
7.6609123228346458
20
-3.869877401574803
11
7.6609539763779528
21
-3.8698357086614172
0
LINE
8
BLACK
6
CONTINUOUS
10
7.6609539763779528
20
-3.8698357086614172
11
7.6611959448818894
21
-3.869333307086614
0
LINE
8
BLACK
6
CONTINUOUS
10
7.6611959448818894
20
-3.869333307086614
11
7.6624820472440947
21
-3.8683076377952754
0
LINE
8
BLACK
6
CONTINUOUS
10
7.6624820472440947
20
-3.8683076377952754
11
7.6628892125984249
21
-3.8679005118110235
0
LINE
8
BLACK
6
CONTINUOUS
10
7.6628892125984249
20
-3.8679005118110235
11
7.663104330708661
21
-3.8678113779527559
0
LINE
8
BLACK
6
CONTINUOUS
10
7.663104330708661
20
-3.8678113779527559
11
7.6637211811023622
21
-3.8673194881889761
0
LINE
8
BLACK
6
CONTINUOUS
10
7.6637211811023622
20
-3.8673194881889761
11
7.6649923228346459
21
-3.8670293307086614
0
LINE
8
BLACK
6
CONTINUOUS
10
7.6649923228346459
20
-3.8670293307086614
11
7.6654722047244093
21
-3.8668305905511811
0
LINE
8
BLACK
6
CONTINUOUS
10
7.6654722047244093
20
-3.8668305905511811
11
7.6658632283464563
21
-3.8668305905511811
0
LINE
8
BLACK
6
CONTINUOUS
10
7.6658632283464563
20
-3.8668305905511811
11
7.6668700787401569
21
-3.8666007874015746
0
LINE
8
BLACK
6
CONTINUOUS
10
7.6668700787401569
20
-3.8666007874015746
11
7.6678769291338584
21
-3.8668305905511811
0
LINE
8
BLACK
6
CONTINUOUS
10
7.6934674803149603
20
-3.8668305905511811
11
7.6938585039370073
21
-3.8668305905511811
0
LINE
8
BLACK
6
CONTINUOUS
10
7.6938585039370073
20
-3.8668305905511811
11
7.6943383464566928
21
-3.8670293307086614
0
LINE
8
BLACK
6
CONTINUOUS
10
7.6943383464566928
20
-3.8670293307086614
11
7.6956095275590553
21
-3.8673194881889761
0
LINE
8
BLACK
6
CONTINUOUS
10
7.6956095275590553
20
-3.8673194881889761
11
7.6962263385826768
21
-3.8678113779527559
0
LINE
8
BLACK
6
CONTINUOUS
10
7.6962263385826768
20
-3.8678113779527559
11
7.6964414960629917
21
-3.8679005118110235
0
LINE
8
BLACK
6
CONTINUOUS
10
7.6964414960629917
20
-3.8679005118110235
11
7.6968486220472441
21
-3.8683076377952754
0
LINE
8
BLACK
6
CONTINUOUS
10
7.6968486220472441
20
-3.8683076377952754
11
7.6981347637795272
21
-3.869333307086614
0
LINE
8
BLACK
6
CONTINUOUS
10
7.6981347637795272
20
-3.869333307086614
11
7.6983766929133859
21
-3.8698357086614172
0
LINE
8
BLACK
6
CONTINUOUS
10
7.6983766929133859
20
-3.8698357086614172
11
7.6984183858267716
21
-3.869877401574803
0
LINE
8
BLACK
6
CONTINUOUS
10
7.6984183858267716
20
-3.869877401574803
11
7.6985512204724404
21
-3.8701980708661416
0
LINE
8
BLACK
6
CONTINUOUS
10
7.6985512204724404
20
-3.8701980708661416
11
7.699536141732283
21
-3.872243307086614
0
LINE
8
BLACK
6
CONTINUOUS
10
7.699536141732283
20
-3.872243307086614
11
7.6996259842519681
21
-3.8738582677165354
0
LINE
8
BLACK
6
CONTINUOUS
10
7.6996259842519681
20
-3.8738582677165354
11
7.6996259842519681
21
-3.9023228346456693
0
LINE
8
BLACK
6
CONTINUOUS
10
7.6996259842519681
20
-3.9023228346456693
11
7.699536141732283
21
-3.9039377952755903
0
LINE
8
BLACK
6
CONTINUOUS
10
7.699536141732283
20
-3.9039377952755903
11
7.6985512204724404
21
-3.9059829921259843
0
LINE
8
BLACK
6
CONTINUOUS
10
7.6985512204724404
20
-3.9059829921259843
11
7.6984183858267716
21
-3.9063037007874013
0
LINE
8
BLACK
6
CONTINUOUS
10
7.6984183858267716
20
-3.9063037007874013
11
7.6983766929133859
21
-3.9063453543307087
0
LINE
8
BLACK
6
CONTINUOUS
10
7.6983766929133859
20
-3.9063453543307087
11
7.6981347637795272
21
-3.9068477952755907
0
LINE
8
BLACK
6
CONTINUOUS
10
7.6981347637795272
20
-3.9068477952755907
11
7.6968486220472441
21
-3.9078734251968501
0
LINE
8
BLACK
6
CONTINUOUS
10
7.6968486220472441
20
-3.9078734251968501
11
7.6964414960629917
21
-3.9082805905511808
0
LINE
8
BLACK
6
CONTINUOUS
10
7.6964414960629917
20
-3.9082805905511808
11
7.6962263385826768
21
-3.9083696850393701
0
LINE
8
BLACK
6
CONTINUOUS
10
7.6962263385826768
20
-3.9083696850393701
11
7.6956095275590553
21
-3.9088616141732282
0
LINE
8
BLACK
6
CONTINUOUS
10
7.6956095275590553
20
-3.9088616141732282
11
7.6943383464566928
21
-3.9091517322834646
0
LINE
8
BLACK
6
CONTINUOUS
10
7.6943383464566928
20
-3.9091517322834646
11
7.6938585039370073
21
-3.9093505118110237
0
LINE
8
BLACK
6
CONTINUOUS
10
7.6938585039370073
20
-3.9093505118110237
11
7.6934674803149603
21
-3.9093505118110237
0
LINE
8
BLACK
6
CONTINUOUS
10
7.6934674803149603
20
-3.9093505118110237
11
7.6924606299212597
21
-3.9095803149606296
0
LINE
8
BLACK
6
CONTINUOUS
10
7.6924606299212597
20
-3.9095803149606296
11
7.691453779527559
21
-3.9093505118110237
0
LINE
8
BLACK
6
CONTINUOUS
10
7.691453779527559
20
-3.9093505118110237
11
7.691062755905512
21
-3.9093505118110237
0
LINE
8
BLACK
6
CONTINUOUS
10
7.691062755905512
20
-3.9093505118110237
11
7.6905828740157478
21
-3.9091517322834646
0
LINE
8
BLACK
6
CONTINUOUS
10
7.6905828740157478
20
-3.9091517322834646
11
7.6893117322834641
21
-3.9088616141732282
0
LINE
8
BLACK
6
CONTINUOUS
10
7.6893117322834641
20
-3.9088616141732282
11
7.6886948818897638
21
-3.9083696850393701
0
LINE
8
BLACK
6
CONTINUOUS
10
7.6886948818897638
20
-3.9083696850393701
11
7.6884797637795277
21
-3.9082805905511808
0
LINE
8
BLACK
6
CONTINUOUS
10
7.6884797637795277
20
-3.9082805905511808
11
7.6880725984251965
21
-3.9078734251968501
0
LINE
8
BLACK
6
CONTINUOUS
10
7.6880725984251965
20
-3.9078734251968501
11
7.6867864960629921
21
-3.9068477952755907
0
LINE
8
BLACK
6
CONTINUOUS
10
7.6867864960629921
20
-3.9068477952755907
11
7.6865445275590547
21
-3.9063453543307087
0
LINE
8
BLACK
6
CONTINUOUS
10
7.6865445275590547
20
-3.9063453543307087
11
7.6865028740157477
21
-3.9063037007874013
0
LINE
8
BLACK
6
CONTINUOUS
10
7.6865028740157477
20
-3.9063037007874013
11
7.6863700000000001
21
-3.9059829921259843
0
LINE
8
BLACK
6
CONTINUOUS
10
7.6863700000000001
20
-3.9059829921259843
11
7.6853851181102364
21
-3.9039377952755903
0
LINE
8
BLACK
6
CONTINUOUS
10
7.6853851181102364
20
-3.9039377952755903
11
7.6852952755905513
21
-3.9023228346456693
0
LINE
8
BLACK
6
CONTINUOUS
10
7.6852952755905513
20
-3.9023228346456693
11
7.6852952755905513
21
-3.8738582677165354
0
LINE
8
BLACK
6
CONTINUOUS
10
7.6852952755905513
20
-3.8738582677165354
11
7.6853851181102364
21
-3.872243307086614
0
LINE
8
BLACK
6
CONTINUOUS
10
7.6853851181102364
20
-3.872243307086614
11
7.6863700000000001
21
-3.8701980708661416
0
LINE
8
BLACK
6
CONTINUOUS
10
7.6863700000000001
20
-3.8701980708661416
11
7.6865028740157477
21
-3.869877401574803
0
LINE
8
BLACK
6
CONTINUOUS
10
7.6865028740157477
20
-3.869877401574803
11
7.6865445275590547
21
-3.8698357086614172
0
LINE
8
BLACK
6
CONTINUOUS
10
7.6865445275590547
20
-3.8698357086614172
11
7.6867864960629921
21
-3.869333307086614
0
LINE
8
BLACK
6
CONTINUOUS
10
7.6867864960629921
20
-3.869333307086614
11
7.6880725984251965
21
-3.8683076377952754
0
LINE
8
BLACK
6
CONTINUOUS
10
7.6880725984251965
20
-3.8683076377952754
11
7.6884797637795277
21
-3.8679005118110235
0
LINE
8
BLACK
6
CONTINUOUS
10
7.6884797637795277
20
-3.8679005118110235
11
7.6886948818897638
21
-3.8678113779527559
0
LINE
8
BLACK
6
CONTINUOUS
10
7.6886948818897638
20
-3.8678113779527559
11
7.6893117322834641
21
-3.8673194881889761
0
LINE
8
BLACK
6
CONTINUOUS
10
7.6893117322834641
20
-3.8673194881889761
11
7.6905828740157478
21
-3.8670293307086614
0
LINE
8
BLACK
6
CONTINUOUS
10
7.6905828740157478
20
-3.8670293307086614
11
7.691062755905512
21
-3.8668305905511811
0
LINE
8
BLACK
6
CONTINUOUS
10
7.691062755905512
20
-3.8668305905511811
11
7.691453779527559
21
-3.8668305905511811
0
LINE
8
BLACK
6
CONTINUOUS
10
7.691453779527559
20
-3.8668305905511811
11
7.6924606299212597
21
-3.8666007874015746
0
LINE
8
BLACK
6
CONTINUOUS
10
7.6924606299212597
20
-3.8666007874015746
11
7.6934674803149603
21
-3.8668305905511811
0
LINE
8
BLACK
6
CONTINUOUS
10
7.7190580314960631
20
-3.8668305905511811
11
7.7194490551181101
21
-3.8668305905511811
0
LINE
8
BLACK
6
CONTINUOUS
10
7.7194490551181101
20
-3.8668305905511811
11
7.7199288976377947
21
-3.8670293307086614
0
LINE
8
BLACK
6
CONTINUOUS
10
7.7199288976377947
20
-3.8670293307086614
11
7.7212000787401571
21
-3.8673194881889761
0
LINE
8
BLACK
6
CONTINUOUS
10
7.7212000787401571
20
-3.8673194881889761
11
7.7218168897637796
21
-3.8678113779527559
0
LINE
8
BLACK
6
CONTINUOUS
10
7.7218168897637796
20
-3.8678113779527559
11
7.7220320472440944
21
-3.8679005118110235
0
LINE
8
BLACK
6
CONTINUOUS
10
7.7220320472440944
20
-3.8679005118110235
11
7.7224391732283459
21
-3.8683076377952754
0
LINE
8
BLACK
6
CONTINUOUS
10
7.7224391732283459
20
-3.8683076377952754
11
7.72372531496063
21
-3.869333307086614
0
LINE
8
BLACK
6
CONTINUOUS
10
7.72372531496063
20
-3.869333307086614
11
7.7239672440944878
21
-3.8698357086614172
0
LINE
8
BLACK
6
CONTINUOUS
10
7.7239672440944878
20
-3.8698357086614172
11
7.7240089370078735
21
-3.869877401574803
0
LINE
8
BLACK
6
CONTINUOUS
10
7.7240089370078735
20
-3.869877401574803
11
7.7241417716535432
21
-3.8701980708661416
0
LINE
8
BLACK
6
CONTINUOUS
10
7.7241417716535432
20
-3.8701980708661416
11
7.7251266929133857
21
-3.872243307086614
0
LINE
8
BLACK
6
CONTINUOUS
10
7.7251266929133857
20
-3.872243307086614
11
7.7252165354330709
21
-3.8738582677165354
0
LINE
8
BLACK
6
CONTINUOUS
10
7.7252165354330709
20
-3.8738582677165354
11
7.7252165354330709
21
-3.9023228346456693
0
LINE
8
BLACK
6
CONTINUOUS
10
7.7252165354330709
20
-3.9023228346456693
11
7.7251266929133857
21
-3.9039377952755903
0
LINE
8
BLACK
6
CONTINUOUS
10
7.7251266929133857
20
-3.9039377952755903
11
7.7241417716535432
21
-3.9059829921259843
0
LINE
8
BLACK
6
CONTINUOUS
10
7.7241417716535432
20
-3.9059829921259843
11
7.7240089370078735
21
-3.9063037007874013
0
LINE
8
BLACK
6
CONTINUOUS
10
7.7240089370078735
20
-3.9063037007874013
11
7.7239672440944878
21
-3.9063453543307087
0
LINE
8
BLACK
6
CONTINUOUS
10
7.7239672440944878
20
-3.9063453543307087
11
7.72372531496063
21
-3.9068477952755907
0
LINE
8
BLACK
6
CONTINUOUS
10
7.72372531496063
20
-3.9068477952755907
11
7.7224391732283459
21
-3.9078734251968501
0
LINE
8
BLACK
6
CONTINUOUS
10
7.7224391732283459
20
-3.9078734251968501
11
7.7220320472440944
21
-3.9082805905511808
0
LINE
8
BLACK
6
CONTINUOUS
10
7.7220320472440944
20
-3.9082805905511808
11
7.7218168897637796
21
-3.9083696850393701
0
LINE
8
BLACK
6
CONTINUOUS
10
7.7218168897637796
20
-3.9083696850393701
11
7.7212000787401571
21
-3.9088616141732282
0
LINE
8
BLACK
6
CONTINUOUS
10
7.7212000787401571
20
-3.9088616141732282
11
7.7199288976377947
21
-3.9091517322834646
0
LINE
8
BLACK
6
CONTINUOUS
10
7.7199288976377947
20
-3.9091517322834646
11
7.7194490551181101
21
-3.9093505118110237
0
LINE
8
BLACK
6
CONTINUOUS
10
7.7194490551181101
20
-3.9093505118110237
11
7.7190580314960631
21
-3.9093505118110237
0
LINE
8
BLACK
6
CONTINUOUS
10
7.7190580314960631
20
-3.9093505118110237
11
7.7180511811023624
21
-3.9095803149606296
0
LINE
8
BLACK
6
CONTINUOUS
10
7.7180511811023624
20
-3.9095803149606296
11
7.7170443307086609
21
-3.9093505118110237
0
LINE
8
BLACK
6
CONTINUOUS
10
7.7170443307086609
20
-3.9093505118110237
11
7.7166533070866139
21
-3.9093505118110237
0
LINE
8
BLACK
6
CONTINUOUS
10
7.7166533070866139
20
-3.9093505118110237
11
7.7161734251968506
21
-3.9091517322834646
0
LINE
8
BLACK
6
CONTINUOUS
10
7.7161734251968506
20
-3.9091517322834646
11
7.7149022834645669
21
-3.9088616141732282
0
LINE
8
BLACK
6
CONTINUOUS
10
7.7149022834645669
20
-3.9088616141732282
11
7.7142854330708657
21
-3.9083696850393701
0
LINE
8
BLACK
6
CONTINUOUS
10
7.7142854330708657
20
-3.9083696850393701
11
7.7140703149606296
21
-3.9082805905511808
0
LINE
8
BLACK
6
CONTINUOUS
10
7.7140703149606296
20
-3.9082805905511808
11
7.7136631496062993
21
-3.9078734251968501
0
LINE
8
BLACK
6
CONTINUOUS
10
7.7136631496062993
20
-3.9078734251968501
11
7.712377047244094
21
-3.9068477952755907
0
LINE
8
BLACK
6
CONTINUOUS
10
7.712377047244094
20
-3.9068477952755907
11
7.7121350787401575
21
-3.9063453543307087
0
LINE
8
BLACK
6
CONTINUOUS
10
7.7121350787401575
20
-3.9063453543307087
11
7.7120934251968505
21
-3.9063037007874013
0
LINE
8
BLACK
6
CONTINUOUS
10
7.7120934251968505
20
-3.9063037007874013
11
7.711960551181102
21
-3.9059829921259843
0
LINE
8
BLACK
6
CONTINUOUS
10
7.711960551181102
20
-3.9059829921259843
11
7.7109756692913383
21
-3.9039377952755903
0
LINE
8
BLACK
6
CONTINUOUS
10
7.7109756692913383
20
-3.9039377952755903
11
7.7108858267716531
21
-3.9023228346456693
0
LINE
8
BLACK
6
CONTINUOUS
10
7.7108858267716531
20
-3.9023228346456693
11
7.7108858267716531
21
-3.8738582677165354
0
LINE
8
BLACK
6
CONTINUOUS
10
7.7108858267716531
20
-3.8738582677165354
11
7.7109756692913383
21
-3.872243307086614
0
LINE
8
BLACK
6
CONTINUOUS
10
7.7109756692913383
20
-3.872243307086614
11
7.711960551181102
21
-3.8701980708661416
0
LINE
8
BLACK
6
CONTINUOUS
10
7.711960551181102
20
-3.8701980708661416
11
7.7120934251968505
21
-3.869877401574803
0
LINE
8
BLACK
6
CONTINUOUS
10
7.7120934251968505
20
-3.869877401574803
11
7.7121350787401575
21
-3.8698357086614172
0
LINE
8
BLACK
6
CONTINUOUS
10
7.7121350787401575
20
-3.8698357086614172
11
7.712377047244094
21
-3.869333307086614
0
LINE
8
BLACK
6
CONTINUOUS
10
7.712377047244094
20
-3.869333307086614
11
7.7136631496062993
21
-3.8683076377952754
0
LINE
8
BLACK
6
CONTINUOUS
10
7.7136631496062993
20
-3.8683076377952754
11
7.7140703149606296
21
-3.8679005118110235
0
LINE
8
BLACK
6
CONTINUOUS
10
7.7140703149606296
20
-3.8679005118110235
11
7.7142854330708657
21
-3.8678113779527559
0
LINE
8
BLACK
6
CONTINUOUS
10
7.7142854330708657
20
-3.8678113779527559
11
7.7149022834645669
21
-3.8673194881889761
0
LINE
8
BLACK
6
CONTINUOUS
10
7.7149022834645669
20
-3.8673194881889761
11
7.7161734251968506
21
-3.8670293307086614
0
LINE
8
BLACK
6
CONTINUOUS
10
7.7161734251968506
20
-3.8670293307086614
11
7.7166533070866139
21
-3.8668305905511811
0
LINE
8
BLACK
6
CONTINUOUS
10
7.7166533070866139
20
-3.8668305905511811
11
7.7170443307086609
21
-3.8668305905511811
0
LINE
8
BLACK
6
CONTINUOUS
10
7.7170443307086609
20
-3.8668305905511811
11
7.7180511811023624
21
-3.8666007874015746
0
LINE
8
BLACK
6
CONTINUOUS
10
7.7180511811023624
20
-3.8666007874015746
11
7.7190580314960631
21
-3.8668305905511811
0
LINE
8
BLACK
6
CONTINUOUS
10
7.7446485826771649
20
-3.8668305905511811
11
7.7450396062992128
21
-3.8668305905511811
0
LINE
8
BLACK
6
CONTINUOUS
10
7.7450396062992128
20
-3.8668305905511811
11
7.7455194488188974
21
-3.8670293307086614
0
LINE
8
BLACK
6
CONTINUOUS
10
7.7455194488188974
20
-3.8670293307086614
11
7.7467906299212599
21
-3.8673194881889761
0
LINE
8
BLACK
6
CONTINUOUS
10
7.7467906299212599
20
-3.8673194881889761
11
7.7474074409448814
21
-3.8678113779527559
0
LINE
8
BLACK
6
CONTINUOUS
10
7.7474074409448814
20
-3.8678113779527559
11
7.7476225984251963
21
-3.8679005118110235
0
LINE
8
BLACK
6
CONTINUOUS
10
7.7476225984251963
20
-3.8679005118110235
11
7.7480297244094487
21
-3.8683076377952754
0
LINE
8
BLACK
6
CONTINUOUS
10
7.7480297244094487
20
-3.8683076377952754
11
7.7493158661417318
21
-3.869333307086614
0
LINE
8
BLACK
6
CONTINUOUS
10
7.7493158661417318
20
-3.869333307086614
11
7.7495577952755905
21
-3.8698357086614172
0
LINE
8
BLACK
6
CONTINUOUS
10
7.7495577952755905
20
-3.8698357086614172
11
7.7495994881889763
21
-3.869877401574803
0
LINE
8
BLACK
6
CONTINUOUS
10
7.7495994881889763
20
-3.869877401574803
11
7.7497323228346451
21
-3.8701980708661416
0
LINE
8
BLACK
6
CONTINUOUS
10
7.7497323228346451
20
-3.8701980708661416
11
7.7507172440944876
21
-3.872243307086614
0
LINE
8
BLACK
6
CONTINUOUS
10
7.7507172440944876
20
-3.872243307086614
11
7.7508070866141727
21
-3.8738582677165354
0
LINE
8
BLACK
6
CONTINUOUS
10
7.7508070866141727
20
-3.8738582677165354
11
7.7508070866141727
21
-3.9023228346456693
0
LINE
8
BLACK
6
CONTINUOUS
10
7.7508070866141727
20
-3.9023228346456693
11
7.7507172440944876
21
-3.9039377952755903
0
LINE
8
BLACK
6
CONTINUOUS
10
7.7507172440944876
20
-3.9039377952755903
11
7.7497323228346451
21
-3.9059829921259843
0
LINE
8
BLACK
6
CONTINUOUS
10
7.7497323228346451
20
-3.9059829921259843
11
7.7495994881889763
21
-3.9063037007874013
0
LINE
8
BLACK
6
CONTINUOUS
10
7.7495994881889763
20
-3.9063037007874013
11
7.7495577952755905
21
-3.9063453543307087
0
LINE
8
BLACK
6
CONTINUOUS
10
7.7495577952755905
20
-3.9063453543307087
11
7.7493158661417318
21
-3.9068477952755907
0
LINE
8
BLACK
6
CONTINUOUS
10
7.7493158661417318
20
-3.9068477952755907
11
7.7480297244094487
21
-3.9078734251968501
0
LINE
8
BLACK
6
CONTINUOUS
10
7.7480297244094487
20
-3.9078734251968501
11
7.7476225984251963
21
-3.9082805905511808
0
LINE
8
BLACK
6
CONTINUOUS
10
7.7476225984251963
20
-3.9082805905511808
11
7.7474074409448814
21
-3.9083696850393701
0
LINE
8
BLACK
6
CONTINUOUS
10
7.7474074409448814
20
-3.9083696850393701
11
7.7467906299212599
21
-3.9088616141732282
0
LINE
8
BLACK
6
CONTINUOUS
10
7.7467906299212599
20
-3.9088616141732282
11
7.7455194488188974
21
-3.9091517322834646
0
LINE
8
BLACK
6
CONTINUOUS
10
7.7455194488188974
20
-3.9091517322834646
11
7.7450396062992128
21
-3.9093505118110237
0
LINE
8
BLACK
6
CONTINUOUS
10
7.7450396062992128
20
-3.9093505118110237
11
7.7446485826771649
21
-3.9093505118110237
0
LINE
8
BLACK
6
CONTINUOUS
10
7.7446485826771649
20
-3.9093505118110237
11
7.7436417322834643
21
-3.9095803149606296
0
LINE
8
BLACK
6
CONTINUOUS
10
7.7436417322834643
20
-3.9095803149606296
11
7.7426348818897637
21
-3.9093505118110237
0
LINE
8
BLACK
6
CONTINUOUS
10
7.7426348818897637
20
-3.9093505118110237
11
7.7422438582677167
21
-3.9093505118110237
0
LINE
8
BLACK
6
CONTINUOUS
10
7.7422438582677167
20
-3.9093505118110237
11
7.7417639763779524
21
-3.9091517322834646
0
LINE
8
BLACK
6
CONTINUOUS
10
7.7417639763779524
20
-3.9091517322834646
11
7.7404928346456687
21
-3.9088616141732282
0
LINE
8
BLACK
6
CONTINUOUS
10
7.7404928346456687
20
-3.9088616141732282
11
7.7398759842519684
21
-3.9083696850393701
0
LINE
8
BLACK
6
CONTINUOUS
10
7.7398759842519684
20
-3.9083696850393701
11
7.7396608661417323
21
-3.9082805905511808
0
LINE
8
BLACK
6
CONTINUOUS
10
7.7396608661417323
20
-3.9082805905511808
11
7.7392537007874012
21
-3.9078734251968501
0
LINE
8
BLACK
6
CONTINUOUS
10
7.7392537007874012
20
-3.9078734251968501
11
7.7379675984251968
21
-3.9068477952755907
0
LINE
8
BLACK
6
CONTINUOUS
10
7.7379675984251968
20
-3.9068477952755907
11
7.7377256299212593
21
-3.9063453543307087
0
LINE
8
BLACK
6
CONTINUOUS
10
7.7377256299212593
20
-3.9063453543307087
11
7.7376839763779524
21
-3.9063037007874013
0
LINE
8
BLACK
6
CONTINUOUS
10
7.7376839763779524
20
-3.9063037007874013
11
7.7375511023622048
21
-3.9059829921259843
0
LINE
8
BLACK
6
CONTINUOUS
10
7.7375511023622048
20
-3.9059829921259843
11
7.736566220472441
21
-3.9039377952755903
0
LINE
8
BLACK
6
CONTINUOUS
10
7.736566220472441
20
-3.9039377952755903
11
7.7364763779527559
21
-3.9023228346456693
0
LINE
8
BLACK
6
CONTINUOUS
10
7.7364763779527559
20
-3.9023228346456693
11
7.7364763779527559
21
-3.8738582677165354
0
LINE
8
BLACK
6
CONTINUOUS
10
7.7364763779527559
20
-3.8738582677165354
11
7.736566220472441
21
-3.872243307086614
0
LINE
8
BLACK
6
CONTINUOUS
10
7.736566220472441
20
-3.872243307086614
11
7.7375511023622048
21
-3.8701980708661416
0
LINE
8
BLACK
6
CONTINUOUS
10
7.7375511023622048
20
-3.8701980708661416
11
7.7376839763779524
21
-3.869877401574803
0
LINE
8
BLACK
6
CONTINUOUS
10
7.7376839763779524
20
-3.869877401574803
11
7.7377256299212593
21
-3.8698357086614172
0
LINE
8
BLACK
6
CONTINUOUS
10
7.7377256299212593
20
-3.8698357086614172
11
7.7379675984251968
21
-3.869333307086614
0
LINE
8
BLACK
6
CONTINUOUS
10
7.7379675984251968
20
-3.869333307086614
11
7.7392537007874012
21
-3.8683076377952754
0
LINE
8
BLACK
6
CONTINUOUS
10
7.7392537007874012
20
-3.8683076377952754
11
7.7396608661417323
21
-3.8679005118110235
0
LINE
8
BLACK
6
CONTINUOUS
10
7.7396608661417323
20
-3.8679005118110235
11
7.7398759842519684
21
-3.8678113779527559
0
LINE
8
BLACK
6
CONTINUOUS
10
7.7398759842519684
20
-3.8678113779527559
11
7.7404928346456687
21
-3.8673194881889761
0
LINE
8
BLACK
6
CONTINUOUS
10
7.7404928346456687
20
-3.8673194881889761
11
7.7417639763779524
21
-3.8670293307086614
0
LINE
8
BLACK
6
CONTINUOUS
10
7.7417639763779524
20
-3.8670293307086614
11
7.7422438582677167
21
-3.8668305905511811
0
LINE
8
BLACK
6
CONTINUOUS
10
7.7422438582677167
20
-3.8668305905511811
11
7.7426348818897637
21
-3.8668305905511811
0
LINE
8
BLACK
6
CONTINUOUS
10
7.7426348818897637
20
-3.8668305905511811
11
7.7436417322834643
21
-3.8666007874015746
0
LINE
8
BLACK
6
CONTINUOUS
10
7.7436417322834643
20
-3.8666007874015746
11
7.7446485826771649
21
-3.8668305905511811
0
LINE
8
BLACK
6
CONTINUOUS
10
5.1818307086614173
20
-3.9078740157480314
11
5.1503346456692913
21
-3.9078740157480314
0
LINE
8
BLACK
6
CONTINUOUS
10
5.1503346456692913
20
-3.9078740157480314
11
5.1503346456692913
21
-3.8724409448818897
0
LINE
8
BLACK
6
CONTINUOUS
10
5.1503346456692913
20
-3.8724409448818897
11
5.1818307086614173
21
-3.8724409448818897
0
LINE
8
BLACK
6
CONTINUOUS
10
5.1818307086614173
20
-3.8724409448818897
11
5.1818307086614173
21
-3.9078740157480314
0
LINE
8
BLACK
6
CONTINUOUS
10
5.2369488188976376
20
-3.9078740157480314
11
5.2054527559055117
21
-3.9078740157480314
0
LINE
8
BLACK
6
CONTINUOUS
10
5.2054527559055117
20
-3.9078740157480314
11
5.2054527559055117
21
-3.8724409448818897
0
LINE
8
BLACK
6
CONTINUOUS
10
5.2054527559055117
20
-3.8724409448818897
11
5.2369488188976376
21
-3.8724409448818897
0
LINE
8
BLACK
6
CONTINUOUS
10
5.2369488188976376
20
-3.8724409448818897
11
5.2369488188976376
21
-3.9078740157480314
0
LINE
8
BLACK
6
CONTINUOUS
10
7.9294846456692909
20
-3.9041716535433069
11
7.866492519685039
21
-3.9041716535433069
0
LINE
8
BLACK
6
CONTINUOUS
10
7.866492519685039
20
-3.9041716535433069
11
7.866492519685039
21
-3.8742503937007875
0
LINE
8
BLACK
6
CONTINUOUS
10
7.866492519685039
20
-3.8742503937007875
11
7.9294846456692909
21
-3.8742503937007875
0
LINE
8
BLACK
6
CONTINUOUS
10
7.9294846456692909
20
-3.8742503937007875
11
7.9294846456692909
21
-3.9041716535433069
0
LINE
8
BLACK
6
CONTINUOUS
10
8.229878346456692
20
-3.9041716535433069
11
8.1668862204724402
21
-3.9041716535433069
0
LINE
8
BLACK
6
CONTINUOUS
10
8.1668862204724402
20
-3.9041716535433069
11
8.1668862204724402
21
-3.8742503937007875
0
LINE
8
BLACK
6
CONTINUOUS
10
8.1668862204724402
20
-3.8742503937007875
11
8.229878346456692
21
-3.8742503937007875
0
LINE
8
BLACK
6
CONTINUOUS
10
8.229878346456692
20
-3.8742503937007875
11
8.229878346456692
21
-3.9041716535433069
0
LINE
8
BLACK
6
CONTINUOUS
10
5.9385236220472439
20
-3.9011417322834645
11
5.907027559055118
21
-3.9011417322834645
0
LINE
8
BLACK
6
CONTINUOUS
10
5.907027559055118
20
-3.9011417322834645
11
5.907027559055118
21
-3.8657086614173228
0
LINE
8
BLACK
6
CONTINUOUS
10
5.907027559055118
20
-3.8657086614173228
11
5.9385236220472439
21
-3.8657086614173228
0
LINE
8
BLACK
6
CONTINUOUS
10
5.9385236220472439
20
-3.8657086614173228
11
5.9385236220472439
21
-3.9011417322834645
0
LINE
8
BLACK
6
CONTINUOUS
10
5.9936417322834643
20
-3.9011417322834645
11
5.9621456692913384
21
-3.9011417322834645
0
LINE
8
BLACK
6
CONTINUOUS
10
5.9621456692913384
20
-3.9011417322834645
11
5.9621456692913384
21
-3.8657086614173228
0
LINE
8
BLACK
6
CONTINUOUS
10
5.9621456692913384
20
-3.8657086614173228
11
5.9936417322834643
21
-3.8657086614173228
0
LINE
8
BLACK
6
CONTINUOUS
10
5.9936417322834643
20
-3.8657086614173228
11
5.9936417322834643
21
-3.9011417322834645
0
LINE
8
BLACK
6
CONTINUOUS
10
6.7322834645669287
20
-3.8885236220472441
11
6.7007874015748028
21
-3.8885236220472441
0
LINE
8
BLACK
6
CONTINUOUS
10
6.7007874015748028
20
-3.8885236220472441
11
6.7007874015748028
21
-3.8530905511811024
0
LINE
8
BLACK
6
CONTINUOUS
10
6.7007874015748028
20
-3.8530905511811024
11
6.7322834645669287
21
-3.8530905511811024
0
LINE
8
BLACK
6
CONTINUOUS
10
6.7322834645669287
20
-3.8530905511811024
11
6.7322834645669287
21
-3.8885236220472441
0
LINE
8
BLACK
6
CONTINUOUS
10
6.7874015748031491
20
-3.8885236220472441
11
6.7559055118110232
21
-3.8885236220472441
0
LINE
8
BLACK
6
CONTINUOUS
10
6.7559055118110232
20
-3.8885236220472441
11
6.7559055118110232
21
-3.8530905511811024
0
LINE
8
BLACK
6
CONTINUOUS
10
6.7559055118110232
20
-3.8530905511811024
11
6.7874015748031491
21
-3.8530905511811024
0
LINE
8
BLACK
6
CONTINUOUS
10
6.7874015748031491
20
-3.8530905511811024
11
6.7874015748031491
21
-3.8885236220472441
0
LINE
8
BLACK
6
CONTINUOUS
10
5.5883858267716535
20
-3.8353788976377952
11
5.5894389763779531
21
-3.8353788976377952
0
LINE
8
BLACK
6
CONTINUOUS
10
5.5894389763779531
20
-3.8353788976377952
11
5.5894389763779531
21
-3.8364320472440943
0
LINE
8
BLACK
6
CONTINUOUS
10
5.5894389763779531
20
-3.8364320472440943
11
5.5896456692913388
21
-3.8366387401574804
0
LINE
8
BLACK
6
CONTINUOUS
10
5.5896456692913388
20
-3.8366387401574804
11
5.5896456692913388
21
-3.8461662992125984
0
LINE
8
BLACK
6
CONTINUOUS
10
5.5896456692913388
20
-3.8461662992125984
11
5.5894389763779531
21
-3.8461662992125984
0
LINE
8
BLACK
6
CONTINUOUS
10
5.5894389763779531
20
-3.8461662992125984
11
5.5894389763779531
21
-3.8591584251968505
0
LINE
8
BLACK
6
CONTINUOUS
10
5.5894389763779531
20
-3.8591584251968505
11
5.5896456692913388
21
-3.8591584251968505
0
LINE
8
BLACK
6
CONTINUOUS
10
5.5896456692913388
20
-3.8591584251968505
11
5.5896456692913388
21
-3.8681348031496063
0
LINE
8
BLACK
6
CONTINUOUS
10
5.5896456692913388
20
-3.8681348031496063
11
5.5894389763779531
21
-3.868341496062992
0
LINE
8
BLACK
6
CONTINUOUS
10
5.5894389763779531
20
-3.868341496062992
11
5.5894389763779531
21
-3.8693946456692911
0
LINE
8
BLACK
6
CONTINUOUS
10
5.5894389763779531
20
-3.8693946456692911
11
5.5883858267716535
21
-3.8693946456692911
0
LINE
8
BLACK
6
CONTINUOUS
10
5.5883858267716535
20
-3.8693946456692911
11
5.5876771653543305
21
-3.8701033070866142
0
LINE
8
BLACK
6
CONTINUOUS
10
5.5876771653543305
20
-3.8701033070866142
11
5.5561811023622045
21
-3.8701033070866142
0
LINE
8
BLACK
6
CONTINUOUS
10
5.5561811023622045
20
-3.8701033070866142
11
5.5542125984251971
21
-3.8681348031496063
0
LINE
8
BLACK
6
CONTINUOUS
10
5.5542125984251971
20
-3.8681348031496063
11
5.5542125984251971
21
-3.8366387401574804
0
LINE
8
BLACK
6
CONTINUOUS
10
5.5542125984251971
20
-3.8366387401574804
11
5.5561811023622045
21
-3.8346702362204725
0
LINE
8
BLACK
6
CONTINUOUS
10
5.5561811023622045
20
-3.8346702362204725
11
5.5876771653543305
21
-3.8346702362204725
0
LINE
8
BLACK
6
CONTINUOUS
10
5.5876771653543305
20
-3.8346702362204725
11
5.5883858267716535
21
-3.8353788976377952
0
LINE
8
BLACK
6
CONTINUOUS
10
5.6522440944881884
20
-3.8366387401574804
11
5.6522440944881884
21
-3.8681348031496063
0
LINE
8
BLACK
6
CONTINUOUS
10
5.6522440944881884
20
-3.8681348031496063
11
5.650275590551181
21
-3.8701033070866142
0
LINE
8
BLACK
6
CONTINUOUS
10
5.650275590551181
20
-3.8701033070866142
11
5.6187795275590551
21
-3.8701033070866142
0
LINE
8
BLACK
6
CONTINUOUS
10
5.6187795275590551
20
-3.8701033070866142
11
5.618070866141732
21
-3.8693946456692911
0
LINE
8
BLACK
6
CONTINUOUS
10
5.618070866141732
20
-3.8693946456692911
11
5.6170177165354334
21
-3.8693946456692911
0
LINE
8
BLACK
6
CONTINUOUS
10
5.6170177165354334
20
-3.8693946456692911
11
5.6170177165354334
21
-3.868341496062992
0
LINE
8
BLACK
6
CONTINUOUS
10
5.6170177165354334
20
-3.868341496062992
11
5.6168110236220468
21
-3.8681348031496063
0
LINE
8
BLACK
6
CONTINUOUS
10
5.6168110236220468
20
-3.8681348031496063
11
5.6168110236220468
21
-3.8586072440944883
0
LINE
8
BLACK
6
CONTINUOUS
10
5.6168110236220468
20
-3.8586072440944883
11
5.6170177165354334
21
-3.8586072440944883
0
LINE
8
BLACK
6
CONTINUOUS
10
5.6170177165354334
20
-3.8586072440944883
11
5.6170177165354334
21
-3.8456151181102363
0
LINE
8
BLACK
6
CONTINUOUS
10
5.6170177165354334
20
-3.8456151181102363
11
5.6168110236220468
21
-3.8456151181102363
0
LINE
8
BLACK
6
CONTINUOUS
10
5.6168110236220468
20
-3.8456151181102363
11
5.6168110236220468
21
-3.8366387401574804
0
LINE
8
BLACK
6
CONTINUOUS
10
5.6168110236220468
20
-3.8366387401574804
11
5.6170177165354334
21
-3.8364320472440943
0
LINE
8
BLACK
6
CONTINUOUS
10
5.6170177165354334
20
-3.8364320472440943
11
5.6170177165354334
21
-3.8353788976377952
0
LINE
8
BLACK
6
CONTINUOUS
10
5.6170177165354334
20
-3.8353788976377952
11
5.618070866141732
21
-3.8353788976377952
0
LINE
8
BLACK
6
CONTINUOUS
10
5.618070866141732
20
-3.8353788976377952
11
5.6187795275590551
21
-3.8346702362204725
0
LINE
8
BLACK
6
CONTINUOUS
10
5.6187795275590551
20
-3.8346702362204725
11
5.650275590551181
21
-3.8346702362204725
0
LINE
8
BLACK
6
CONTINUOUS
10
5.650275590551181
20
-3.8346702362204725
11
5.6522440944881884
21
-3.8366387401574804
0
LINE
8
BLACK
6
CONTINUOUS
10
6.3576181102362206
20
-3.8329527559055117
11
6.3586712598425192
21
-3.8329527559055117
0
LINE
8
BLACK
6
CONTINUOUS
10
6.3586712598425192
20
-3.8329527559055117
11
6.3586712598425192
21
-3.8340059055118108
0
LINE
8
BLACK
6
CONTINUOUS
10
6.3586712598425192
20
-3.8340059055118108
11
6.3588779527559049
21
-3.8342125984251969
0
LINE
8
BLACK
6
CONTINUOUS
10
6.3588779527559049
20
-3.8342125984251969
11
6.3588779527559049
21
-3.8437401574803149
0
LINE
8
BLACK
6
CONTINUOUS
10
6.3588779527559049
20
-3.8437401574803149
11
6.3586712598425192
21
-3.8437401574803149
0
LINE
8
BLACK
6
CONTINUOUS
10
6.3586712598425192
20
-3.8437401574803149
11
6.3586712598425192
21
-3.856732283464567
0
LINE
8
BLACK
6
CONTINUOUS
10
6.3586712598425192
20
-3.856732283464567
11
6.3588779527559049
21
-3.856732283464567
0
LINE
8
BLACK
6
CONTINUOUS
10
6.3588779527559049
20
-3.856732283464567
11
6.3588779527559049
21
-3.8657086614173228
0
LINE
8
BLACK
6
CONTINUOUS
10
6.3588779527559049
20
-3.8657086614173228
11
6.3586712598425192
21
-3.8659153543307085
0
LINE
8
BLACK
6
CONTINUOUS
10
6.3586712598425192
20
-3.8659153543307085
11
6.3586712598425192
21
-3.8669685039370076
0
LINE
8
BLACK
6
CONTINUOUS
10
6.3586712598425192
20
-3.8669685039370076
11
6.3576181102362206
21
-3.8669685039370076
0
LINE
8
BLACK
6
CONTINUOUS
10
6.3576181102362206
20
-3.8669685039370076
11
6.3569094488188975
21
-3.8676771653543307
0
LINE
8
BLACK
6
CONTINUOUS
10
6.3569094488188975
20
-3.8676771653543307
11
6.3254133858267716
21
-3.8676771653543307
0
LINE
8
BLACK
6
CONTINUOUS
10
6.3254133858267716
20
-3.8676771653543307
11
6.3234448818897633
21
-3.8657086614173228
0
LINE
8
BLACK
6
CONTINUOUS
10
6.3234448818897633
20
-3.8657086614173228
11
6.3234448818897633
21
-3.8342125984251969
0
LINE
8
BLACK
6
CONTINUOUS
10
6.3234448818897633
20
-3.8342125984251969
11
6.3254133858267716
21
-3.832244094488189
0
LINE
8
BLACK
6
CONTINUOUS
10
6.3254133858267716
20
-3.832244094488189
11
6.3569094488188975
21
-3.832244094488189
0
LINE
8
BLACK
6
CONTINUOUS
10
6.3569094488188975
20
-3.832244094488189
11
6.3576181102362206
21
-3.8329527559055117
0
LINE
8
BLACK
6
CONTINUOUS
10
6.4214763779527555
20
-3.8342125984251969
11
6.4214763779527555
21
-3.8657086614173228
0
LINE
8
BLACK
6
CONTINUOUS
10
6.4214763779527555
20
-3.8657086614173228
11
6.4195078740157481
21
-3.8676771653543307
0
LINE
8
BLACK
6
CONTINUOUS
10
6.4195078740157481
20
-3.8676771653543307
11
6.3880118110236221
21
-3.8676771653543307
0
LINE
8
BLACK
6
CONTINUOUS
10
6.3880118110236221
20
-3.8676771653543307
11
6.3873031496062991
21
-3.8669685039370076
0
LINE
8
BLACK
6
CONTINUOUS
10
6.3873031496062991
20
-3.8669685039370076
11
6.3862499999999995
21
-3.8669685039370076
0
LINE
8
BLACK
6
CONTINUOUS
10
6.3862499999999995
20
-3.8669685039370076
11
6.3862499999999995
21
-3.8659153543307085
0
LINE
8
BLACK
6
CONTINUOUS
10
6.3862499999999995
20
-3.8659153543307085
11
6.3860433070866138
21
-3.8657086614173228
0
LINE
8
BLACK
6
CONTINUOUS
10
6.3860433070866138
20
-3.8657086614173228
11
6.3860433070866138
21
-3.8561811023622048
0
LINE
8
BLACK
6
CONTINUOUS
10
6.3860433070866138
20
-3.8561811023622048
11
6.3862499999999995
21
-3.8561811023622048
0
LINE
8
BLACK
6
CONTINUOUS
10
6.3862499999999995
20
-3.8561811023622048
11
6.3862499999999995
21
-3.8431889763779528
0
LINE
8
BLACK
6
CONTINUOUS
10
6.3862499999999995
20
-3.8431889763779528
11
6.3860433070866138
21
-3.8431889763779528
0
LINE
8
BLACK
6
CONTINUOUS
10
6.3860433070866138
20
-3.8431889763779528
11
6.3860433070866138
21
-3.8342125984251969
0
LINE
8
BLACK
6
CONTINUOUS
10
6.3860433070866138
20
-3.8342125984251969
11
6.3862499999999995
21
-3.8340059055118108
0
LINE
8
BLACK
6
CONTINUOUS
10
6.3862499999999995
20
-3.8340059055118108
11
6.3862499999999995
21
-3.8329527559055117
0
LINE
8
BLACK
6
CONTINUOUS
10
6.3862499999999995
20
-3.8329527559055117
11
6.3873031496062991
21
-3.8329527559055117
0
LINE
8
BLACK
6
CONTINUOUS
10
6.3873031496062991
20
-3.8329527559055117
11
6.3880118110236221
21
-3.832244094488189
0
LINE
8
BLACK
6
CONTINUOUS
10
6.3880118110236221
20
-3.832244094488189
11
6.4195078740157481
21
-3.832244094488189
0
LINE
8
BLACK
6
CONTINUOUS
10
6.4195078740157481
20
-3.832244094488189
11
6.4214763779527555
21
-3.8342125984251969
0
LINE
8
BLACK
6
CONTINUOUS
10
7.148543307086614
20
-3.8324261417322836
11
7.1495964566929135
21
-3.8324261417322836
0
LINE
8
BLACK
6
CONTINUOUS
10
7.1495964566929135
20
-3.8324261417322836
11
7.1495964566929135
21
-3.8334792913385827
0
LINE
8
BLACK
6
CONTINUOUS
10
7.1495964566929135
20
-3.8334792913385827
11
7.1498031496062993
21
-3.8336859842519684
0
LINE
8
BLACK
6
CONTINUOUS
10
7.1498031496062993
20
-3.8336859842519684
11
7.1498031496062993
21
-3.8432135433070864
0
LINE
8
BLACK
6
CONTINUOUS
10
7.1498031496062993
20
-3.8432135433070864
11
7.1495964566929135
21
-3.8432135433070864
0
LINE
8
BLACK
6
CONTINUOUS
10
7.1495964566929135
20
-3.8432135433070864
11
7.1495964566929135
21
-3.8562056692913385
0
LINE
8
BLACK
6
CONTINUOUS
10
7.1495964566929135
20
-3.8562056692913385
11
7.1498031496062993
21
-3.8562056692913385
0
LINE
8
BLACK
6
CONTINUOUS
10
7.1498031496062993
20
-3.8562056692913385
11
7.1498031496062993
21
-3.8651820472440943
0
LINE
8
BLACK
6
CONTINUOUS
10
7.1498031496062993
20
-3.8651820472440943
11
7.1495964566929135
21
-3.86538874015748
0
LINE
8
BLACK
6
CONTINUOUS
10
7.1495964566929135
20
-3.86538874015748
11
7.1495964566929135
21
-3.8664418897637796
0
LINE
8
BLACK
6
CONTINUOUS
10
7.1495964566929135
20
-3.8664418897637796
11
7.148543307086614
21
-3.8664418897637796
0
LINE
8
BLACK
6
CONTINUOUS
10
7.148543307086614
20
-3.8664418897637796
11
7.1478346456692909
21
-3.8671505511811022
0
LINE
8
BLACK
6
CONTINUOUS
10
7.1478346456692909
20
-3.8671505511811022
11
7.116338582677165
21
-3.8671505511811022
0
LINE
8
BLACK
6
CONTINUOUS
10
7.116338582677165
20
-3.8671505511811022
11
7.1143700787401576
21
-3.8651820472440943
0
LINE
8
BLACK
6
CONTINUOUS
10
7.1143700787401576
20
-3.8651820472440943
11
7.1143700787401576
21
-3.8336859842519684
0
LINE
8
BLACK
6
CONTINUOUS
10
7.1143700787401576
20
-3.8336859842519684
11
7.116338582677165
21
-3.8317174803149605
0
LINE
8
BLACK
6
CONTINUOUS
10
7.116338582677165
20
-3.8317174803149605
11
7.1478346456692909
21
-3.8317174803149605
0
LINE
8
BLACK
6
CONTINUOUS
10
7.1478346456692909
20
-3.8317174803149605
11
7.148543307086614
21
-3.8324261417322836
0
LINE
8
BLACK
6
CONTINUOUS
10
7.2124015748031498
20
-3.8336859842519684
11
7.2124015748031498
21
-3.8651820472440943
0
LINE
8
BLACK
6
CONTINUOUS
10
7.2124015748031498
20
-3.8651820472440943
11
7.2104330708661415
21
-3.8671505511811022
0
LINE
8
BLACK
6
CONTINUOUS
10
7.2104330708661415
20
-3.8671505511811022
11
7.1789370078740156
21
-3.8671505511811022
0
LINE
8
BLACK
6
CONTINUOUS
10
7.1789370078740156
20
-3.8671505511811022
11
7.1782283464566925
21
-3.8664418897637796
0
LINE
8
BLACK
6
CONTINUOUS
10
7.1782283464566925
20
-3.8664418897637796
11
7.1771751968503938
21
-3.8664418897637796
0
LINE
8
BLACK
6
CONTINUOUS
10
7.1771751968503938
20
-3.8664418897637796
11
7.1771751968503938
21
-3.86538874015748
0
LINE
8
BLACK
6
CONTINUOUS
10
7.1771751968503938
20
-3.86538874015748
11
7.1769685039370081
21
-3.8651820472440943
0
LINE
8
BLACK
6
CONTINUOUS
10
7.1769685039370081
20
-3.8651820472440943
11
7.1769685039370081
21
-3.8556544881889763
0
LINE
8
BLACK
6
CONTINUOUS
10
7.1769685039370081
20
-3.8556544881889763
11
7.1771751968503938
21
-3.8556544881889763
0
LINE
8
BLACK
6
CONTINUOUS
10
7.1771751968503938
20
-3.8556544881889763
11
7.1771751968503938
21
-3.8426623622047242
0
LINE
8
BLACK
6
CONTINUOUS
10
7.1771751968503938
20
-3.8426623622047242
11
7.1769685039370081
21
-3.8426623622047242
0
LINE
8
BLACK
6
CONTINUOUS
10
7.1769685039370081
20
-3.8426623622047242
11
7.1769685039370081
21
-3.8336859842519684
0
LINE
8
BLACK
6
CONTINUOUS
10
7.1769685039370081
20
-3.8336859842519684
11
7.1771751968503938
21
-3.8334792913385827
0
LINE
8
BLACK
6
CONTINUOUS
10
7.1771751968503938
20
-3.8334792913385827
11
7.1771751968503938
21
-3.8324261417322836
0
LINE
8
BLACK
6
CONTINUOUS
10
7.1771751968503938
20
-3.8324261417322836
11
7.1782283464566925
21
-3.8324261417322836
0
LINE
8
BLACK
6
CONTINUOUS
10
7.1782283464566925
20
-3.8324261417322836
11
7.1789370078740156
21
-3.8317174803149605
0
LINE
8
BLACK
6
CONTINUOUS
10
7.1789370078740156
20
-3.8317174803149605
11
7.2104330708661415
21
-3.8317174803149605
0
LINE
8
BLACK
6
CONTINUOUS
10
7.2104330708661415
20
-3.8317174803149605
11
7.2124015748031498
21
-3.8336859842519684
0
LINE
8
BLACK
6
CONTINUOUS
10
5.4635826771653546
20
-3.859251968503937
11
5.3395669291338583
21
-3.859251968503937
0
LINE
8
BLACK
6
CONTINUOUS
10
5.3395669291338583
20
-3.859251968503937
11
5.3395669291338583
21
-3.7352362204724407
0
LINE
8
BLACK
6
CONTINUOUS
10
5.3395669291338583
20
-3.7352362204724407
11
5.4635826771653546
21
-3.7352362204724407
0
LINE
8
BLACK
6
CONTINUOUS
10
5.4635826771653546
20
-3.7352362204724407
11
5.4635826771653546
21
-3.859251968503937
0
LINE
8
BLACK
6
CONTINUOUS
10
7.0167322834645667
20
-3.859251968503937
11
6.8927165354330704
21
-3.859251968503937
0
LINE
8
BLACK
6
CONTINUOUS
10
6.8927165354330704
20
-3.859251968503937
11
6.8927165354330704
21
-3.7352362204724407
0
LINE
8
BLACK
6
CONTINUOUS
10
6.8927165354330704
20
-3.7352362204724407
11
7.0167322834645667
21
-3.7352362204724407
0
LINE
8
BLACK
6
CONTINUOUS
10
7.0167322834645667
20
-3.7352362204724407
11
7.0167322834645667
21
-3.859251968503937
0
LINE
8
BLACK
6
CONTINUOUS
10
6.2190354330708661
20
-3.8568503937007872
11
6.0950196850393699
21
-3.8568503937007872
0
LINE
8
BLACK
6
CONTINUOUS
10
6.0950196850393699
20
-3.8568503937007872
11
6.0950196850393699
21
-3.7328346456692914
0
LINE
8
BLACK
6
CONTINUOUS
10
6.0950196850393699
20
-3.7328346456692914
11
6.2190354330708661
21
-3.7328346456692914
0
LINE
8
BLACK
6
CONTINUOUS
10
6.2190354330708661
20
-3.7328346456692914
11
6.2190354330708661
21
-3.8568503937007872
0
LINE
8
BLACK
6
CONTINUOUS
10
5.3202370078740158
20
-3.8413496850393698
11
5.3222822047244094
21
-3.8423345669291336
0
LINE
8
BLACK
6
CONTINUOUS
10
5.3222822047244094
20
-3.8423345669291336
11
5.3226029133858264
21
-3.842467440944882
0
LINE
8
BLACK
6
CONTINUOUS
10
5.3226029133858264
20
-3.842467440944882
11
5.3226445669291333
21
-3.842509094488189
0
LINE
8
BLACK
6
CONTINUOUS
10
5.3226445669291333
20
-3.842509094488189
11
5.3231470078740157
21
-3.842751062992126
0
LINE
8
BLACK
6
CONTINUOUS
10
5.3231470078740157
20
-3.842751062992126
11
5.3241726377952752
21
-3.8440371653543308
0
LINE
8
BLACK
6
CONTINUOUS
10
5.3241726377952752
20
-3.8440371653543308
11
5.3245798031496063
21
-3.8444443307086615
0
LINE
8
BLACK
6
CONTINUOUS
10
5.3245798031496063
20
-3.8444443307086615
11
5.3246688976377952
21
-3.8446594488188977
0
LINE
8
BLACK
6
CONTINUOUS
10
5.3246688976377952
20
-3.8446594488188977
11
5.3251608267716533
21
-3.8452762992125984
0
LINE
8
BLACK
6
CONTINUOUS
10
5.3251608267716533
20
-3.8452762992125984
11
5.3254509448818901
21
-3.8465474409448817
0
LINE
8
BLACK
6
CONTINUOUS
10
5.3254509448818901
20
-3.8465474409448817
11
5.3256497244094483
21
-3.8470273228346454
0
LINE
8
BLACK
6
CONTINUOUS
10
5.3256497244094483
20
-3.8470273228346454
11
5.3256497244094483
21
-3.8474183070866141
0
LINE
8
BLACK
6
CONTINUOUS
10
5.3256497244094483
20
-3.8474183070866141
11
5.3258795275590547
21
-3.8484251968503935
0
LINE
8
BLACK
6
CONTINUOUS
10
5.3258795275590547
20
-3.8484251968503935
11
5.3256497244094483
21
-3.8494320472440946
0
LINE
8
BLACK
6
CONTINUOUS
10
5.3256497244094483
20
-3.8494320472440946
11
5.3256497244094483
21
-3.8498230708661416
0
LINE
8
BLACK
6
CONTINUOUS
10
5.3256497244094483
20
-3.8498230708661416
11
5.3254509448818901
21
-3.8503029133858266
0
LINE
8
BLACK
6
CONTINUOUS
10
5.3254509448818901
20
-3.8503029133858266
11
5.3251608267716533
21
-3.8515740944881891
0
LINE
8
BLACK
6
CONTINUOUS
10
5.3251608267716533
20
-3.8515740944881891
11
5.3246688976377952
21
-3.8521909055118111
0
LINE
8
BLACK
6
CONTINUOUS
10
5.3246688976377952
20
-3.8521909055118111
11
5.3245798031496063
21
-3.852406062992126
0
LINE
8
BLACK
6
CONTINUOUS
10
5.3245798031496063
20
-3.852406062992126
11
5.3241726377952752
21
-3.8528131889763779
0
LINE
8
BLACK
6
CONTINUOUS
10
5.3241726377952752
20
-3.8528131889763779
11
5.3231470078740157
21
-3.8540993307086615
0
LINE
8
BLACK
6
CONTINUOUS
10
5.3231470078740157
20
-3.8540993307086615
11
5.3226445669291333
21
-3.8543412598425197
0
LINE
8
BLACK
6
CONTINUOUS
10
5.3226445669291333
20
-3.8543412598425197
11
5.3226029133858264
21
-3.8543829527559055
0
LINE
8
BLACK
6
CONTINUOUS
10
5.3226029133858264
20
-3.8543829527559055
11
5.3222822047244094
21
-3.8545157874015747
0
LINE
8
BLACK
6
CONTINUOUS
10
5.3222822047244094
20
-3.8545157874015747
11
5.3202370078740158
21
-3.8555007086614173
0
LINE
8
BLACK
6
CONTINUOUS
10
5.3202370078740158
20
-3.8555007086614173
11
5.3186220472440944
21
-3.8555905511811024
0
LINE
8
BLACK
6
CONTINUOUS
10
5.3186220472440944
20
-3.8555905511811024
11
5.2901574803149609
21
-3.8555905511811024
0
LINE
8
BLACK
6
CONTINUOUS
10
5.2901574803149609
20
-3.8555905511811024
11
5.2885425196850395
21
-3.8555007086614173
0
LINE
8
BLACK
6
CONTINUOUS
10
5.2885425196850395
20
-3.8555007086614173
11
5.2864972834645672
21
-3.8545157874015747
0
LINE
8
BLACK
6
CONTINUOUS
10
5.2864972834645672
20
-3.8545157874015747
11
5.286176614173228
21
-3.8543829527559055
0
LINE
8
BLACK
6
CONTINUOUS
10
5.286176614173228
20
-3.8543829527559055
11
5.2861349212598423
21
-3.8543412598425197
0
LINE
8
BLACK
6
CONTINUOUS
10
5.2861349212598423
20
-3.8543412598425197
11
5.2856325196850396
21
-3.8540993307086615
0
LINE
8
BLACK
6
CONTINUOUS
10
5.2856325196850396
20
-3.8540993307086615
11
5.2846068503937005
21
-3.8528131889763779
0
LINE
8
BLACK
6
CONTINUOUS
10
5.2846068503937005
20
-3.8528131889763779
11
5.284199724409449
21
-3.852406062992126
0
LINE
8
BLACK
6
CONTINUOUS
10
5.284199724409449
20
-3.852406062992126
11
5.2841105905511814
21
-3.8521909055118111
0
LINE
8
BLACK
6
CONTINUOUS
10
5.2841105905511814
20
-3.8521909055118111
11
5.2836187007874011
21
-3.8515740944881891
0
LINE
8
BLACK
6
CONTINUOUS
10
5.2836187007874011
20
-3.8515740944881891
11
5.2833285433070865
21
-3.8503029133858266
0
LINE
8
BLACK
6
CONTINUOUS
10
5.2833285433070865
20
-3.8503029133858266
11
5.2831298031496061
21
-3.8498230708661416
0
LINE
8
BLACK
6
CONTINUOUS
10
5.2831298031496061
20
-3.8498230708661416
11
5.2831298031496061
21
-3.8494320472440946
0
LINE
8
BLACK
6
CONTINUOUS
10
5.2831298031496061
20
-3.8494320472440946
11
5.2828999999999997
21
-3.8484251968503935
0
LINE
8
BLACK
6
CONTINUOUS
10
5.2828999999999997
20
-3.8484251968503935
11
5.2831298031496061
21
-3.8474183070866141
0
LINE
8
BLACK
6
CONTINUOUS
10
5.2831298031496061
20
-3.8474183070866141
11
5.2831298031496061
21
-3.8470273228346454
0
LINE
8
BLACK
6
CONTINUOUS
10
5.2831298031496061
20
-3.8470273228346454
11
5.2833285433070865
21
-3.8465474409448817
0
LINE
8
BLACK
6
CONTINUOUS
10
5.2833285433070865
20
-3.8465474409448817
11
5.2836187007874011
21
-3.8452762992125984
0
LINE
8
BLACK
6
CONTINUOUS
10
5.2836187007874011
20
-3.8452762992125984
11
5.2841105905511814
21
-3.8446594488188977
0
LINE
8
BLACK
6
CONTINUOUS
10
5.2841105905511814
20
-3.8446594488188977
11
5.284199724409449
21
-3.8444443307086615
0
LINE
8
BLACK
6
CONTINUOUS
10
5.284199724409449
20
-3.8444443307086615
11
5.2846068503937005
21
-3.8440371653543308
0
LINE
8
BLACK
6
CONTINUOUS
10
5.2846068503937005
20
-3.8440371653543308
11
5.2856325196850396
21
-3.842751062992126
0
LINE
8
BLACK
6
CONTINUOUS
10
5.2856325196850396
20
-3.842751062992126
11
5.2861349212598423
21
-3.842509094488189
0
LINE
8
BLACK
6
CONTINUOUS
10
5.2861349212598423
20
-3.842509094488189
11
5.286176614173228
21
-3.842467440944882
0
LINE
8
BLACK
6
CONTINUOUS
10
5.286176614173228
20
-3.842467440944882
11
5.2864972834645672
21
-3.8423345669291336
0
LINE
8
BLACK
6
CONTINUOUS
10
5.2864972834645672
20
-3.8423345669291336
11
5.2885425196850395
21
-3.8413496850393698
0
LINE
8
BLACK
6
CONTINUOUS
10
5.2885425196850395
20
-3.8413496850393698
11
5.2901574803149609
21
-3.8412598425196851
0
LINE
8
BLACK
6
CONTINUOUS
10
5.2901574803149609
20
-3.8412598425196851
11
5.3186220472440944
21
-3.8412598425196851
0
LINE
8
BLACK
6
CONTINUOUS
10
5.3186220472440944
20
-3.8412598425196851
11
5.3202370078740158
21
-3.8413496850393698
0
LINE
8
BLACK
6
CONTINUOUS
10
5.5146070866141734
20
-3.8413496850393698
11
5.516652283464567
21
-3.8423345669291336
0
LINE
8
BLACK
6
CONTINUOUS
10
5.516652283464567
20
-3.8423345669291336
11
5.516972992125984
21
-3.842467440944882
0
LINE
8
BLACK
6
CONTINUOUS
10
5.516972992125984
20
-3.842467440944882
11
5.517014645669291
21
-3.842509094488189
0
LINE
8
BLACK
6
CONTINUOUS
10
5.517014645669291
20
-3.842509094488189
11
5.5175170866141734
21
-3.842751062992126
0
LINE
8
BLACK
6
CONTINUOUS
10
5.5175170866141734
20
-3.842751062992126
11
5.5185427165354328
21
-3.8440371653543308
0
LINE
8
BLACK
6
CONTINUOUS
10
5.5185427165354328
20
-3.8440371653543308
11
5.518949881889764
21
-3.8444443307086615
0
LINE
8
BLACK
6
CONTINUOUS
10
5.518949881889764
20
-3.8444443307086615
11
5.5190389763779528
21
-3.8446594488188977
0
LINE
8
BLACK
6
CONTINUOUS
10
5.5190389763779528
20
-3.8446594488188977
11
5.5195309055118109
21
-3.8452762992125984
0
LINE
8
BLACK
6
CONTINUOUS
10
5.5195309055118109
20
-3.8452762992125984
11
5.5198210236220469
21
-3.8465474409448817
0
LINE
8
BLACK
6
CONTINUOUS
10
5.5198210236220469
20
-3.8465474409448817
11
5.5200198031496059
21
-3.8470273228346454
0
LINE
8
BLACK
6
CONTINUOUS
10
5.5200198031496059
20
-3.8470273228346454
11
5.5200198031496059
21
-3.8474183070866141
0
LINE
8
BLACK
6
CONTINUOUS
10
5.5200198031496059
20
-3.8474183070866141
11
5.5202496062992124
21
-3.8484251968503935
0
LINE
8
BLACK
6
CONTINUOUS
10
5.5202496062992124
20
-3.8484251968503935
11
5.5200198031496059
21
-3.8494320472440946
0
LINE
8
BLACK
6
CONTINUOUS
10
5.5200198031496059
20
-3.8494320472440946
11
5.5200198031496059
21
-3.8498230708661416
0
LINE
8
BLACK
6
CONTINUOUS
10
5.5200198031496059
20
-3.8498230708661416
11
5.5198210236220469
21
-3.8503029133858266
0
LINE
8
BLACK
6
CONTINUOUS
10
5.5198210236220469
20
-3.8503029133858266
11
5.5195309055118109
21
-3.8515740944881891
0
LINE
8
BLACK
6
CONTINUOUS
10
5.5195309055118109
20
-3.8515740944881891
11
5.5190389763779528
21
-3.8521909055118111
0
LINE
8
BLACK
6
CONTINUOUS
10
5.5190389763779528
20
-3.8521909055118111
11
5.518949881889764
21
-3.852406062992126
0
LINE
8
BLACK
6
CONTINUOUS
10
5.518949881889764
20
-3.852406062992126
11
5.5185427165354328
21
-3.8528131889763779
0
LINE
8
BLACK
6
CONTINUOUS
10
5.5185427165354328
20
-3.8528131889763779
11
5.5175170866141734
21
-3.8540993307086615
0
LINE
8
BLACK
6
CONTINUOUS
10
5.5175170866141734
20
-3.8540993307086615
11
5.517014645669291
21
-3.8543412598425197
0
LINE
8
BLACK
6
CONTINUOUS
10
5.517014645669291
20
-3.8543412598425197
11
5.516972992125984
21
-3.8543829527559055
0
LINE
8
BLACK
6
CONTINUOUS
10
5.516972992125984
20
-3.8543829527559055
11
5.516652283464567
21
-3.8545157874015747
0
LINE
8
BLACK
6
CONTINUOUS
10
5.516652283464567
20
-3.8545157874015747
11
5.5146070866141734
21
-3.8555007086614173
0
LINE
8
BLACK
6
CONTINUOUS
10
5.5146070866141734
20
-3.8555007086614173
11
5.512992125984252
21
-3.8555905511811024
0
LINE
8
BLACK
6
CONTINUOUS
10
5.512992125984252
20
-3.8555905511811024
11
5.4845275590551177
21
-3.8555905511811024
0
LINE
8
BLACK
6
CONTINUOUS
10
5.4845275590551177
20
-3.8555905511811024
11
5.4829125984251963
21
-3.8555007086614173
0
LINE
8
BLACK
6
CONTINUOUS
10
5.4829125984251963
20
-3.8555007086614173
11
5.4808673622047239
21
-3.8545157874015747
0
LINE
8
BLACK
6
CONTINUOUS
10
5.4808673622047239
20
-3.8545157874015747
11
5.4805466929133857
21
-3.8543829527559055
0
LINE
8
BLACK
6
CONTINUOUS
10
5.4805466929133857
20
-3.8543829527559055
11
5.480505
21
-3.8543412598425197
0
LINE
8
BLACK
6
CONTINUOUS
10
5.480505
20
-3.8543412598425197
11
5.4800025984251963
21
-3.8540993307086615
0
LINE
8
BLACK
6
CONTINUOUS
10
5.4800025984251963
20
-3.8540993307086615
11
5.4789769291338581
21
-3.8528131889763779
0
LINE
8
BLACK
6
CONTINUOUS
10
5.4789769291338581
20
-3.8528131889763779
11
5.4785698031496057
21
-3.852406062992126
0
LINE
8
BLACK
6
CONTINUOUS
10
5.4785698031496057
20
-3.852406062992126
11
5.4784806692913381
21
-3.8521909055118111
0
LINE
8
BLACK
6
CONTINUOUS
10
5.4784806692913381
20
-3.8521909055118111
11
5.4779887795275588
21
-3.8515740944881891
0
LINE
8
BLACK
6
CONTINUOUS
10
5.4779887795275588
20
-3.8515740944881891
11
5.4776986220472441
21
-3.8503029133858266
0
LINE
8
BLACK
6
CONTINUOUS
10
5.4776986220472441
20
-3.8503029133858266
11
5.4774998818897638
21
-3.8498230708661416
0
LINE
8
BLACK
6
CONTINUOUS
10
5.4774998818897638
20
-3.8498230708661416
11
5.4774998818897638
21
-3.8494320472440946
0
LINE
8
BLACK
6
CONTINUOUS
10
5.4774998818897638
20
-3.8494320472440946
11
5.4772700787401574
21
-3.8484251968503935
0
LINE
8
BLACK
6
CONTINUOUS
10
5.4772700787401574
20
-3.8484251968503935
11
5.4774998818897638
21
-3.8474183070866141
0
LINE
8
BLACK
6
CONTINUOUS
10
5.4774998818897638
20
-3.8474183070866141
11
5.4774998818897638
21
-3.8470273228346454
0
LINE
8
BLACK
6
CONTINUOUS
10
5.4774998818897638
20
-3.8470273228346454
11
5.4776986220472441
21
-3.8465474409448817
0
LINE
8
BLACK
6
CONTINUOUS
10
5.4776986220472441
20
-3.8465474409448817
11
5.4779887795275588
21
-3.8452762992125984
0
LINE
8
BLACK
6
CONTINUOUS
10
5.4779887795275588
20
-3.8452762992125984
11
5.4784806692913381
21
-3.8446594488188977
0
LINE
8
BLACK
6
CONTINUOUS
10
5.4784806692913381
20
-3.8446594488188977
11
5.4785698031496057
21
-3.8444443307086615
0
LINE
8
BLACK
6
CONTINUOUS
10
5.4785698031496057
20
-3.8444443307086615
11
5.4789769291338581
21
-3.8440371653543308
0
LINE
8
BLACK
6
CONTINUOUS
10
5.4789769291338581
20
-3.8440371653543308
11
5.4800025984251963
21
-3.842751062992126
0
LINE
8
BLACK
6
CONTINUOUS
10
5.4800025984251963
20
-3.842751062992126
11
5.480505
21
-3.842509094488189
0
LINE
8
BLACK
6
CONTINUOUS
10
5.480505
20
-3.842509094488189
11
5.4805466929133857
21
-3.842467440944882
0
LINE
8
BLACK
6
CONTINUOUS
10
5.4805466929133857
20
-3.842467440944882
11
5.4808673622047239
21
-3.8423345669291336
0
LINE
8
BLACK
6
CONTINUOUS
10
5.4808673622047239
20
-3.8423345669291336
11
5.4829125984251963
21
-3.8413496850393698
0
LINE
8
BLACK
6
CONTINUOUS
10
5.4829125984251963
20
-3.8413496850393698
11
5.4845275590551177
21
-3.8412598425196851
0
LINE
8
BLACK
6
CONTINUOUS
10
5.4845275590551177
20
-3.8412598425196851
11
5.512992125984252
21
-3.8412598425196851
0
LINE
8
BLACK
6
CONTINUOUS
10
5.512992125984252
20
-3.8412598425196851
11
5.5146070866141734
21
-3.8413496850393698
0
LINE
8
BLACK
6
CONTINUOUS
10
6.8733866141732278
20
-3.8413496850393698
11
6.8754318110236223
21
-3.8423345669291336
0
LINE
8
BLACK
6
CONTINUOUS
10
6.8754318110236223
20
-3.8423345669291336
11
6.8757525196850393
21
-3.842467440944882
0
LINE
8
BLACK
6
CONTINUOUS
10
6.8757525196850393
20
-3.842467440944882
11
6.8757941732283463
21
-3.842509094488189
0
LINE
8
BLACK
6
CONTINUOUS
10
6.8757941732283463
20
-3.842509094488189
11
6.8762966141732278
21
-3.842751062992126
0
LINE
8
BLACK
6
CONTINUOUS
10
6.8762966141732278
20
-3.842751062992126
11
6.8773222440944881
21
-3.8440371653543308
0
LINE
8
BLACK
6
CONTINUOUS
10
6.8773222440944881
20
-3.8440371653543308
11
6.8777294094488184
21
-3.8444443307086615
0
LINE
8
BLACK
6
CONTINUOUS
10
6.8777294094488184
20
-3.8444443307086615
11
6.8778185039370081
21
-3.8446594488188977
0
LINE
8
BLACK
6
CONTINUOUS
10
6.8778185039370081
20
-3.8446594488188977
11
6.8783104330708662
21
-3.8452762992125984
0
LINE
8
BLACK
6
CONTINUOUS
10
6.8783104330708662
20
-3.8452762992125984
11
6.8786005511811021
21
-3.8465474409448817
0
LINE
8
BLACK
6
CONTINUOUS
10
6.8786005511811021
20
-3.8465474409448817
11
6.8787993307086612
21
-3.8470273228346454
0
LINE
8
BLACK
6
CONTINUOUS
10
6.8787993307086612
20
-3.8470273228346454
11
6.8787993307086612
21
-3.8474183070866141
0
LINE
8
BLACK
6
CONTINUOUS
10
6.8787993307086612
20
-3.8474183070866141
11
6.8790291338582676
21
-3.8484251968503935
0
LINE
8
BLACK
6
CONTINUOUS
10
6.8790291338582676
20
-3.8484251968503935
11
6.8787993307086612
21
-3.8494320472440946
0
LINE
8
BLACK
6
CONTINUOUS
10
6.8787993307086612
20
-3.8494320472440946
11
6.8787993307086612
21
-3.8498230708661416
0
LINE
8
BLACK
6
CONTINUOUS
10
6.8787993307086612
20
-3.8498230708661416
11
6.8786005511811021
21
-3.8503029133858266
0
LINE
8
BLACK
6
CONTINUOUS
10
6.8786005511811021
20
-3.8503029133858266
11
6.8783104330708662
21
-3.8515740944881891
0
LINE
8
BLACK
6
CONTINUOUS
10
6.8783104330708662
20
-3.8515740944881891
11
6.8778185039370081
21
-3.8521909055118111
0
LINE
8
BLACK
6
CONTINUOUS
10
6.8778185039370081
20
-3.8521909055118111
11
6.8777294094488184
21
-3.852406062992126
0
LINE
8
BLACK
6
CONTINUOUS
10
6.8777294094488184
20
-3.852406062992126
11
6.8773222440944881
21
-3.8528131889763779
0
LINE
8
BLACK
6
CONTINUOUS
10
6.8773222440944881
20
-3.8528131889763779
11
6.8762966141732278
21
-3.8540993307086615
0
LINE
8
BLACK
6
CONTINUOUS
10
6.8762966141732278
20
-3.8540993307086615
11
6.8757941732283463
21
-3.8543412598425197
0
LINE
8
BLACK
6
CONTINUOUS
10
6.8757941732283463
20
-3.8543412598425197
11
6.8757525196850393
21
-3.8543829527559055
0
LINE
8
BLACK
6
CONTINUOUS
10
6.8757525196850393
20
-3.8543829527559055
11
6.8754318110236223
21
-3.8545157874015747
0
LINE
8
BLACK
6
CONTINUOUS
10
6.8754318110236223
20
-3.8545157874015747
11
6.8733866141732278
21
-3.8555007086614173
0
LINE
8
BLACK
6
CONTINUOUS
10
6.8733866141732278
20
-3.8555007086614173
11
6.8717716535433073
21
-3.8555905511811024
0
LINE
8
BLACK
6
CONTINUOUS
10
6.8717716535433073
20
-3.8555905511811024
11
6.843307086614173
21
-3.8555905511811024
0
LINE
8
BLACK
6
CONTINUOUS
10
6.843307086614173
20
-3.8555905511811024
11
6.8416921259842516
21
-3.8555007086614173
0
LINE
8
BLACK
6
CONTINUOUS
10
6.8416921259842516
20
-3.8555007086614173
11
6.8396468897637792
21
-3.8545157874015747
0
LINE
8
BLACK
6
CONTINUOUS
10
6.8396468897637792
20
-3.8545157874015747
11
6.839326220472441
21
-3.8543829527559055
0
LINE
8
BLACK
6
CONTINUOUS
10
6.839326220472441
20
-3.8543829527559055
11
6.8392845275590552
21
-3.8543412598425197
0
LINE
8
BLACK
6
CONTINUOUS
10
6.8392845275590552
20
-3.8543412598425197
11
6.8387821259842516
21
-3.8540993307086615
0
LINE
8
BLACK
6
CONTINUOUS
10
6.8387821259842516
20
-3.8540993307086615
11
6.8377564566929134
21
-3.8528131889763779
0
LINE
8
BLACK
6
CONTINUOUS
10
6.8377564566929134
20
-3.8528131889763779
11
6.837349330708661
21
-3.852406062992126
0
LINE
8
BLACK
6
CONTINUOUS
10
6.837349330708661
20
-3.852406062992126
11
6.8372601968503934
21
-3.8521909055118111
0
LINE
8
BLACK
6
CONTINUOUS
10
6.8372601968503934
20
-3.8521909055118111
11
6.8367683070866141
21
-3.8515740944881891
0
LINE
8
BLACK
6
CONTINUOUS
10
6.8367683070866141
20
-3.8515740944881891
11
6.8364781496062994
21
-3.8503029133858266
0
LINE
8
BLACK
6
CONTINUOUS
10
6.8364781496062994
20
-3.8503029133858266
11
6.8362794094488191
21
-3.8498230708661416
0
LINE
8
BLACK
6
CONTINUOUS
10
6.8362794094488191
20
-3.8498230708661416
11
6.8362794094488191
21
-3.8494320472440946
0
LINE
8
BLACK
6
CONTINUOUS
10
6.8362794094488191
20
-3.8494320472440946
11
6.8360496062992127
21
-3.8484251968503935
0
LINE
8
BLACK
6
CONTINUOUS
10
6.8360496062992127
20
-3.8484251968503935
11
6.8362794094488191
21
-3.8474183070866141
0
LINE
8
BLACK
6
CONTINUOUS
10
6.8362794094488191
20
-3.8474183070866141
11
6.8362794094488191
21
-3.8470273228346454
0
LINE
8
BLACK
6
CONTINUOUS
10
6.8362794094488191
20
-3.8470273228346454
11
6.8364781496062994
21
-3.8465474409448817
0
LINE
8
BLACK
6
CONTINUOUS
10
6.8364781496062994
20
-3.8465474409448817
11
6.8367683070866141
21
-3.8452762992125984
0
LINE
8
BLACK
6
CONTINUOUS
10
6.8367683070866141
20
-3.8452762992125984
11
6.8372601968503934
21
-3.8446594488188977
0
LINE
8
BLACK
6
CONTINUOUS
10
6.8372601968503934
20
-3.8446594488188977
11
6.837349330708661
21
-3.8444443307086615
0
LINE
8
BLACK
6
CONTINUOUS
10
6.837349330708661
20
-3.8444443307086615
11
6.8377564566929134
21
-3.8440371653543308
0
LINE
8
BLACK
6
CONTINUOUS
10
6.8377564566929134
20
-3.8440371653543308
11
6.8387821259842516
21
-3.842751062992126
0
LINE
8
BLACK
6
CONTINUOUS
10
6.8387821259842516
20
-3.842751062992126
11
6.8392845275590552
21
-3.842509094488189
0
LINE
8
BLACK
6
CONTINUOUS
10
6.8392845275590552
20
-3.842509094488189
11
6.839326220472441
21
-3.842467440944882
0
LINE
8
BLACK
6
CONTINUOUS
10
6.839326220472441
20
-3.842467440944882
11
6.8396468897637792
21
-3.8423345669291336
0
LINE
8
BLACK
6
CONTINUOUS
10
6.8396468897637792
20
-3.8423345669291336
11
6.8416921259842516
21
-3.8413496850393698
0
LINE
8
BLACK
6
CONTINUOUS
10
6.8416921259842516
20
-3.8413496850393698
11
6.843307086614173
21
-3.8412598425196851
0
LINE
8
BLACK
6
CONTINUOUS
10
6.843307086614173
20
-3.8412598425196851
11
6.8717716535433073
21
-3.8412598425196851
0
LINE
8
BLACK
6
CONTINUOUS
10
6.8717716535433073
20
-3.8412598425196851
11
6.8733866141732278
21
-3.8413496850393698
0
LINE
8
BLACK
6
CONTINUOUS
10
7.0677566929133855
20
-3.8413496850393698
11
7.0698018897637791
21
-3.8423345669291336
0
LINE
8
BLACK
6
CONTINUOUS
10
7.0698018897637791
20
-3.8423345669291336
11
7.070122598425197
21
-3.842467440944882
0
LINE
8
BLACK
6
CONTINUOUS
10
7.070122598425197
20
-3.842467440944882
11
7.070164251968504
21
-3.842509094488189
0
LINE
8
BLACK
6
CONTINUOUS
10
7.070164251968504
20
-3.842509094488189
11
7.0706666929133855
21
-3.842751062992126
0
LINE
8
BLACK
6
CONTINUOUS
10
7.0706666929133855
20
-3.842751062992126
11
7.0716923228346458
21
-3.8440371653543308
0
LINE
8
BLACK
6
CONTINUOUS
10
7.0716923228346458
20
-3.8440371653543308
11
7.072099488188976
21
-3.8444443307086615
0
LINE
8
BLACK
6
CONTINUOUS
10
7.072099488188976
20
-3.8444443307086615
11
7.0721885826771649
21
-3.8446594488188977
0
LINE
8
BLACK
6
CONTINUOUS
10
7.0721885826771649
20
-3.8446594488188977
11
7.0726805118110239
21
-3.8452762992125984
0
LINE
8
BLACK
6
CONTINUOUS
10
7.0726805118110239
20
-3.8452762992125984
11
7.0729706299212598
21
-3.8465474409448817
0
LINE
8
BLACK
6
CONTINUOUS
10
7.0729706299212598
20
-3.8465474409448817
11
7.0731694094488189
21
-3.8470273228346454
0
LINE
8
BLACK
6
CONTINUOUS
10
7.0731694094488189
20
-3.8470273228346454
11
7.0731694094488189
21
-3.8474183070866141
0
LINE
8
BLACK
6
CONTINUOUS
10
7.0731694094488189
20
-3.8474183070866141
11
7.0733992125984253
21
-3.8484251968503935
0
LINE
8
BLACK
6
CONTINUOUS
10
7.0733992125984253
20
-3.8484251968503935
11
7.0731694094488189
21
-3.8494320472440946
0
LINE
8
BLACK
6
CONTINUOUS
10
7.0731694094488189
20
-3.8494320472440946
11
7.0731694094488189
21
-3.8498230708661416
0
LINE
8
BLACK
6
CONTINUOUS
10
7.0731694094488189
20
-3.8498230708661416
11
7.0729706299212598
21
-3.8503029133858266
0
LINE
8
BLACK
6
CONTINUOUS
10
7.0729706299212598
20
-3.8503029133858266
11
7.0726805118110239
21
-3.8515740944881891
0
LINE
8
BLACK
6
CONTINUOUS
10
7.0726805118110239
20
-3.8515740944881891
11
7.0721885826771649
21
-3.8521909055118111
0
LINE
8
BLACK
6
CONTINUOUS
10
7.0721885826771649
20
-3.8521909055118111
11
7.072099488188976
21
-3.852406062992126
0
LINE
8
BLACK
6
CONTINUOUS
10
7.072099488188976
20
-3.852406062992126
11
7.0716923228346458
21
-3.8528131889763779
0
LINE
8
BLACK
6
CONTINUOUS
10
7.0716923228346458
20
-3.8528131889763779
11
7.0706666929133855
21
-3.8540993307086615
0
LINE
8
BLACK
6
CONTINUOUS
10
7.0706666929133855
20
-3.8540993307086615
11
7.070164251968504
21
-3.8543412598425197
0
LINE
8
BLACK
6
CONTINUOUS
10
7.070164251968504
20
-3.8543412598425197
11
7.070122598425197
21
-3.8543829527559055
0
LINE
8
BLACK
6
CONTINUOUS
10
7.070122598425197
20
-3.8543829527559055
11
7.0698018897637791
21
-3.8545157874015747
0
LINE
8
BLACK
6
CONTINUOUS
10
7.0698018897637791
20
-3.8545157874015747
11
7.0677566929133855
21
-3.8555007086614173
0
LINE
8
BLACK
6
CONTINUOUS
10
7.0677566929133855
20
-3.8555007086614173
11
7.0661417322834641
21
-3.8555905511811024
0
LINE
8
BLACK
6
CONTINUOUS
10
7.0661417322834641
20
-3.8555905511811024
11
7.0376771653543306
21
-3.8555905511811024
0
LINE
8
BLACK
6
CONTINUOUS
10
7.0376771653543306
20
-3.8555905511811024
11
7.0360622047244092
21
-3.8555007086614173
0
LINE
8
BLACK
6
CONTINUOUS
10
7.0360622047244092
20
-3.8555007086614173
11
7.0340169685039369
21
-3.8545157874015747
0
LINE
8
BLACK
6
CONTINUOUS
10
7.0340169685039369
20
-3.8545157874015747
11
7.0336962992125986
21
-3.8543829527559055
0
LINE
8
BLACK
6
CONTINUOUS
10
7.0336962992125986
20
-3.8543829527559055
11
7.033654606299212
21
-3.8543412598425197
0
LINE
8
BLACK
6
CONTINUOUS
10
7.033654606299212
20
-3.8543412598425197
11
7.0331522047244093
21
-3.8540993307086615
0
LINE
8
BLACK
6
CONTINUOUS
10
7.0331522047244093
20
-3.8540993307086615
11
7.0321265354330711
21
-3.8528131889763779
0
LINE
8
BLACK
6
CONTINUOUS
10
7.0321265354330711
20
-3.8528131889763779
11
7.0317194094488187
21
-3.852406062992126
0
LINE
8
BLACK
6
CONTINUOUS
10
7.0317194094488187
20
-3.852406062992126
11
7.0316302755905511
21
-3.8521909055118111
0
LINE
8
BLACK
6
CONTINUOUS
10
7.0316302755905511
20
-3.8521909055118111
11
7.0311383858267718
21
-3.8515740944881891
0
LINE
8
BLACK
6
CONTINUOUS
10
7.0311383858267718
20
-3.8515740944881891
11
7.0308482283464562
21
-3.8503029133858266
0
LINE
8
BLACK
6
CONTINUOUS
10
7.0308482283464562
20
-3.8503029133858266
11
7.0306494881889758
21
-3.8498230708661416
0
LINE
8
BLACK
6
CONTINUOUS
10
7.0306494881889758
20
-3.8498230708661416
11
7.0306494881889758
21
-3.8494320472440946
0
LINE
8
BLACK
6
CONTINUOUS
10
7.0306494881889758
20
-3.8494320472440946
11
7.0304196850393703
21
-3.8484251968503935
0
LINE
8
BLACK
6
CONTINUOUS
10
7.0304196850393703
20
-3.8484251968503935
11
7.0306494881889758
21
-3.8474183070866141
0
LINE
8
BLACK
6
CONTINUOUS
10
7.0306494881889758
20
-3.8474183070866141
11
7.0306494881889758
21
-3.8470273228346454
0
LINE
8
BLACK
6
CONTINUOUS
10
7.0306494881889758
20
-3.8470273228346454
11
7.0308482283464562
21
-3.8465474409448817
0
LINE
8
BLACK
6
CONTINUOUS
10
7.0308482283464562
20
-3.8465474409448817
11
7.0311383858267718
21
-3.8452762992125984
0
LINE
8
BLACK
6
CONTINUOUS
10
7.0311383858267718
20
-3.8452762992125984
11
7.0316302755905511
21
-3.8446594488188977
0
LINE
8
BLACK
6
CONTINUOUS
10
7.0316302755905511
20
-3.8446594488188977
11
7.0317194094488187
21
-3.8444443307086615
0
LINE
8
BLACK
6
CONTINUOUS
10
7.0317194094488187
20
-3.8444443307086615
11
7.0321265354330711
21
-3.8440371653543308
0
LINE
8
BLACK
6
CONTINUOUS
10
7.0321265354330711
20
-3.8440371653543308
11
7.0331522047244093
21
-3.842751062992126
0
LINE
8
BLACK
6
CONTINUOUS
10
7.0331522047244093
20
-3.842751062992126
11
7.033654606299212
21
-3.842509094488189
0
LINE
8
BLACK
6
CONTINUOUS
10
7.033654606299212
20
-3.842509094488189
11
7.0336962992125986
21
-3.842467440944882
0
LINE
8
BLACK
6
CONTINUOUS
10
7.0336962992125986
20
-3.842467440944882
11
7.0340169685039369
21
-3.8423345669291336
0
LINE
8
BLACK
6
CONTINUOUS
10
7.0340169685039369
20
-3.8423345669291336
11
7.0360622047244092
21
-3.8413496850393698
0
LINE
8
BLACK
6
CONTINUOUS
10
7.0360622047244092
20
-3.8413496850393698
11
7.0376771653543306
21
-3.8412598425196851
0
LINE
8
BLACK
6
CONTINUOUS
10
7.0376771653543306
20
-3.8412598425196851
11
7.0661417322834641
21
-3.8412598425196851
0
LINE
8
BLACK
6
CONTINUOUS
10
7.0661417322834641
20
-3.8412598425196851
11
7.0677566929133855
21
-3.8413496850393698
0
LINE
8
BLACK
6
CONTINUOUS
10
7.9294846456692909
20
-3.854171653543307
11
7.866492519685039
21
-3.854171653543307
0
LINE
8
BLACK
6
CONTINUOUS
10
7.866492519685039
20
-3.854171653543307
11
7.866492519685039
21
-3.8242503937007872
0
LINE
8
BLACK
6
CONTINUOUS
10
7.866492519685039
20
-3.8242503937007872
11
7.9294846456692909
21
-3.8242503937007872
0
LINE
8
BLACK
6
CONTINUOUS
10
7.9294846456692909
20
-3.8242503937007872
11
7.9294846456692909
21
-3.854171653543307
0
LINE
8
BLACK
6
CONTINUOUS
10
8.229878346456692
20
-3.854171653543307
11
8.1668862204724402
21
-3.854171653543307
0
LINE
8
BLACK
6
CONTINUOUS
10
8.1668862204724402
20
-3.854171653543307
11
8.1668862204724402
21
-3.8242503937007872
0
LINE
8
BLACK
6
CONTINUOUS
10
8.1668862204724402
20
-3.8242503937007872
11
8.229878346456692
21
-3.8242503937007872
0
LINE
8
BLACK
6
CONTINUOUS
10
8.229878346456692
20
-3.8242503937007872
11
8.229878346456692
21
-3.854171653543307
0
LINE
8
BLACK
6
CONTINUOUS
10
6.0756897637795273
20
-3.8389481102362204
11
6.0777349606299209
21
-3.8399329921259842
0
LINE
8
BLACK
6
CONTINUOUS
10
6.0777349606299209
20
-3.8399329921259842
11
6.0780556692913388
21
-3.8400658661417322
0
LINE
8
BLACK
6
CONTINUOUS
10
6.0780556692913388
20
-3.8400658661417322
11
6.0780973228346458
21
-3.8401075196850392
0
LINE
8
BLACK
6
CONTINUOUS
10
6.0780973228346458
20
-3.8401075196850392
11
6.0785997637795273
21
-3.8403494881889761
0
LINE
8
BLACK
6
CONTINUOUS
10
6.0785997637795273
20
-3.8403494881889761
11
6.0796253937007876
21
-3.841635590551181
0
LINE
8
BLACK
6
CONTINUOUS
10
6.0796253937007876
20
-3.841635590551181
11
6.0800325590551179
21
-3.8420427559055117
0
LINE
8
BLACK
6
CONTINUOUS
10
6.0800325590551179
20
-3.8420427559055117
11
6.0801216535433067
21
-3.8422578740157478
0
LINE
8
BLACK
6
CONTINUOUS
10
6.0801216535433067
20
-3.8422578740157478
11
6.0806135826771648
21
-3.8428747244094486
0
LINE
8
BLACK
6
CONTINUOUS
10
6.0806135826771648
20
-3.8428747244094486
11
6.0809037007874016
21
-3.8441458661417323
0
LINE
8
BLACK
6
CONTINUOUS
10
6.0809037007874016
20
-3.8441458661417323
11
6.0811024803149607
21
-3.844625748031496
0
LINE
8
BLACK
6
CONTINUOUS
10
6.0811024803149607
20
-3.844625748031496
11
6.0811024803149607
21
-3.8450167322834643
0
LINE
8
BLACK
6
CONTINUOUS
10
6.0811024803149607
20
-3.8450167322834643
11
6.0813322834645671
21
-3.8460236220472441
0
LINE
8
BLACK
6
CONTINUOUS
10
6.0813322834645671
20
-3.8460236220472441
11
6.0811024803149607
21
-3.8470304724409448
0
LINE
8
BLACK
6
CONTINUOUS
10
6.0811024803149607
20
-3.8470304724409448
11
6.0811024803149607
21
-3.8474214960629922
0
LINE
8
BLACK
6
CONTINUOUS
10
6.0811024803149607
20
-3.8474214960629922
11
6.0809037007874016
21
-3.8479013385826772
0
LINE
8
BLACK
6
CONTINUOUS
10
6.0809037007874016
20
-3.8479013385826772
11
6.0806135826771648
21
-3.8491725196850393
0
LINE
8
BLACK
6
CONTINUOUS
10
6.0806135826771648
20
-3.8491725196850393
11
6.0801216535433067
21
-3.8497893307086613
0
LINE
8
BLACK
6
CONTINUOUS
10
6.0801216535433067
20
-3.8497893307086613
11
6.0800325590551179
21
-3.8500044881889761
0
LINE
8
BLACK
6
CONTINUOUS
10
6.0800325590551179
20
-3.8500044881889761
11
6.0796253937007876
21
-3.8504116141732281
0
LINE
8
BLACK
6
CONTINUOUS
10
6.0796253937007876
20
-3.8504116141732281
11
6.0785997637795273
21
-3.8516977559055117
0
LINE
8
BLACK
6
CONTINUOUS
10
6.0785997637795273
20
-3.8516977559055117
11
6.0780973228346458
21
-3.8519396850393699
0
LINE
8
BLACK
6
CONTINUOUS
10
6.0780973228346458
20
-3.8519396850393699
11
6.0780556692913388
21
-3.8519813779527556
0
LINE
8
BLACK
6
CONTINUOUS
10
6.0780556692913388
20
-3.8519813779527556
11
6.0777349606299209
21
-3.8521142125984249
0
LINE
8
BLACK
6
CONTINUOUS
10
6.0777349606299209
20
-3.8521142125984249
11
6.0756897637795273
21
-3.8530991338582674
0
LINE
8
BLACK
6
CONTINUOUS
10
6.0756897637795273
20
-3.8530991338582674
11
6.0740748031496059
21
-3.8531889763779525
0
LINE
8
BLACK
6
CONTINUOUS
10
6.0740748031496059
20
-3.8531889763779525
11
6.0456102362204724
21
-3.8531889763779525
0
LINE
8
BLACK
6
CONTINUOUS
10
6.0456102362204724
20
-3.8531889763779525
11
6.0439952755905511
21
-3.8530991338582674
0
LINE
8
BLACK
6
CONTINUOUS
10
6.0439952755905511
20
-3.8530991338582674
11
6.0419500393700787
21
-3.8521142125984249
0
LINE
8
BLACK
6
CONTINUOUS
10
6.0419500393700787
20
-3.8521142125984249
11
6.0416293700787405
21
-3.8519813779527556
0
LINE
8
BLACK
6
CONTINUOUS
10
6.0416293700787405
20
-3.8519813779527556
11
6.0415876771653538
21
-3.8519396850393699
0
LINE
8
BLACK
6
CONTINUOUS
10
6.0415876771653538
20
-3.8519396850393699
11
6.0410852755905511
21
-3.8516977559055117
0
LINE
8
BLACK
6
CONTINUOUS
10
6.0410852755905511
20
-3.8516977559055117
11
6.0400596062992129
21
-3.8504116141732281
0
LINE
8
BLACK
6
CONTINUOUS
10
6.0400596062992129
20
-3.8504116141732281
11
6.0396524803149605
21
-3.8500044881889761
0
LINE
8
BLACK
6
CONTINUOUS
10
6.0396524803149605
20
-3.8500044881889761
11
6.0395633464566929
21
-3.8497893307086613
0
LINE
8
BLACK
6
CONTINUOUS
10
6.0395633464566929
20
-3.8497893307086613
11
6.0390714566929136
21
-3.8491725196850393
0
LINE
8
BLACK
6
CONTINUOUS
10
6.0390714566929136
20
-3.8491725196850393
11
6.038781299212598
21
-3.8479013385826772
0
LINE
8
BLACK
6
CONTINUOUS
10
6.038781299212598
20
-3.8479013385826772
11
6.0385825590551176
21
-3.8474214960629922
0
LINE
8
BLACK
6
CONTINUOUS
10
6.0385825590551176
20
-3.8474214960629922
11
6.0385825590551176
21
-3.8470304724409448
0
LINE
8
BLACK
6
CONTINUOUS
10
6.0385825590551176
20
-3.8470304724409448
11
6.0383527559055112
21
-3.8460236220472441
0
LINE
8
BLACK
6
CONTINUOUS
10
6.0383527559055112
20
-3.8460236220472441
11
6.0385825590551176
21
-3.8450167322834643
0
LINE
8
BLACK
6
CONTINUOUS
10
6.0385825590551176
20
-3.8450167322834643
11
6.0385825590551176
21
-3.844625748031496
0
LINE
8
BLACK
6
CONTINUOUS
10
6.0385825590551176
20
-3.844625748031496
11
6.038781299212598
21
-3.8441458661417323
0
LINE
8
BLACK
6
CONTINUOUS
10
6.038781299212598
20
-3.8441458661417323
11
6.0390714566929136
21
-3.8428747244094486
0
LINE
8
BLACK
6
CONTINUOUS
10
6.0390714566929136
20
-3.8428747244094486
11
6.0395633464566929
21
-3.8422578740157478
0
LINE
8
BLACK
6
CONTINUOUS
10
6.0395633464566929
20
-3.8422578740157478
11
6.0396524803149605
21
-3.8420427559055117
0
LINE
8
BLACK
6
CONTINUOUS
10
6.0396524803149605
20
-3.8420427559055117
11
6.0400596062992129
21
-3.841635590551181
0
LINE
8
BLACK
6
CONTINUOUS
10
6.0400596062992129
20
-3.841635590551181
11
6.0410852755905511
21
-3.8403494881889761
0
LINE
8
BLACK
6
CONTINUOUS
10
6.0410852755905511
20
-3.8403494881889761
11
6.0415876771653538
21
-3.8401075196850392
0
LINE
8
BLACK
6
CONTINUOUS
10
6.0415876771653538
20
-3.8401075196850392
11
6.0416293700787405
21
-3.8400658661417322
0
LINE
8
BLACK
6
CONTINUOUS
10
6.0416293700787405
20
-3.8400658661417322
11
6.0419500393700787
21
-3.8399329921259842
0
LINE
8
BLACK
6
CONTINUOUS
10
6.0419500393700787
20
-3.8399329921259842
11
6.0439952755905511
21
-3.8389481102362204
0
LINE
8
BLACK
6
CONTINUOUS
10
6.0439952755905511
20
-3.8389481102362204
11
6.0456102362204724
21
-3.8388582677165353
0
LINE
8
BLACK
6
CONTINUOUS
10
6.0456102362204724
20
-3.8388582677165353
11
6.0740748031496059
21
-3.8388582677165353
0
LINE
8
BLACK
6
CONTINUOUS
10
6.0740748031496059
20
-3.8388582677165353
11
6.0756897637795273
21
-3.8389481102362204
0
LINE
8
BLACK
6
CONTINUOUS
10
6.270059842519685
20
-3.8389481102362204
11
6.2721050393700786
21
-3.8399329921259842
0
LINE
8
BLACK
6
CONTINUOUS
10
6.2721050393700786
20
-3.8399329921259842
11
6.2724257480314956
21
-3.8400658661417322
0
LINE
8
BLACK
6
CONTINUOUS
10
6.2724257480314956
20
-3.8400658661417322
11
6.2724674015748034
21
-3.8401075196850392
0
LINE
8
BLACK
6
CONTINUOUS
10
6.2724674015748034
20
-3.8401075196850392
11
6.2729698425196849
21
-3.8403494881889761
0
LINE
8
BLACK
6
CONTINUOUS
10
6.2729698425196849
20
-3.8403494881889761
11
6.2739954724409444
21
-3.841635590551181
0
LINE
8
BLACK
6
CONTINUOUS
10
6.2739954724409444
20
-3.841635590551181
11
6.2744026377952755
21
-3.8420427559055117
0
LINE
8
BLACK
6
CONTINUOUS
10
6.2744026377952755
20
-3.8420427559055117
11
6.2744917322834644
21
-3.8422578740157478
0
LINE
8
BLACK
6
CONTINUOUS
10
6.2744917322834644
20
-3.8422578740157478
11
6.2749836614173224
21
-3.8428747244094486
0
LINE
8
BLACK
6
CONTINUOUS
10
6.2749836614173224
20
-3.8428747244094486
11
6.2752737795275593
21
-3.8441458661417323
0
LINE
8
BLACK
6
CONTINUOUS
10
6.2752737795275593
20
-3.8441458661417323
11
6.2754725590551184
21
-3.844625748031496
0
LINE
8
BLACK
6
CONTINUOUS
10
6.2754725590551184
20
-3.844625748031496
11
6.2754725590551184
21
-3.8450167322834643
0
LINE
8
BLACK
6
CONTINUOUS
10
6.2754725590551184
20
-3.8450167322834643
11
6.2757023622047239
21
-3.8460236220472441
0
LINE
8
BLACK
6
CONTINUOUS
10
6.2757023622047239
20
-3.8460236220472441
11
6.2754725590551184
21
-3.8470304724409448
0
LINE
8
BLACK
6
CONTINUOUS
10
6.2754725590551184
20
-3.8470304724409448
11
6.2754725590551184
21
-3.8474214960629922
0
LINE
8
BLACK
6
CONTINUOUS
10
6.2754725590551184
20
-3.8474214960629922
11
6.2752737795275593
21
-3.8479013385826772
0
LINE
8
BLACK
6
CONTINUOUS
10
6.2752737795275593
20
-3.8479013385826772
11
6.2749836614173224
21
-3.8491725196850393
0
LINE
8
BLACK
6
CONTINUOUS
10
6.2749836614173224
20
-3.8491725196850393
11
6.2744917322834644
21
-3.8497893307086613
0
LINE
8
BLACK
6
CONTINUOUS
10
6.2744917322834644
20
-3.8497893307086613
11
6.2744026377952755
21
-3.8500044881889761
0
LINE
8
BLACK
6
CONTINUOUS
10
6.2744026377952755
20
-3.8500044881889761
11
6.2739954724409444
21
-3.8504116141732281
0
LINE
8
BLACK
6
CONTINUOUS
10
6.2739954724409444
20
-3.8504116141732281
11
6.2729698425196849
21
-3.8516977559055117
0
LINE
8
BLACK
6
CONTINUOUS
10
6.2729698425196849
20
-3.8516977559055117
11
6.2724674015748034
21
-3.8519396850393699
0
LINE
8
BLACK
6
CONTINUOUS
10
6.2724674015748034
20
-3.8519396850393699
11
6.2724257480314956
21
-3.8519813779527556
0
LINE
8
BLACK
6
CONTINUOUS
10
6.2724257480314956
20
-3.8519813779527556
11
6.2721050393700786
21
-3.8521142125984249
0
LINE
8
BLACK
6
CONTINUOUS
10
6.2721050393700786
20
-3.8521142125984249
11
6.270059842519685
21
-3.8530991338582674
0
LINE
8
BLACK
6
CONTINUOUS
10
6.270059842519685
20
-3.8530991338582674
11
6.2684448818897636
21
-3.8531889763779525
0
LINE
8
BLACK
6
CONTINUOUS
10
6.2684448818897636
20
-3.8531889763779525
11
6.2399803149606301
21
-3.8531889763779525
0
LINE
8
BLACK
6
CONTINUOUS
10
6.2399803149606301
20
-3.8531889763779525
11
6.2383653543307087
21
-3.8530991338582674
0
LINE
8
BLACK
6
CONTINUOUS
10
6.2383653543307087
20
-3.8530991338582674
11
6.2363201181102363
21
-3.8521142125984249
0
LINE
8
BLACK
6
CONTINUOUS
10
6.2363201181102363
20
-3.8521142125984249
11
6.2359994488188972
21
-3.8519813779527556
0
LINE
8
BLACK
6
CONTINUOUS
10
6.2359994488188972
20
-3.8519813779527556
11
6.2359577559055115
21
-3.8519396850393699
0
LINE
8
BLACK
6
CONTINUOUS
10
6.2359577559055115
20
-3.8519396850393699
11
6.2354553543307087
21
-3.8516977559055117
0
LINE
8
BLACK
6
CONTINUOUS
10
6.2354553543307087
20
-3.8516977559055117
11
6.2344296850393697
21
-3.8504116141732281
0
LINE
8
BLACK
6
CONTINUOUS
10
6.2344296850393697
20
-3.8504116141732281
11
6.2340225590551182
21
-3.8500044881889761
0
LINE
8
BLACK
6
CONTINUOUS
10
6.2340225590551182
20
-3.8500044881889761
11
6.2339334251968506
21
-3.8497893307086613
0
LINE
8
BLACK
6
CONTINUOUS
10
6.2339334251968506
20
-3.8497893307086613
11
6.2334415354330703
21
-3.8491725196850393
0
LINE
8
BLACK
6
CONTINUOUS
10
6.2334415354330703
20
-3.8491725196850393
11
6.2331513779527556
21
-3.8479013385826772
0
LINE
8
BLACK
6
CONTINUOUS
10
6.2331513779527556
20
-3.8479013385826772
11
6.2329526377952753
21
-3.8474214960629922
0
LINE
8
BLACK
6
CONTINUOUS
10
6.2329526377952753
20
-3.8474214960629922
11
6.2329526377952753
21
-3.8470304724409448
0
LINE
8
BLACK
6
CONTINUOUS
10
6.2329526377952753
20
-3.8470304724409448
11
6.2327228346456689
21
-3.8460236220472441
0
LINE
8
BLACK
6
CONTINUOUS
10
6.2327228346456689
20
-3.8460236220472441
11
6.2329526377952753
21
-3.8450167322834643
0
LINE
8
BLACK
6
CONTINUOUS
10
6.2329526377952753
20
-3.8450167322834643
11
6.2329526377952753
21
-3.844625748031496
0
LINE
8
BLACK
6
CONTINUOUS
10
6.2329526377952753
20
-3.844625748031496
11
6.2331513779527556
21
-3.8441458661417323
0
LINE
8
BLACK
6
CONTINUOUS
10
6.2331513779527556
20
-3.8441458661417323
11
6.2334415354330703
21
-3.8428747244094486
0
LINE
8
BLACK
6
CONTINUOUS
10
6.2334415354330703
20
-3.8428747244094486
11
6.2339334251968506
21
-3.8422578740157478
0
LINE
8
BLACK
6
CONTINUOUS
10
6.2339334251968506
20
-3.8422578740157478
11
6.2340225590551182
21
-3.8420427559055117
0
LINE
8
BLACK
6
CONTINUOUS
10
6.2340225590551182
20
-3.8420427559055117
11
6.2344296850393697
21
-3.841635590551181
0
LINE
8
BLACK
6
CONTINUOUS
10
6.2344296850393697
20
-3.841635590551181
11
6.2354553543307087
21
-3.8403494881889761
0
LINE
8
BLACK
6
CONTINUOUS
10
6.2354553543307087
20
-3.8403494881889761
11
6.2359577559055115
21
-3.8401075196850392
0
LINE
8
BLACK
6
CONTINUOUS
10
6.2359577559055115
20
-3.8401075196850392
11
6.2359994488188972
21
-3.8400658661417322
0
LINE
8
BLACK
6
CONTINUOUS
10
6.2359994488188972
20
-3.8400658661417322
11
6.2363201181102363
21
-3.8399329921259842
0
LINE
8
BLACK
6
CONTINUOUS
10
6.2363201181102363
20
-3.8399329921259842
11
6.2383653543307087
21
-3.8389481102362204
0
LINE
8
BLACK
6
CONTINUOUS
10
6.2383653543307087
20
-3.8389481102362204
11
6.2399803149606301
21
-3.8388582677165353
0
LINE
8
BLACK
6
CONTINUOUS
10
6.2399803149606301
20
-3.8388582677165353
11
6.2684448818897636
21
-3.8388582677165353
0
LINE
8
BLACK
6
CONTINUOUS
10
6.2684448818897636
20
-3.8388582677165353
11
6.270059842519685
21
-3.8389481102362204
0
LINE
8
BLACK
6
CONTINUOUS
10
7.7544685039370078
20
-3.8529133858267715
11
7.6304527559055115
21
-3.8529133858267715
0
LINE
8
BLACK
6
CONTINUOUS
10
7.6304527559055115
20
-3.8529133858267715
11
7.6304527559055115
21
-3.7288976377952756
0
LINE
8
BLACK
6
CONTINUOUS
10
7.6304527559055115
20
-3.7288976377952756
11
7.7544685039370078
21
-3.7288976377952756
0
LINE
8
BLACK
6
CONTINUOUS
10
7.7544685039370078
20
-3.7288976377952756
11
7.7544685039370078
21
-3.8529133858267715
0
LINE
8
BLACK
6
CONTINUOUS
10
7.611122834645669
20
-3.8350111023622047
11
7.6131680314960626
21
-3.8359959842519684
0
LINE
8
BLACK
6
CONTINUOUS
10
7.6131680314960626
20
-3.8359959842519684
11
7.6134887401574804
21
-3.8361288582677164
0
LINE
8
BLACK
6
CONTINUOUS
10
7.6134887401574804
20
-3.8361288582677164
11
7.6135303937007874
21
-3.8361705118110234
0
LINE
8
BLACK
6
CONTINUOUS
10
7.6135303937007874
20
-3.8361705118110234
11
7.6140328346456689
21
-3.8364124803149604
0
LINE
8
BLACK
6
CONTINUOUS
10
7.6140328346456689
20
-3.8364124803149604
11
7.6150584645669293
21
-3.8376985826771652
0
LINE
8
BLACK
6
CONTINUOUS
10
7.6150584645669293
20
-3.8376985826771652
11
7.6154656299212595
21
-3.838105748031496
0
LINE
8
BLACK
6
CONTINUOUS
10
7.6154656299212595
20
-3.838105748031496
11
7.6155547244094484
21
-3.8383208661417321
0
LINE
8
BLACK
6
CONTINUOUS
10
7.6155547244094484
20
-3.8383208661417321
11
7.6160466535433073
21
-3.8389377165354328
0
LINE
8
BLACK
6
CONTINUOUS
10
7.6160466535433073
20
-3.8389377165354328
11
7.6163367716535433
21
-3.8402088582677165
0
LINE
8
BLACK
6
CONTINUOUS
10
7.6163367716535433
20
-3.8402088582677165
11
7.6165355511811024
21
-3.8406887401574803
0
LINE
8
BLACK
6
CONTINUOUS
10
7.6165355511811024
20
-3.8406887401574803
11
7.6165355511811024
21
-3.8410797244094486
0
LINE
8
BLACK
6
CONTINUOUS
10
7.6165355511811024
20
-3.8410797244094486
11
7.6167653543307088
21
-3.8420866141732284
0
LINE
8
BLACK
6
CONTINUOUS
10
7.6167653543307088
20
-3.8420866141732284
11
7.6165355511811024
21
-3.843093464566929
0
LINE
8
BLACK
6
CONTINUOUS
10
7.6165355511811024
20
-3.843093464566929
11
7.6165355511811024
21
-3.8434844881889765
0
LINE
8
BLACK
6
CONTINUOUS
10
7.6165355511811024
20
-3.8434844881889765
11
7.6163367716535433
21
-3.8439643307086615
0
LINE
8
BLACK
6
CONTINUOUS
10
7.6163367716535433
20
-3.8439643307086615
11
7.6160466535433073
21
-3.8452355118110235
0
LINE
8
BLACK
6
CONTINUOUS
10
7.6160466535433073
20
-3.8452355118110235
11
7.6155547244094484
21
-3.8458523228346455
0
LINE
8
BLACK
6
CONTINUOUS
10
7.6155547244094484
20
-3.8458523228346455
11
7.6154656299212595
21
-3.8460674803149604
0
LINE
8
BLACK
6
CONTINUOUS
10
7.6154656299212595
20
-3.8460674803149604
11
7.6150584645669293
21
-3.8464746062992123
0
LINE
8
BLACK
6
CONTINUOUS
10
7.6150584645669293
20
-3.8464746062992123
11
7.6140328346456689
21
-3.8477607480314959
0
LINE
8
BLACK
6
CONTINUOUS
10
7.6140328346456689
20
-3.8477607480314959
11
7.6135303937007874
21
-3.8480026771653542
0
LINE
8
BLACK
6
CONTINUOUS
10
7.6135303937007874
20
-3.8480026771653542
11
7.6134887401574804
21
-3.8480443700787399
0
LINE
8
BLACK
6
CONTINUOUS
10
7.6134887401574804
20
-3.8480443700787399
11
7.6131680314960626
21
-3.8481772047244092
0
LINE
8
BLACK
6
CONTINUOUS
10
7.6131680314960626
20
-3.8481772047244092
11
7.611122834645669
21
-3.8491621259842517
0
LINE
8
BLACK
6
CONTINUOUS
10
7.611122834645669
20
-3.8491621259842517
11
7.6095078740157476
21
-3.8492519685039368
0
LINE
8
BLACK
6
CONTINUOUS
10
7.6095078740157476
20
-3.8492519685039368
11
7.5810433070866141
21
-3.8492519685039368
0
LINE
8
BLACK
6
CONTINUOUS
10
7.5810433070866141
20
-3.8492519685039368
11
7.5794283464566927
21
-3.8491621259842517
0
LINE
8
BLACK
6
CONTINUOUS
10
7.5794283464566927
20
-3.8491621259842517
11
7.5773831102362204
21
-3.8481772047244092
0
LINE
8
BLACK
6
CONTINUOUS
10
7.5773831102362204
20
-3.8481772047244092
11
7.5770624409448821
21
-3.8480443700787399
0
LINE
8
BLACK
6
CONTINUOUS
10
7.5770624409448821
20
-3.8480443700787399
11
7.5770207480314955
21
-3.8480026771653542
0
LINE
8
BLACK
6
CONTINUOUS
10
7.5770207480314955
20
-3.8480026771653542
11
7.5765183464566928
21
-3.8477607480314959
0
LINE
8
BLACK
6
CONTINUOUS
10
7.5765183464566928
20
-3.8477607480314959
11
7.5754926771653546
21
-3.8464746062992123
0
LINE
8
BLACK
6
CONTINUOUS
10
7.5754926771653546
20
-3.8464746062992123
11
7.5750855511811022
21
-3.8460674803149604
0
LINE
8
BLACK
6
CONTINUOUS
10
7.5750855511811022
20
-3.8460674803149604
11
7.5749964173228346
21
-3.8458523228346455
0
LINE
8
BLACK
6
CONTINUOUS
10
7.5749964173228346
20
-3.8458523228346455
11
7.5745045275590552
21
-3.8452355118110235
0
LINE
8
BLACK
6
CONTINUOUS
10
7.5745045275590552
20
-3.8452355118110235
11
7.5742143700787397
21
-3.8439643307086615
0
LINE
8
BLACK
6
CONTINUOUS
10
7.5742143700787397
20
-3.8439643307086615
11
7.5740156299212593
21
-3.8434844881889765
0
LINE
8
BLACK
6
CONTINUOUS
10
7.5740156299212593
20
-3.8434844881889765
11
7.5740156299212593
21
-3.843093464566929
0
LINE
8
BLACK
6
CONTINUOUS
10
7.5740156299212593
20
-3.843093464566929
11
7.5737858267716538
21
-3.8420866141732284
0
LINE
8
BLACK
6
CONTINUOUS
10
7.5737858267716538
20
-3.8420866141732284
11
7.5740156299212593
21
-3.8410797244094486
0
LINE
8
BLACK
6
CONTINUOUS
10
7.5740156299212593
20
-3.8410797244094486
11
7.5740156299212593
21
-3.8406887401574803
0
LINE
8
BLACK
6
CONTINUOUS
10
7.5740156299212593
20
-3.8406887401574803
11
7.5742143700787397
21
-3.8402088582677165
0
LINE
8
BLACK
6
CONTINUOUS
10
7.5742143700787397
20
-3.8402088582677165
11
7.5745045275590552
21
-3.8389377165354328
0
LINE
8
BLACK
6
CONTINUOUS
10
7.5745045275590552
20
-3.8389377165354328
11
7.5749964173228346
21
-3.8383208661417321
0
LINE
8
BLACK
6
CONTINUOUS
10
7.5749964173228346
20
-3.8383208661417321
11
7.5750855511811022
21
-3.838105748031496
0
LINE
8
BLACK
6
CONTINUOUS
10
7.5750855511811022
20
-3.838105748031496
11
7.5754926771653546
21
-3.8376985826771652
0
LINE
8
BLACK
6
CONTINUOUS
10
7.5754926771653546
20
-3.8376985826771652
11
7.5765183464566928
21
-3.8364124803149604
0
LINE
8
BLACK
6
CONTINUOUS
10
7.5765183464566928
20
-3.8364124803149604
11
7.5770207480314955
21
-3.8361705118110234
0
LINE
8
BLACK
6
CONTINUOUS
10
7.5770207480314955
20
-3.8361705118110234
11
7.5770624409448821
21
-3.8361288582677164
0
LINE
8
BLACK
6
CONTINUOUS
10
7.5770624409448821
20
-3.8361288582677164
11
7.5773831102362204
21
-3.8359959842519684
0
LINE
8
BLACK
6
CONTINUOUS
10
7.5773831102362204
20
-3.8359959842519684
11
7.5794283464566927
21
-3.8350111023622047
0
LINE
8
BLACK
6
CONTINUOUS
10
7.5794283464566927
20
-3.8350111023622047
11
7.5810433070866141
21
-3.8349212598425195
0
LINE
8
BLACK
6
CONTINUOUS
10
7.5810433070866141
20
-3.8349212598425195
11
7.6095078740157476
21
-3.8349212598425195
0
LINE
8
BLACK
6
CONTINUOUS
10
7.6095078740157476
20
-3.8349212598425195
11
7.611122834645669
21
-3.8350111023622047
0
LINE
8
BLACK
6
CONTINUOUS
10
7.8054929133858266
20
-3.8350111023622047
11
7.8075381102362202
21
-3.8359959842519684
0
LINE
8
BLACK
6
CONTINUOUS
10
7.8075381102362202
20
-3.8359959842519684
11
7.8078588188976372
21
-3.8361288582677164
0
LINE
8
BLACK
6
CONTINUOUS
10
7.8078588188976372
20
-3.8361288582677164
11
7.8079004724409451
21
-3.8361705118110234
0
LINE
8
BLACK
6
CONTINUOUS
10
7.8079004724409451
20
-3.8361705118110234
11
7.8084029133858266
21
-3.8364124803149604
0
LINE
8
BLACK
6
CONTINUOUS
10
7.8084029133858266
20
-3.8364124803149604
11
7.809428543307086
21
-3.8376985826771652
0
LINE
8
BLACK
6
CONTINUOUS
10
7.809428543307086
20
-3.8376985826771652
11
7.8098357086614172
21
-3.838105748031496
0
LINE
8
BLACK
6
CONTINUOUS
10
7.8098357086614172
20
-3.838105748031496
11
7.809924803149606
21
-3.8383208661417321
0
LINE
8
BLACK
6
CONTINUOUS
10
7.809924803149606
20
-3.8383208661417321
11
7.8104167322834641
21
-3.8389377165354328
0
LINE
8
BLACK
6
CONTINUOUS
10
7.8104167322834641
20
-3.8389377165354328
11
7.8107068503937009
21
-3.8402088582677165
0
LINE
8
BLACK
6
CONTINUOUS
10
7.8107068503937009
20
-3.8402088582677165
11
7.81090562992126
21
-3.8406887401574803
0
LINE
8
BLACK
6
CONTINUOUS
10
7.81090562992126
20
-3.8406887401574803
11
7.81090562992126
21
-3.8410797244094486
0
LINE
8
BLACK
6
CONTINUOUS
10
7.81090562992126
20
-3.8410797244094486
11
7.8111354330708656
21
-3.8420866141732284
0
LINE
8
BLACK
6
CONTINUOUS
10
7.8111354330708656
20
-3.8420866141732284
11
7.81090562992126
21
-3.843093464566929
0
LINE
8
BLACK
6
CONTINUOUS
10
7.81090562992126
20
-3.843093464566929
11
7.81090562992126
21
-3.8434844881889765
0
LINE
8
BLACK
6
CONTINUOUS
10
7.81090562992126
20
-3.8434844881889765
11
7.8107068503937009
21
-3.8439643307086615
0
LINE
8
BLACK
6
CONTINUOUS
10
7.8107068503937009
20
-3.8439643307086615
11
7.8104167322834641
21
-3.8452355118110235
0
LINE
8
BLACK
6
CONTINUOUS
10
7.8104167322834641
20
-3.8452355118110235
11
7.809924803149606
21
-3.8458523228346455
0
LINE
8
BLACK
6
CONTINUOUS
10
7.809924803149606
20
-3.8458523228346455
11
7.8098357086614172
21
-3.8460674803149604
0
LINE
8
BLACK
6
CONTINUOUS
10
7.8098357086614172
20
-3.8460674803149604
11
7.809428543307086
21
-3.8464746062992123
0
LINE
8
BLACK
6
CONTINUOUS
10
7.809428543307086
20
-3.8464746062992123
11
7.8084029133858266
21
-3.8477607480314959
0
LINE
8
BLACK
6
CONTINUOUS
10
7.8084029133858266
20
-3.8477607480314959
11
7.8079004724409451
21
-3.8480026771653542
0
LINE
8
BLACK
6
CONTINUOUS
10
7.8079004724409451
20
-3.8480026771653542
11
7.8078588188976372
21
-3.8480443700787399
0
LINE
8
BLACK
6
CONTINUOUS
10
7.8078588188976372
20
-3.8480443700787399
11
7.8075381102362202
21
-3.8481772047244092
0
LINE
8
BLACK
6
CONTINUOUS
10
7.8075381102362202
20
-3.8481772047244092
11
7.8054929133858266
21
-3.8491621259842517
0
LINE
8
BLACK
6
CONTINUOUS
10
7.8054929133858266
20
-3.8491621259842517
11
7.8038779527559052
21
-3.8492519685039368
0
LINE
8
BLACK
6
CONTINUOUS
10
7.8038779527559052
20
-3.8492519685039368
11
7.7754133858267718
21
-3.8492519685039368
0
LINE
8
BLACK
6
CONTINUOUS
10
7.7754133858267718
20
-3.8492519685039368
11
7.7737984251968504
21
-3.8491621259842517
0
LINE
8
BLACK
6
CONTINUOUS
10
7.7737984251968504
20
-3.8491621259842517
11
7.771753188976378
21
-3.8481772047244092
0
LINE
8
BLACK
6
CONTINUOUS
10
7.771753188976378
20
-3.8481772047244092
11
7.7714325196850389
21
-3.8480443700787399
0
LINE
8
BLACK
6
CONTINUOUS
10
7.7714325196850389
20
-3.8480443700787399
11
7.7713908267716532
21
-3.8480026771653542
0
LINE
8
BLACK
6
CONTINUOUS
10
7.7713908267716532
20
-3.8480026771653542
11
7.7708884251968504
21
-3.8477607480314959
0
LINE
8
BLACK
6
CONTINUOUS
10
7.7708884251968504
20
-3.8477607480314959
11
7.7698627559055113
21
-3.8464746062992123
0
LINE
8
BLACK
6
CONTINUOUS
10
7.7698627559055113
20
-3.8464746062992123
11
7.7694556299212598
21
-3.8460674803149604
0
LINE
8
BLACK
6
CONTINUOUS
10
7.7694556299212598
20
-3.8460674803149604
11
7.7693664960629922
21
-3.8458523228346455
0
LINE
8
BLACK
6
CONTINUOUS
10
7.7693664960629922
20
-3.8458523228346455
11
7.768874606299212
21
-3.8452355118110235
0
LINE
8
BLACK
6
CONTINUOUS
10
7.768874606299212
20
-3.8452355118110235
11
7.7685844488188973
21
-3.8439643307086615
0
LINE
8
BLACK
6
CONTINUOUS
10
7.7685844488188973
20
-3.8439643307086615
11
7.768385708661417
21
-3.8434844881889765
0
LINE
8
BLACK
6
CONTINUOUS
10
7.768385708661417
20
-3.8434844881889765
11
7.768385708661417
21
-3.843093464566929
0
LINE
8
BLACK
6
CONTINUOUS
10
7.768385708661417
20
-3.843093464566929
11
7.7681559055118106
21
-3.8420866141732284
0
LINE
8
BLACK
6
CONTINUOUS
10
7.7681559055118106
20
-3.8420866141732284
11
7.768385708661417
21
-3.8410797244094486
0
LINE
8
BLACK
6
CONTINUOUS
10
7.768385708661417
20
-3.8410797244094486
11
7.768385708661417
21
-3.8406887401574803
0
LINE
8
BLACK
6
CONTINUOUS
10
7.768385708661417
20
-3.8406887401574803
11
7.7685844488188973
21
-3.8402088582677165
0
LINE
8
BLACK
6
CONTINUOUS
10
7.7685844488188973
20
-3.8402088582677165
11
7.768874606299212
21
-3.8389377165354328
0
LINE
8
BLACK
6
CONTINUOUS
10
7.768874606299212
20
-3.8389377165354328
11
7.7693664960629922
21
-3.8383208661417321
0
LINE
8
BLACK
6
CONTINUOUS
10
7.7693664960629922
20
-3.8383208661417321
11
7.7694556299212598
21
-3.838105748031496
0
LINE
8
BLACK
6
CONTINUOUS
10
7.7694556299212598
20
-3.838105748031496
11
7.7698627559055113
21
-3.8376985826771652
0
LINE
8
BLACK
6
CONTINUOUS
10
7.7698627559055113
20
-3.8376985826771652
11
7.7708884251968504
21
-3.8364124803149604
0
LINE
8
BLACK
6
CONTINUOUS
10
7.7708884251968504
20
-3.8364124803149604
11
7.7713908267716532
21
-3.8361705118110234
0
LINE
8
BLACK
6
CONTINUOUS
10
7.7713908267716532
20
-3.8361705118110234
11
7.7714325196850389
21
-3.8361288582677164
0
LINE
8
BLACK
6
CONTINUOUS
10
7.7714325196850389
20
-3.8361288582677164
11
7.771753188976378
21
-3.8359959842519684
0
LINE
8
BLACK
6
CONTINUOUS
10
7.771753188976378
20
-3.8359959842519684
11
7.7737984251968504
21
-3.8350111023622047
0
LINE
8
BLACK
6
CONTINUOUS
10
7.7737984251968504
20
-3.8350111023622047
11
7.7754133858267718
21
-3.8349212598425195
0
LINE
8
BLACK
6
CONTINUOUS
10
7.7754133858267718
20
-3.8349212598425195
11
7.8038779527559052
21
-3.8349212598425195
0
LINE
8
BLACK
6
CONTINUOUS
10
7.8038779527559052
20
-3.8349212598425195
11
7.8054929133858266
21
-3.8350111023622047
0
LINE
8
BLACK
6
CONTINUOUS
10
5.1818307086614173
20
-3.833267716535433
11
5.1503346456692913
21
-3.833267716535433
0
LINE
8
BLACK
6
CONTINUOUS
10
5.1503346456692913
20
-3.833267716535433
11
5.1503346456692913
21
-3.7978346456692913
0
LINE
8
BLACK
6
CONTINUOUS
10
5.1503346456692913
20
-3.7978346456692913
11
5.1818307086614173
21
-3.7978346456692913
0
LINE
8
BLACK
6
CONTINUOUS
10
5.1818307086614173
20
-3.7978346456692913
11
5.1818307086614173
21
-3.833267716535433
0
LINE
8
BLACK
6
CONTINUOUS
10
5.2369488188976376
20
-3.833267716535433
11
5.2054527559055117
21
-3.833267716535433
0
LINE
8
BLACK
6
CONTINUOUS
10
5.2054527559055117
20
-3.833267716535433
11
5.2054527559055117
21
-3.7978346456692913
0
LINE
8
BLACK
6
CONTINUOUS
10
5.2054527559055117
20
-3.7978346456692913
11
5.2369488188976376
21
-3.7978346456692913
0
LINE
8
BLACK
6
CONTINUOUS
10
5.2369488188976376
20
-3.7978346456692913
11
5.2369488188976376
21
-3.833267716535433
0
LINE
8
BLACK
6
CONTINUOUS
10
5.3202370078740158
20
-3.8157591338582675
11
5.3222822047244094
21
-3.8167440157480312
0
LINE
8
BLACK
6
CONTINUOUS
10
5.3222822047244094
20
-3.8167440157480312
11
5.3226029133858264
21
-3.8168768897637793
0
LINE
8
BLACK
6
CONTINUOUS
10
5.3226029133858264
20
-3.8168768897637793
11
5.3226445669291333
21
-3.8169185433070867
0
LINE
8
BLACK
6
CONTINUOUS
10
5.3226445669291333
20
-3.8169185433070867
11
5.3231470078740157
21
-3.8171605118110237
0
LINE
8
BLACK
6
CONTINUOUS
10
5.3231470078740157
20
-3.8171605118110237
11
5.3241726377952752
21
-3.8184466141732281
0
LINE
8
BLACK
6
CONTINUOUS
10
5.3241726377952752
20
-3.8184466141732281
11
5.3245798031496063
21
-3.8188537795275588
0
LINE
8
BLACK
6
CONTINUOUS
10
5.3245798031496063
20
-3.8188537795275588
11
5.3246688976377952
21
-3.8190688976377953
0
LINE
8
BLACK
6
CONTINUOUS
10
5.3246688976377952
20
-3.8190688976377953
11
5.3251608267716533
21
-3.8196857480314961
0
LINE
8
BLACK
6
CONTINUOUS
10
5.3251608267716533
20
-3.8196857480314961
11
5.3254509448818901
21
-3.8209568897637793
0
LINE
8
BLACK
6
CONTINUOUS
10
5.3254509448818901
20
-3.8209568897637793
11
5.3256497244094483
21
-3.8214367716535431
0
LINE
8
BLACK
6
CONTINUOUS
10
5.3256497244094483
20
-3.8214367716535431
11
5.3256497244094483
21
-3.8218277559055118
0
LINE
8
BLACK
6
CONTINUOUS
10
5.3256497244094483
20
-3.8218277559055118
11
5.3258795275590547
21
-3.8228346456692912
0
LINE
8
BLACK
6
CONTINUOUS
10
5.3258795275590547
20
-3.8228346456692912
11
5.3256497244094483
21
-3.8238414960629918
0
LINE
8
BLACK
6
CONTINUOUS
10
5.3256497244094483
20
-3.8238414960629918
11
5.3256497244094483
21
-3.8242325196850393
0
LINE
8
BLACK
6
CONTINUOUS
10
5.3256497244094483
20
-3.8242325196850393
11
5.3254509448818901
21
-3.8247123622047243
0
LINE
8
BLACK
6
CONTINUOUS
10
5.3254509448818901
20
-3.8247123622047243
11
5.3251608267716533
21
-3.8259835433070863
0
LINE
8
BLACK
6
CONTINUOUS
10
5.3251608267716533
20
-3.8259835433070863
11
5.3246688976377952
21
-3.8266003543307088
0
LINE
8
BLACK
6
CONTINUOUS
10
5.3246688976377952
20
-3.8266003543307088
11
5.3245798031496063
21
-3.8268155118110236
0
LINE
8
BLACK
6
CONTINUOUS
10
5.3245798031496063
20
-3.8268155118110236
11
5.3241726377952752
21
-3.8272226377952756
0
LINE
8
BLACK
6
CONTINUOUS
10
5.3241726377952752
20
-3.8272226377952756
11
5.3231470078740157
21
-3.8285087795275587
0
LINE
8
BLACK
6
CONTINUOUS
10
5.3231470078740157
20
-3.8285087795275587
11
5.3226445669291333
21
-3.8287507086614174
0
LINE
8
BLACK
6
CONTINUOUS
10
5.3226445669291333
20
-3.8287507086614174
11
5.3226029133858264
21
-3.8287924015748032
0
LINE
8
BLACK
6
CONTINUOUS
10
5.3226029133858264
20
-3.8287924015748032
11
5.3222822047244094
21
-3.8289252362204724
0
LINE
8
BLACK
6
CONTINUOUS
10
5.3222822047244094
20
-3.8289252362204724
11
5.3202370078740158
21
-3.8299101574803149
0
LINE
8
BLACK
6
CONTINUOUS
10
5.3202370078740158
20
-3.8299101574803149
11
5.3186220472440944
21
-3.8300000000000001
0
LINE
8
BLACK
6
CONTINUOUS
10
5.3186220472440944
20
-3.8300000000000001
11
5.2901574803149609
21
-3.8300000000000001
0
LINE
8
BLACK
6
CONTINUOUS
10
5.2901574803149609
20
-3.8300000000000001
11
5.2885425196850395
21
-3.8299101574803149
0
LINE
8
BLACK
6
CONTINUOUS
10
5.2885425196850395
20
-3.8299101574803149
11
5.2864972834645672
21
-3.8289252362204724
0
LINE
8
BLACK
6
CONTINUOUS
10
5.2864972834645672
20
-3.8289252362204724
11
5.286176614173228
21
-3.8287924015748032
0
LINE
8
BLACK
6
CONTINUOUS
10
5.286176614173228
20
-3.8287924015748032
11
5.2861349212598423
21
-3.8287507086614174
0
LINE
8
BLACK
6
CONTINUOUS
10
5.2861349212598423
20
-3.8287507086614174
11
5.2856325196850396
21
-3.8285087795275587
0
LINE
8
BLACK
6
CONTINUOUS
10
5.2856325196850396
20
-3.8285087795275587
11
5.2846068503937005
21
-3.8272226377952756
0
LINE
8
BLACK
6
CONTINUOUS
10
5.2846068503937005
20
-3.8272226377952756
11
5.284199724409449
21
-3.8268155118110236
0
LINE
8
BLACK
6
CONTINUOUS
10
5.284199724409449
20
-3.8268155118110236
11
5.2841105905511814
21
-3.8266003543307088
0
LINE
8
BLACK
6
CONTINUOUS
10
5.2841105905511814
20
-3.8266003543307088
11
5.2836187007874011
21
-3.8259835433070863
0
LINE
8
BLACK
6
CONTINUOUS
10
5.2836187007874011
20
-3.8259835433070863
11
5.2833285433070865
21
-3.8247123622047243
0
LINE
8
BLACK
6
CONTINUOUS
10
5.2833285433070865
20
-3.8247123622047243
11
5.2831298031496061
21
-3.8242325196850393
0
LINE
8
BLACK
6
CONTINUOUS
10
5.2831298031496061
20
-3.8242325196850393
11
5.2831298031496061
21
-3.8238414960629918
0
LINE
8
BLACK
6
CONTINUOUS
10
5.2831298031496061
20
-3.8238414960629918
11
5.2828999999999997
21
-3.8228346456692912
0
LINE
8
BLACK
6
CONTINUOUS
10
5.2828999999999997
20
-3.8228346456692912
11
5.2831298031496061
21
-3.8218277559055118
0
LINE
8
BLACK
6
CONTINUOUS
10
5.2831298031496061
20
-3.8218277559055118
11
5.2831298031496061
21
-3.8214367716535431
0
LINE
8
BLACK
6
CONTINUOUS
10
5.2831298031496061
20
-3.8214367716535431
11
5.2833285433070865
21
-3.8209568897637793
0
LINE
8
BLACK
6
CONTINUOUS
10
5.2833285433070865
20
-3.8209568897637793
11
5.2836187007874011
21
-3.8196857480314961
0
LINE
8
BLACK
6
CONTINUOUS
10
5.2836187007874011
20
-3.8196857480314961
11
5.2841105905511814
21
-3.8190688976377953
0
LINE
8
BLACK
6
CONTINUOUS
10
5.2841105905511814
20
-3.8190688976377953
11
5.284199724409449
21
-3.8188537795275588
0
LINE
8
BLACK
6
CONTINUOUS
10
5.284199724409449
20
-3.8188537795275588
11
5.2846068503937005
21
-3.8184466141732281
0
LINE
8
BLACK
6
CONTINUOUS
10
5.2846068503937005
20
-3.8184466141732281
11
5.2856325196850396
21
-3.8171605118110237
0
LINE
8
BLACK
6
CONTINUOUS
10
5.2856325196850396
20
-3.8171605118110237
11
5.2861349212598423
21
-3.8169185433070867
0
LINE
8
BLACK
6
CONTINUOUS
10
5.2861349212598423
20
-3.8169185433070867
11
5.286176614173228
21
-3.8168768897637793
0
LINE
8
BLACK
6
CONTINUOUS
10
5.286176614173228
20
-3.8168768897637793
11
5.2864972834645672
21
-3.8167440157480312
0
LINE
8
BLACK
6
CONTINUOUS
10
5.2864972834645672
20
-3.8167440157480312
11
5.2885425196850395
21
-3.8157591338582675
0
LINE
8
BLACK
6
CONTINUOUS
10
5.2885425196850395
20
-3.8157591338582675
11
5.2901574803149609
21
-3.8156692913385828
0
LINE
8
BLACK
6
CONTINUOUS
10
5.2901574803149609
20
-3.8156692913385828
11
5.3186220472440944
21
-3.8156692913385828
0
LINE
8
BLACK
6
CONTINUOUS
10
5.3186220472440944
20
-3.8156692913385828
11
5.3202370078740158
21
-3.8157591338582675
0
LINE
8
BLACK
6
CONTINUOUS
10
5.5146070866141734
20
-3.8157591338582675
11
5.516652283464567
21
-3.8167440157480312
0
LINE
8
BLACK
6
CONTINUOUS
10
5.516652283464567
20
-3.8167440157480312
11
5.516972992125984
21
-3.8168768897637793
0
LINE
8
BLACK
6
CONTINUOUS
10
5.516972992125984
20
-3.8168768897637793
11
5.517014645669291
21
-3.8169185433070867
0
LINE
8
BLACK
6
CONTINUOUS
10
5.517014645669291
20
-3.8169185433070867
11
5.5175170866141734
21
-3.8171605118110237
0
LINE
8
BLACK
6
CONTINUOUS
10
5.5175170866141734
20
-3.8171605118110237
11
5.5185427165354328
21
-3.8184466141732281
0
LINE
8
BLACK
6
CONTINUOUS
10
5.5185427165354328
20
-3.8184466141732281
11
5.518949881889764
21
-3.8188537795275588
0
LINE
8
BLACK
6
CONTINUOUS
10
5.518949881889764
20
-3.8188537795275588
11
5.5190389763779528
21
-3.8190688976377953
0
LINE
8
BLACK
6
CONTINUOUS
10
5.5190389763779528
20
-3.8190688976377953
11
5.5195309055118109
21
-3.8196857480314961
0
LINE
8
BLACK
6
CONTINUOUS
10
5.5195309055118109
20
-3.8196857480314961
11
5.5198210236220469
21
-3.8209568897637793
0
LINE
8
BLACK
6
CONTINUOUS
10
5.5198210236220469
20
-3.8209568897637793
11
5.5200198031496059
21
-3.8214367716535431
0
LINE
8
BLACK
6
CONTINUOUS
10
5.5200198031496059
20
-3.8214367716535431
11
5.5200198031496059
21
-3.8218277559055118
0
LINE
8
BLACK
6
CONTINUOUS
10
5.5200198031496059
20
-3.8218277559055118
11
5.5202496062992124
21
-3.8228346456692912
0
LINE
8
BLACK
6
CONTINUOUS
10
5.5202496062992124
20
-3.8228346456692912
11
5.5200198031496059
21
-3.8238414960629918
0
LINE
8
BLACK
6
CONTINUOUS
10
5.5200198031496059
20
-3.8238414960629918
11
5.5200198031496059
21
-3.8242325196850393
0
LINE
8
BLACK
6
CONTINUOUS
10
5.5200198031496059
20
-3.8242325196850393
11
5.5198210236220469
21
-3.8247123622047243
0
LINE
8
BLACK
6
CONTINUOUS
10
5.5198210236220469
20
-3.8247123622047243
11
5.5195309055118109
21
-3.8259835433070863
0
LINE
8
BLACK
6
CONTINUOUS
10
5.5195309055118109
20
-3.8259835433070863
11
5.5190389763779528
21
-3.8266003543307088
0
LINE
8
BLACK
6
CONTINUOUS
10
5.5190389763779528
20
-3.8266003543307088
11
5.518949881889764
21
-3.8268155118110236
0
LINE
8
BLACK
6
CONTINUOUS
10
5.518949881889764
20
-3.8268155118110236
11
5.5185427165354328
21
-3.8272226377952756
0
LINE
8
BLACK
6
CONTINUOUS
10
5.5185427165354328
20
-3.8272226377952756
11
5.5175170866141734
21
-3.8285087795275587
0
LINE
8
BLACK
6
CONTINUOUS
10
5.5175170866141734
20
-3.8285087795275587
11
5.517014645669291
21
-3.8287507086614174
0
LINE
8
BLACK
6
CONTINUOUS
10
5.517014645669291
20
-3.8287507086614174
11
5.516972992125984
21
-3.8287924015748032
0
LINE
8
BLACK
6
CONTINUOUS
10
5.516972992125984
20
-3.8287924015748032
11
5.516652283464567
21
-3.8289252362204724
0
LINE
8
BLACK
6
CONTINUOUS
10
5.516652283464567
20
-3.8289252362204724
11
5.5146070866141734
21
-3.8299101574803149
0
LINE
8
BLACK
6
CONTINUOUS
10
5.5146070866141734
20
-3.8299101574803149
11
5.512992125984252
21
-3.8300000000000001
0
LINE
8
BLACK
6
CONTINUOUS
10
5.512992125984252
20
-3.8300000000000001
11
5.4845275590551177
21
-3.8300000000000001
0
LINE
8
BLACK
6
CONTINUOUS
10
5.4845275590551177
20
-3.8300000000000001
11
5.4829125984251963
21
-3.8299101574803149
0
LINE
8
BLACK
6
CONTINUOUS
10
5.4829125984251963
20
-3.8299101574803149
11
5.4808673622047239
21
-3.8289252362204724
0
LINE
8
BLACK
6
CONTINUOUS
10
5.4808673622047239
20
-3.8289252362204724
11
5.4805466929133857
21
-3.8287924015748032
0
LINE
8
BLACK
6
CONTINUOUS
10
5.4805466929133857
20
-3.8287924015748032
11
5.480505
21
-3.8287507086614174
0
LINE
8
BLACK
6
CONTINUOUS
10
5.480505
20
-3.8287507086614174
11
5.4800025984251963
21
-3.8285087795275587
0
LINE
8
BLACK
6
CONTINUOUS
10
5.4800025984251963
20
-3.8285087795275587
11
5.4789769291338581
21
-3.8272226377952756
0
LINE
8
BLACK
6
CONTINUOUS
10
5.4789769291338581
20
-3.8272226377952756
11
5.4785698031496057
21
-3.8268155118110236
0
LINE
8
BLACK
6
CONTINUOUS
10
5.4785698031496057
20
-3.8268155118110236
11
5.4784806692913381
21
-3.8266003543307088
0
LINE
8
BLACK
6
CONTINUOUS
10
5.4784806692913381
20
-3.8266003543307088
11
5.4779887795275588
21
-3.8259835433070863
0
LINE
8
BLACK
6
CONTINUOUS
10
5.4779887795275588
20
-3.8259835433070863
11
5.4776986220472441
21
-3.8247123622047243
0
LINE
8
BLACK
6
CONTINUOUS
10
5.4776986220472441
20
-3.8247123622047243
11
5.4774998818897638
21
-3.8242325196850393
0
LINE
8
BLACK
6
CONTINUOUS
10
5.4774998818897638
20
-3.8242325196850393
11
5.4774998818897638
21
-3.8238414960629918
0
LINE
8
BLACK
6
CONTINUOUS
10
5.4774998818897638
20
-3.8238414960629918
11
5.4772700787401574
21
-3.8228346456692912
0
LINE
8
BLACK
6
CONTINUOUS
10
5.4772700787401574
20
-3.8228346456692912
11
5.4774998818897638
21
-3.8218277559055118
0
LINE
8
BLACK
6
CONTINUOUS
10
5.4774998818897638
20
-3.8218277559055118
11
5.4774998818897638
21
-3.8214367716535431
0
LINE
8
BLACK
6
CONTINUOUS
10
5.4774998818897638
20
-3.8214367716535431
11
5.4776986220472441
21
-3.8209568897637793
0
LINE
8
BLACK
6
CONTINUOUS
10
5.4776986220472441
20
-3.8209568897637793
11
5.4779887795275588
21
-3.8196857480314961
0
LINE
8
BLACK
6
CONTINUOUS
10
5.4779887795275588
20
-3.8196857480314961
11
5.4784806692913381
21
-3.8190688976377953
0
LINE
8
BLACK
6
CONTINUOUS
10
5.4784806692913381
20
-3.8190688976377953
11
5.4785698031496057
21
-3.8188537795275588
0
LINE
8
BLACK
6
CONTINUOUS
10
5.4785698031496057
20
-3.8188537795275588
11
5.4789769291338581
21
-3.8184466141732281
0
LINE
8
BLACK
6
CONTINUOUS
10
5.4789769291338581
20
-3.8184466141732281
11
5.4800025984251963
21
-3.8171605118110237
0
LINE
8
BLACK
6
CONTINUOUS
10
5.4800025984251963
20
-3.8171605118110237
11
5.480505
21
-3.8169185433070867
0
LINE
8
BLACK
6
CONTINUOUS
10
5.480505
20
-3.8169185433070867
11
5.4805466929133857
21
-3.8168768897637793
0
LINE
8
BLACK
6
CONTINUOUS
10
5.4805466929133857
20
-3.8168768897637793
11
5.4808673622047239
21
-3.8167440157480312
0
LINE
8
BLACK
6
CONTINUOUS
10
5.4808673622047239
20
-3.8167440157480312
11
5.4829125984251963
21
-3.8157591338582675
0
LINE
8
BLACK
6
CONTINUOUS
10
5.4829125984251963
20
-3.8157591338582675
11
5.4845275590551177
21
-3.8156692913385828
0
LINE
8
BLACK
6
CONTINUOUS
10
5.4845275590551177
20
-3.8156692913385828
11
5.512992125984252
21
-3.8156692913385828
0
LINE
8
BLACK
6
CONTINUOUS
10
5.512992125984252
20
-3.8156692913385828
11
5.5146070866141734
21
-3.8157591338582675
0
LINE
8
BLACK
6
CONTINUOUS
10
6.8733866141732278
20
-3.8157591338582675
11
6.8754318110236223
21
-3.8167440157480312
0
LINE
8
BLACK
6
CONTINUOUS
10
6.8754318110236223
20
-3.8167440157480312
11
6.8757525196850393
21
-3.8168768897637793
0
LINE
8
BLACK
6
CONTINUOUS
10
6.8757525196850393
20
-3.8168768897637793
11
6.8757941732283463
21
-3.8169185433070867
0
LINE
8
BLACK
6
CONTINUOUS
10
6.8757941732283463
20
-3.8169185433070867
11
6.8762966141732278
21
-3.8171605118110237
0
LINE
8
BLACK
6
CONTINUOUS
10
6.8762966141732278
20
-3.8171605118110237
11
6.8773222440944881
21
-3.8184466141732281
0
LINE
8
BLACK
6
CONTINUOUS
10
6.8773222440944881
20
-3.8184466141732281
11
6.8777294094488184
21
-3.8188537795275588
0
LINE
8
BLACK
6
CONTINUOUS
10
6.8777294094488184
20
-3.8188537795275588
11
6.8778185039370081
21
-3.8190688976377953
0
LINE
8
BLACK
6
CONTINUOUS
10
6.8778185039370081
20
-3.8190688976377953
11
6.8783104330708662
21
-3.8196857480314961
0
LINE
8
BLACK
6
CONTINUOUS
10
6.8783104330708662
20
-3.8196857480314961
11
6.8786005511811021
21
-3.8209568897637793
0
LINE
8
BLACK
6
CONTINUOUS
10
6.8786005511811021
20
-3.8209568897637793
11
6.8787993307086612
21
-3.8214367716535431
0
LINE
8
BLACK
6
CONTINUOUS
10
6.8787993307086612
20
-3.8214367716535431
11
6.8787993307086612
21
-3.8218277559055118
0
LINE
8
BLACK
6
CONTINUOUS
10
6.8787993307086612
20
-3.8218277559055118
11
6.8790291338582676
21
-3.8228346456692912
0
LINE
8
BLACK
6
CONTINUOUS
10
6.8790291338582676
20
-3.8228346456692912
11
6.8787993307086612
21
-3.8238414960629918
0
LINE
8
BLACK
6
CONTINUOUS
10
6.8787993307086612
20
-3.8238414960629918
11
6.8787993307086612
21
-3.8242325196850393
0
LINE
8
BLACK
6
CONTINUOUS
10
6.8787993307086612
20
-3.8242325196850393
11
6.8786005511811021
21
-3.8247123622047243
0
LINE
8
BLACK
6
CONTINUOUS
10
6.8786005511811021
20
-3.8247123622047243
11
6.8783104330708662
21
-3.8259835433070863
0
LINE
8
BLACK
6
CONTINUOUS
10
6.8783104330708662
20
-3.8259835433070863
11
6.8778185039370081
21
-3.8266003543307088
0
LINE
8
BLACK
6
CONTINUOUS
10
6.8778185039370081
20
-3.8266003543307088
11
6.8777294094488184
21
-3.8268155118110236
0
LINE
8
BLACK
6
CONTINUOUS
10
6.8777294094488184
20
-3.8268155118110236
11
6.8773222440944881
21
-3.8272226377952756
0
LINE
8
BLACK
6
CONTINUOUS
10
6.8773222440944881
20
-3.8272226377952756
11
6.8762966141732278
21
-3.8285087795275587
0
LINE
8
BLACK
6
CONTINUOUS
10
6.8762966141732278
20
-3.8285087795275587
11
6.8757941732283463
21
-3.8287507086614174
0
LINE
8
BLACK
6
CONTINUOUS
10
6.8757941732283463
20
-3.8287507086614174
11
6.8757525196850393
21
-3.8287924015748032
0
LINE
8
BLACK
6
CONTINUOUS
10
6.8757525196850393
20
-3.8287924015748032
11
6.8754318110236223
21
-3.8289252362204724
0
LINE
8
BLACK
6
CONTINUOUS
10
6.8754318110236223
20
-3.8289252362204724
11
6.8733866141732278
21
-3.8299101574803149
0
LINE
8
BLACK
6
CONTINUOUS
10
6.8733866141732278
20
-3.8299101574803149
11
6.8717716535433073
21
-3.8300000000000001
0
LINE
8
BLACK
6
CONTINUOUS
10
6.8717716535433073
20
-3.8300000000000001
11
6.843307086614173
21
-3.8300000000000001
0
LINE
8
BLACK
6
CONTINUOUS
10
6.843307086614173
20
-3.8300000000000001
11
6.8416921259842516
21
-3.8299101574803149
0
LINE
8
BLACK
6
CONTINUOUS
10
6.8416921259842516
20
-3.8299101574803149
11
6.8396468897637792
21
-3.8289252362204724
0
LINE
8
BLACK
6
CONTINUOUS
10
6.8396468897637792
20
-3.8289252362204724
11
6.839326220472441
21
-3.8287924015748032
0
LINE
8
BLACK
6
CONTINUOUS
10
6.839326220472441
20
-3.8287924015748032
11
6.8392845275590552
21
-3.8287507086614174
0
LINE
8
BLACK
6
CONTINUOUS
10
6.8392845275590552
20
-3.8287507086614174
11
6.8387821259842516
21
-3.8285087795275587
0
LINE
8
BLACK
6
CONTINUOUS
10
6.8387821259842516
20
-3.8285087795275587
11
6.8377564566929134
21
-3.8272226377952756
0
LINE
8
BLACK
6
CONTINUOUS
10
6.8377564566929134
20
-3.8272226377952756
11
6.837349330708661
21
-3.8268155118110236
0
LINE
8
BLACK
6
CONTINUOUS
10
6.837349330708661
20
-3.8268155118110236
11
6.8372601968503934
21
-3.8266003543307088
0
LINE
8
BLACK
6
CONTINUOUS
10
6.8372601968503934
20
-3.8266003543307088
11
6.8367683070866141
21
-3.8259835433070863
0
LINE
8
BLACK
6
CONTINUOUS
10
6.8367683070866141
20
-3.8259835433070863
11
6.8364781496062994
21
-3.8247123622047243
0
LINE
8
BLACK
6
CONTINUOUS
10
6.8364781496062994
20
-3.8247123622047243
11
6.8362794094488191
21
-3.8242325196850393
0
LINE
8
BLACK
6
CONTINUOUS
10
6.8362794094488191
20
-3.8242325196850393
11
6.8362794094488191
21
-3.8238414960629918
0
LINE
8
BLACK
6
CONTINUOUS
10
6.8362794094488191
20
-3.8238414960629918
11
6.8360496062992127
21
-3.8228346456692912
0
LINE
8
BLACK
6
CONTINUOUS
10
6.8360496062992127
20
-3.8228346456692912
11
6.8362794094488191
21
-3.8218277559055118
0
LINE
8
BLACK
6
CONTINUOUS
10
6.8362794094488191
20
-3.8218277559055118
11
6.8362794094488191
21
-3.8214367716535431
0
LINE
8
BLACK
6
CONTINUOUS
10
6.8362794094488191
20
-3.8214367716535431
11
6.8364781496062994
21
-3.8209568897637793
0
LINE
8
BLACK
6
CONTINUOUS
10
6.8364781496062994
20
-3.8209568897637793
11
6.8367683070866141
21
-3.8196857480314961
0
LINE
8
BLACK
6
CONTINUOUS
10
6.8367683070866141
20
-3.8196857480314961
11
6.8372601968503934
21
-3.8190688976377953
0
LINE
8
BLACK
6
CONTINUOUS
10
6.8372601968503934
20
-3.8190688976377953
11
6.837349330708661
21
-3.8188537795275588
0
LINE
8
BLACK
6
CONTINUOUS
10
6.837349330708661
20
-3.8188537795275588
11
6.8377564566929134
21
-3.8184466141732281
0
LINE
8
BLACK
6
CONTINUOUS
10
6.8377564566929134
20
-3.8184466141732281
11
6.8387821259842516
21
-3.8171605118110237
0
LINE
8
BLACK
6
CONTINUOUS
10
6.8387821259842516
20
-3.8171605118110237
11
6.8392845275590552
21
-3.8169185433070867
0
LINE
8
BLACK
6
CONTINUOUS
10
6.8392845275590552
20
-3.8169185433070867
11
6.839326220472441
21
-3.8168768897637793
0
LINE
8
BLACK
6
CONTINUOUS
10
6.839326220472441
20
-3.8168768897637793
11
6.8396468897637792
21
-3.8167440157480312
0
LINE
8
BLACK
6
CONTINUOUS
10
6.8396468897637792
20
-3.8167440157480312
11
6.8416921259842516
21
-3.8157591338582675
0
LINE
8
BLACK
6
CONTINUOUS
10
6.8416921259842516
20
-3.8157591338582675
11
6.843307086614173
21
-3.8156692913385828
0
LINE
8
BLACK
6
CONTINUOUS
10
6.843307086614173
20
-3.8156692913385828
11
6.8717716535433073
21
-3.8156692913385828
0
LINE
8
BLACK
6
CONTINUOUS
10
6.8717716535433073
20
-3.8156692913385828
11
6.8733866141732278
21
-3.8157591338582675
0
LINE
8
BLACK
6
CONTINUOUS
10
7.0677566929133855
20
-3.8157591338582675
11
7.0698018897637791
21
-3.8167440157480312
0
LINE
8
BLACK
6
CONTINUOUS
10
7.0698018897637791
20
-3.8167440157480312
11
7.070122598425197
21
-3.8168768897637793
0
LINE
8
BLACK
6
CONTINUOUS
10
7.070122598425197
20
-3.8168768897637793
11
7.070164251968504
21
-3.8169185433070867
0
LINE
8
BLACK
6
CONTINUOUS
10
7.070164251968504
20
-3.8169185433070867
11
7.0706666929133855
21
-3.8171605118110237
0
LINE
8
BLACK
6
CONTINUOUS
10
7.0706666929133855
20
-3.8171605118110237
11
7.0716923228346458
21
-3.8184466141732281
0
LINE
8
BLACK
6
CONTINUOUS
10
7.0716923228346458
20
-3.8184466141732281
11
7.072099488188976
21
-3.8188537795275588
0
LINE
8
BLACK
6
CONTINUOUS
10
7.072099488188976
20
-3.8188537795275588
11
7.0721885826771649
21
-3.8190688976377953
0
LINE
8
BLACK
6
CONTINUOUS
10
7.0721885826771649
20
-3.8190688976377953
11
7.0726805118110239
21
-3.8196857480314961
0
LINE
8
BLACK
6
CONTINUOUS
10
7.0726805118110239
20
-3.8196857480314961
11
7.0729706299212598
21
-3.8209568897637793
0
LINE
8
BLACK
6
CONTINUOUS
10
7.0729706299212598
20
-3.8209568897637793
11
7.0731694094488189
21
-3.8214367716535431
0
LINE
8
BLACK
6
CONTINUOUS
10
7.0731694094488189
20
-3.8214367716535431
11
7.0731694094488189
21
-3.8218277559055118
0
LINE
8
BLACK
6
CONTINUOUS
10
7.0731694094488189
20
-3.8218277559055118
11
7.0733992125984253
21
-3.8228346456692912
0
LINE
8
BLACK
6
CONTINUOUS
10
7.0733992125984253
20
-3.8228346456692912
11
7.0731694094488189
21
-3.8238414960629918
0
LINE
8
BLACK
6
CONTINUOUS
10
7.0731694094488189
20
-3.8238414960629918
11
7.0731694094488189
21
-3.8242325196850393
0
LINE
8
BLACK
6
CONTINUOUS
10
7.0731694094488189
20
-3.8242325196850393
11
7.0729706299212598
21
-3.8247123622047243
0
LINE
8
BLACK
6
CONTINUOUS
10
7.0729706299212598
20
-3.8247123622047243
11
7.0726805118110239
21
-3.8259835433070863
0
LINE
8
BLACK
6
CONTINUOUS
10
7.0726805118110239
20
-3.8259835433070863
11
7.0721885826771649
21
-3.8266003543307088
0
LINE
8
BLACK
6
CONTINUOUS
10
7.0721885826771649
20
-3.8266003543307088
11
7.072099488188976
21
-3.8268155118110236
0
LINE
8
BLACK
6
CONTINUOUS
10
7.072099488188976
20
-3.8268155118110236
11
7.0716923228346458
21
-3.8272226377952756
0
LINE
8
BLACK
6
CONTINUOUS
10
7.0716923228346458
20
-3.8272226377952756
11
7.0706666929133855
21
-3.8285087795275587
0
LINE
8
BLACK
6
CONTINUOUS
10
7.0706666929133855
20
-3.8285087795275587
11
7.070164251968504
21
-3.8287507086614174
0
LINE
8
BLACK
6
CONTINUOUS
10
7.070164251968504
20
-3.8287507086614174
11
7.070122598425197
21
-3.8287924015748032
0
LINE
8
BLACK
6
CONTINUOUS
10
7.070122598425197
20
-3.8287924015748032
11
7.0698018897637791
21
-3.8289252362204724
0
LINE
8
BLACK
6
CONTINUOUS
10
7.0698018897637791
20
-3.8289252362204724
11
7.0677566929133855
21
-3.8299101574803149
0
LINE
8
BLACK
6
CONTINUOUS
10
7.0677566929133855
20
-3.8299101574803149
11
7.0661417322834641
21
-3.8300000000000001
0
LINE
8
BLACK
6
CONTINUOUS
10
7.0661417322834641
20
-3.8300000000000001
11
7.0376771653543306
21
-3.8300000000000001
0
LINE
8
BLACK
6
CONTINUOUS
10
7.0376771653543306
20
-3.8300000000000001
11
7.0360622047244092
21
-3.8299101574803149
0
LINE
8
BLACK
6
CONTINUOUS
10
7.0360622047244092
20
-3.8299101574803149
11
7.0340169685039369
21
-3.8289252362204724
0
LINE
8
BLACK
6
CONTINUOUS
10
7.0340169685039369
20
-3.8289252362204724
11
7.0336962992125986
21
-3.8287924015748032
0
LINE
8
BLACK
6
CONTINUOUS
10
7.0336962992125986
20
-3.8287924015748032
11
7.033654606299212
21
-3.8287507086614174
0
LINE
8
BLACK
6
CONTINUOUS
10
7.033654606299212
20
-3.8287507086614174
11
7.0331522047244093
21
-3.8285087795275587
0
LINE
8
BLACK
6
CONTINUOUS
10
7.0331522047244093
20
-3.8285087795275587
11
7.0321265354330711
21
-3.8272226377952756
0
LINE
8
BLACK
6
CONTINUOUS
10
7.0321265354330711
20
-3.8272226377952756
11
7.0317194094488187
21
-3.8268155118110236
0
LINE
8
BLACK
6
CONTINUOUS
10
7.0317194094488187
20
-3.8268155118110236
11
7.0316302755905511
21
-3.8266003543307088
0
LINE
8
BLACK
6
CONTINUOUS
10
7.0316302755905511
20
-3.8266003543307088
11
7.0311383858267718
21
-3.8259835433070863
0
LINE
8
BLACK
6
CONTINUOUS
10
7.0311383858267718
20
-3.8259835433070863
11
7.0308482283464562
21
-3.8247123622047243
0
LINE
8
BLACK
6
CONTINUOUS
10
7.0308482283464562
20
-3.8247123622047243
11
7.0306494881889758
21
-3.8242325196850393
0
LINE
8
BLACK
6
CONTINUOUS
10
7.0306494881889758
20
-3.8242325196850393
11
7.0306494881889758
21
-3.8238414960629918
0
LINE
8
BLACK
6
CONTINUOUS
10
7.0306494881889758
20
-3.8238414960629918
11
7.0304196850393703
21
-3.8228346456692912
0
LINE
8
BLACK
6
CONTINUOUS
10
7.0304196850393703
20
-3.8228346456692912
11
7.0306494881889758
21
-3.8218277559055118
0
LINE
8
BLACK
6
CONTINUOUS
10
7.0306494881889758
20
-3.8218277559055118
11
7.0306494881889758
21
-3.8214367716535431
0
LINE
8
BLACK
6
CONTINUOUS
10
7.0306494881889758
20
-3.8214367716535431
11
7.0308482283464562
21
-3.8209568897637793
0
LINE
8
BLACK
6
CONTINUOUS
10
7.0308482283464562
20
-3.8209568897637793
11
7.0311383858267718
21
-3.8196857480314961
0
LINE
8
BLACK
6
CONTINUOUS
10
7.0311383858267718
20
-3.8196857480314961
11
7.0316302755905511
21
-3.8190688976377953
0
LINE
8
BLACK
6
CONTINUOUS
10
7.0316302755905511
20
-3.8190688976377953
11
7.0317194094488187
21
-3.8188537795275588
0
LINE
8
BLACK
6
CONTINUOUS
10
7.0317194094488187
20
-3.8188537795275588
11
7.0321265354330711
21
-3.8184466141732281
0
LINE
8
BLACK
6
CONTINUOUS
10
7.0321265354330711
20
-3.8184466141732281
11
7.0331522047244093
21
-3.8171605118110237
0
LINE
8
BLACK
6
CONTINUOUS
10
7.0331522047244093
20
-3.8171605118110237
11
7.033654606299212
21
-3.8169185433070867
0
LINE
8
BLACK
6
CONTINUOUS
10
7.033654606299212
20
-3.8169185433070867
11
7.0336962992125986
21
-3.8168768897637793
0
LINE
8
BLACK
6
CONTINUOUS
10
7.0336962992125986
20
-3.8168768897637793
11
7.0340169685039369
21
-3.8167440157480312
0
LINE
8
BLACK
6
CONTINUOUS
10
7.0340169685039369
20
-3.8167440157480312
11
7.0360622047244092
21
-3.8157591338582675
0
LINE
8
BLACK
6
CONTINUOUS
10
7.0360622047244092
20
-3.8157591338582675
11
7.0376771653543306
21
-3.8156692913385828
0
LINE
8
BLACK
6
CONTINUOUS
10
7.0376771653543306
20
-3.8156692913385828
11
7.0661417322834641
21
-3.8156692913385828
0
LINE
8
BLACK
6
CONTINUOUS
10
7.0661417322834641
20
-3.8156692913385828
11
7.0677566929133855
21
-3.8157591338582675
0
LINE
8
BLACK
6
CONTINUOUS
10
6.0756897637795273
20
-3.8133575590551181
11
6.0777349606299209
21
-3.8143424409448818
0
LINE
8
BLACK
6
CONTINUOUS
10
6.0777349606299209
20
-3.8143424409448818
11
6.0780556692913388
21
-3.8144753149606299
0
LINE
8
BLACK
6
CONTINUOUS
10
6.0780556692913388
20
-3.8144753149606299
11
6.0780973228346458
21
-3.8145169685039368
0
LINE
8
BLACK
6
CONTINUOUS
10
6.0780973228346458
20
-3.8145169685039368
11
6.0785997637795273
21
-3.8147589370078738
0
LINE
8
BLACK
6
CONTINUOUS
10
6.0785997637795273
20
-3.8147589370078738
11
6.0796253937007876
21
-3.8160450393700787
0
LINE
8
BLACK
6
CONTINUOUS
10
6.0796253937007876
20
-3.8160450393700787
11
6.0800325590551179
21
-3.8164522047244094
0
LINE
8
BLACK
6
CONTINUOUS
10
6.0800325590551179
20
-3.8164522047244094
11
6.0801216535433067
21
-3.8166673228346455
0
LINE
8
BLACK
6
CONTINUOUS
10
6.0801216535433067
20
-3.8166673228346455
11
6.0806135826771648
21
-3.8172841732283462
0
LINE
8
BLACK
6
CONTINUOUS
10
6.0806135826771648
20
-3.8172841732283462
11
6.0809037007874016
21
-3.8185553149606299
0
LINE
8
BLACK
6
CONTINUOUS
10
6.0809037007874016
20
-3.8185553149606299
11
6.0811024803149607
21
-3.8190351968503937
0
LINE
8
BLACK
6
CONTINUOUS
10
6.0811024803149607
20
-3.8190351968503937
11
6.0811024803149607
21
-3.819426181102362
0
LINE
8
BLACK
6
CONTINUOUS
10
6.0811024803149607
20
-3.819426181102362
11
6.0813322834645671
21
-3.8204330708661418
0
LINE
8
BLACK
6
CONTINUOUS
10
6.0813322834645671
20
-3.8204330708661418
11
6.0811024803149607
21
-3.8214399212598424
0
LINE
8
BLACK
6
CONTINUOUS
10
6.0811024803149607
20
-3.8214399212598424
11
6.0811024803149607
21
-3.8218309448818895
0
LINE
8
BLACK
6
CONTINUOUS
10
6.0811024803149607
20
-3.8218309448818895
11
6.0809037007874016
21
-3.8223107874015749
0
LINE
8
BLACK
6
CONTINUOUS
10
6.0809037007874016
20
-3.8223107874015749
11
6.0806135826771648
21
-3.8235819685039369
0
LINE
8
BLACK
6
CONTINUOUS
10
6.0806135826771648
20
-3.8235819685039369
11
6.0801216535433067
21
-3.8241987795275589
0
LINE
8
BLACK
6
CONTINUOUS
10
6.0801216535433067
20
-3.8241987795275589
11
6.0800325590551179
21
-3.8244139370078738
0
LINE
8
BLACK
6
CONTINUOUS
10
6.0800325590551179
20
-3.8244139370078738
11
6.0796253937007876
21
-3.8248210629921258
0
LINE
8
BLACK
6
CONTINUOUS
10
6.0796253937007876
20
-3.8248210629921258
11
6.0785997637795273
21
-3.8261072047244093
0
LINE
8
BLACK
6
CONTINUOUS
10
6.0785997637795273
20
-3.8261072047244093
11
6.0780973228346458
21
-3.8263491338582676
0
LINE
8
BLACK
6
CONTINUOUS
10
6.0780973228346458
20
-3.8263491338582676
11
6.0780556692913388
21
-3.8263908267716533
0
LINE
8
BLACK
6
CONTINUOUS
10
6.0780556692913388
20
-3.8263908267716533
11
6.0777349606299209
21
-3.8265236614173226
0
LINE
8
BLACK
6
CONTINUOUS
10
6.0777349606299209
20
-3.8265236614173226
11
6.0756897637795273
21
-3.8275085826771651
0
LINE
8
BLACK
6
CONTINUOUS
10
6.0756897637795273
20
-3.8275085826771651
11
6.0740748031496059
21
-3.8275984251968502
0
LINE
8
BLACK
6
CONTINUOUS
10
6.0740748031496059
20
-3.8275984251968502
11
6.0456102362204724
21
-3.8275984251968502
0
LINE
8
BLACK
6
CONTINUOUS
10
6.0456102362204724
20
-3.8275984251968502
11
6.0439952755905511
21
-3.8275085826771651
0
LINE
8
BLACK
6
CONTINUOUS
10
6.0439952755905511
20
-3.8275085826771651
11
6.0419500393700787
21
-3.8265236614173226
0
LINE
8
BLACK
6
CONTINUOUS
10
6.0419500393700787
20
-3.8265236614173226
11
6.0416293700787405
21
-3.8263908267716533
0
LINE
8
BLACK
6
CONTINUOUS
10
6.0416293700787405
20
-3.8263908267716533
11
6.0415876771653538
21
-3.8263491338582676
0
LINE
8
BLACK
6
CONTINUOUS
10
6.0415876771653538
20
-3.8263491338582676
11
6.0410852755905511
21
-3.8261072047244093
0
LINE
8
BLACK
6
CONTINUOUS
10
6.0410852755905511
20
-3.8261072047244093
11
6.0400596062992129
21
-3.8248210629921258
0
LINE
8
BLACK
6
CONTINUOUS
10
6.0400596062992129
20
-3.8248210629921258
11
6.0396524803149605
21
-3.8244139370078738
0
LINE
8
BLACK
6
CONTINUOUS
10
6.0396524803149605
20
-3.8244139370078738
11
6.0395633464566929
21
-3.8241987795275589
0
LINE
8
BLACK
6
CONTINUOUS
10
6.0395633464566929
20
-3.8241987795275589
11
6.0390714566929136
21
-3.8235819685039369
0
LINE
8
BLACK
6
CONTINUOUS
10
6.0390714566929136
20
-3.8235819685039369
11
6.038781299212598
21
-3.8223107874015749
0
LINE
8
BLACK
6
CONTINUOUS
10
6.038781299212598
20
-3.8223107874015749
11
6.0385825590551176
21
-3.8218309448818895
0
LINE
8
BLACK
6
CONTINUOUS
10
6.0385825590551176
20
-3.8218309448818895
11
6.0385825590551176
21
-3.8214399212598424
0
LINE
8
BLACK
6
CONTINUOUS
10
6.0385825590551176
20
-3.8214399212598424
11
6.0383527559055112
21
-3.8204330708661418
0
LINE
8
BLACK
6
CONTINUOUS
10
6.0383527559055112
20
-3.8204330708661418
11
6.0385825590551176
21
-3.819426181102362
0
LINE
8
BLACK
6
CONTINUOUS
10
6.0385825590551176
20
-3.819426181102362
11
6.0385825590551176
21
-3.8190351968503937
0
LINE
8
BLACK
6
CONTINUOUS
10
6.0385825590551176
20
-3.8190351968503937
11
6.038781299212598
21
-3.8185553149606299
0
LINE
8
BLACK
6
CONTINUOUS
10
6.038781299212598
20
-3.8185553149606299
11
6.0390714566929136
21
-3.8172841732283462
0
LINE
8
BLACK
6
CONTINUOUS
10
6.0390714566929136
20
-3.8172841732283462
11
6.0395633464566929
21
-3.8166673228346455
0
LINE
8
BLACK
6
CONTINUOUS
10
6.0395633464566929
20
-3.8166673228346455
11
6.0396524803149605
21
-3.8164522047244094
0
LINE
8
BLACK
6
CONTINUOUS
10
6.0396524803149605
20
-3.8164522047244094
11
6.0400596062992129
21
-3.8160450393700787
0
LINE
8
BLACK
6
CONTINUOUS
10
6.0400596062992129
20
-3.8160450393700787
11
6.0410852755905511
21
-3.8147589370078738
0
LINE
8
BLACK
6
CONTINUOUS
10
6.0410852755905511
20
-3.8147589370078738
11
6.0415876771653538
21
-3.8145169685039368
0
LINE
8
BLACK
6
CONTINUOUS
10
6.0415876771653538
20
-3.8145169685039368
11
6.0416293700787405
21
-3.8144753149606299
0
LINE
8
BLACK
6
CONTINUOUS
10
6.0416293700787405
20
-3.8144753149606299
11
6.0419500393700787
21
-3.8143424409448818
0
LINE
8
BLACK
6
CONTINUOUS
10
6.0419500393700787
20
-3.8143424409448818
11
6.0439952755905511
21
-3.8133575590551181
0
LINE
8
BLACK
6
CONTINUOUS
10
6.0439952755905511
20
-3.8133575590551181
11
6.0456102362204724
21
-3.8132677165354329
0
LINE
8
BLACK
6
CONTINUOUS
10
6.0456102362204724
20
-3.8132677165354329
11
6.0740748031496059
21
-3.8132677165354329
0
LINE
8
BLACK
6
CONTINUOUS
10
6.0740748031496059
20
-3.8132677165354329
11
6.0756897637795273
21
-3.8133575590551181
0
LINE
8
BLACK
6
CONTINUOUS
10
6.270059842519685
20
-3.8133575590551181
11
6.2721050393700786
21
-3.8143424409448818
0
LINE
8
BLACK
6
CONTINUOUS
10
6.2721050393700786
20
-3.8143424409448818
11
6.2724257480314956
21
-3.8144753149606299
0
LINE
8
BLACK
6
CONTINUOUS
10
6.2724257480314956
20
-3.8144753149606299
11
6.2724674015748034
21
-3.8145169685039368
0
LINE
8
BLACK
6
CONTINUOUS
10
6.2724674015748034
20
-3.8145169685039368
11
6.2729698425196849
21
-3.8147589370078738
0
LINE
8
BLACK
6
CONTINUOUS
10
6.2729698425196849
20
-3.8147589370078738
11
6.2739954724409444
21
-3.8160450393700787
0
LINE
8
BLACK
6
CONTINUOUS
10
6.2739954724409444
20
-3.8160450393700787
11
6.2744026377952755
21
-3.8164522047244094
0
LINE
8
BLACK
6
CONTINUOUS
10
6.2744026377952755
20
-3.8164522047244094
11
6.2744917322834644
21
-3.8166673228346455
0
LINE
8
BLACK
6
CONTINUOUS
10
6.2744917322834644
20
-3.8166673228346455
11
6.2749836614173224
21
-3.8172841732283462
0
LINE
8
BLACK
6
CONTINUOUS
10
6.2749836614173224
20
-3.8172841732283462
11
6.2752737795275593
21
-3.8185553149606299
0
LINE
8
BLACK
6
CONTINUOUS
10
6.2752737795275593
20
-3.8185553149606299
11
6.2754725590551184
21
-3.8190351968503937
0
LINE
8
BLACK
6
CONTINUOUS
10
6.2754725590551184
20
-3.8190351968503937
11
6.2754725590551184
21
-3.819426181102362
0
LINE
8
BLACK
6
CONTINUOUS
10
6.2754725590551184
20
-3.819426181102362
11
6.2757023622047239
21
-3.8204330708661418
0
LINE
8
BLACK
6
CONTINUOUS
10
6.2757023622047239
20
-3.8204330708661418
11
6.2754725590551184
21
-3.8214399212598424
0
LINE
8
BLACK
6
CONTINUOUS
10
6.2754725590551184
20
-3.8214399212598424
11
6.2754725590551184
21
-3.8218309448818895
0
LINE
8
BLACK
6
CONTINUOUS
10
6.2754725590551184
20
-3.8218309448818895
11
6.2752737795275593
21
-3.8223107874015749
0
LINE
8
BLACK
6
CONTINUOUS
10
6.2752737795275593
20
-3.8223107874015749
11
6.2749836614173224
21
-3.8235819685039369
0
LINE
8
BLACK
6
CONTINUOUS
10
6.2749836614173224
20
-3.8235819685039369
11
6.2744917322834644
21
-3.8241987795275589
0
LINE
8
BLACK
6
CONTINUOUS
10
6.2744917322834644
20
-3.8241987795275589
11
6.2744026377952755
21
-3.8244139370078738
0
LINE
8
BLACK
6
CONTINUOUS
10
6.2744026377952755
20
-3.8244139370078738
11
6.2739954724409444
21
-3.8248210629921258
0
LINE
8
BLACK
6
CONTINUOUS
10
6.2739954724409444
20
-3.8248210629921258
11
6.2729698425196849
21
-3.8261072047244093
0
LINE
8
BLACK
6
CONTINUOUS
10
6.2729698425196849
20
-3.8261072047244093
11
6.2724674015748034
21
-3.8263491338582676
0
LINE
8
BLACK
6
CONTINUOUS
10
6.2724674015748034
20
-3.8263491338582676
11
6.2724257480314956
21
-3.8263908267716533
0
LINE
8
BLACK
6
CONTINUOUS
10
6.2724257480314956
20
-3.8263908267716533
11
6.2721050393700786
21
-3.8265236614173226
0
LINE
8
BLACK
6
CONTINUOUS
10
6.2721050393700786
20
-3.8265236614173226
11
6.270059842519685
21
-3.8275085826771651
0
LINE
8
BLACK
6
CONTINUOUS
10
6.270059842519685
20
-3.8275085826771651
11
6.2684448818897636
21
-3.8275984251968502
0
LINE
8
BLACK
6
CONTINUOUS
10
6.2684448818897636
20
-3.8275984251968502
11
6.2399803149606301
21
-3.8275984251968502
0
LINE
8
BLACK
6
CONTINUOUS
10
6.2399803149606301
20
-3.8275984251968502
11
6.2383653543307087
21
-3.8275085826771651
0
LINE
8
BLACK
6
CONTINUOUS
10
6.2383653543307087
20
-3.8275085826771651
11
6.2363201181102363
21
-3.8265236614173226
0
LINE
8
BLACK
6
CONTINUOUS
10
6.2363201181102363
20
-3.8265236614173226
11
6.2359994488188972
21
-3.8263908267716533
0
LINE
8
BLACK
6
CONTINUOUS
10
6.2359994488188972
20
-3.8263908267716533
11
6.2359577559055115
21
-3.8263491338582676
0
LINE
8
BLACK
6
CONTINUOUS
10
6.2359577559055115
20
-3.8263491338582676
11
6.2354553543307087
21
-3.8261072047244093
0
LINE
8
BLACK
6
CONTINUOUS
10
6.2354553543307087
20
-3.8261072047244093
11
6.2344296850393697
21
-3.8248210629921258
0
LINE
8
BLACK
6
CONTINUOUS
10
6.2344296850393697
20
-3.8248210629921258
11
6.2340225590551182
21
-3.8244139370078738
0
LINE
8
BLACK
6
CONTINUOUS
10
6.2340225590551182
20
-3.8244139370078738
11
6.2339334251968506
21
-3.8241987795275589
0
LINE
8
BLACK
6
CONTINUOUS
10
6.2339334251968506
20
-3.8241987795275589
11
6.2334415354330703
21
-3.8235819685039369
0
LINE
8
BLACK
6
CONTINUOUS
10
6.2334415354330703
20
-3.8235819685039369
11
6.2331513779527556
21
-3.8223107874015749
0
LINE
8
BLACK
6
CONTINUOUS
10
6.2331513779527556
20
-3.8223107874015749
11
6.2329526377952753
21
-3.8218309448818895
0
LINE
8
BLACK
6
CONTINUOUS
10
6.2329526377952753
20
-3.8218309448818895
11
6.2329526377952753
21
-3.8214399212598424
0
LINE
8
BLACK
6
CONTINUOUS
10
6.2329526377952753
20
-3.8214399212598424
11
6.2327228346456689
21
-3.8204330708661418
0
LINE
8
BLACK
6
CONTINUOUS
10
6.2327228346456689
20
-3.8204330708661418
11
6.2329526377952753
21
-3.819426181102362
0
LINE
8
BLACK
6
CONTINUOUS
10
6.2329526377952753
20
-3.819426181102362
11
6.2329526377952753
21
-3.8190351968503937
0
LINE
8
BLACK
6
CONTINUOUS
10
6.2329526377952753
20
-3.8190351968503937
11
6.2331513779527556
21
-3.8185553149606299
0
LINE
8
BLACK
6
CONTINUOUS
10
6.2331513779527556
20
-3.8185553149606299
11
6.2334415354330703
21
-3.8172841732283462
0
LINE
8
BLACK
6
CONTINUOUS
10
6.2334415354330703
20
-3.8172841732283462
11
6.2339334251968506
21
-3.8166673228346455
0
LINE
8
BLACK
6
CONTINUOUS
10
6.2339334251968506
20
-3.8166673228346455
11
6.2340225590551182
21
-3.8164522047244094
0
LINE
8
BLACK
6
CONTINUOUS
10
6.2340225590551182
20
-3.8164522047244094
11
6.2344296850393697
21
-3.8160450393700787
0
LINE
8
BLACK
6
CONTINUOUS
10
6.2344296850393697
20
-3.8160450393700787
11
6.2354553543307087
21
-3.8147589370078738
0
LINE
8
BLACK
6
CONTINUOUS
10
6.2354553543307087
20
-3.8147589370078738
11
6.2359577559055115
21
-3.8145169685039368
0
LINE
8
BLACK
6
CONTINUOUS
10
6.2359577559055115
20
-3.8145169685039368
11
6.2359994488188972
21
-3.8144753149606299
0
LINE
8
BLACK
6
CONTINUOUS
10
6.2359994488188972
20
-3.8144753149606299
11
6.2363201181102363
21
-3.8143424409448818
0
LINE
8
BLACK
6
CONTINUOUS
10
6.2363201181102363
20
-3.8143424409448818
11
6.2383653543307087
21
-3.8133575590551181
0
LINE
8
BLACK
6
CONTINUOUS
10
6.2383653543307087
20
-3.8133575590551181
11
6.2399803149606301
21
-3.8132677165354329
0
LINE
8
BLACK
6
CONTINUOUS
10
6.2399803149606301
20
-3.8132677165354329
11
6.2684448818897636
21
-3.8132677165354329
0
LINE
8
BLACK
6
CONTINUOUS
10
6.2684448818897636
20
-3.8132677165354329
11
6.270059842519685
21
-3.8133575590551181
0
LINE
8
BLACK
6
CONTINUOUS
10
5.9385236220472439
20
-3.8253543307086613
11
5.907027559055118
21
-3.8253543307086613
0
LINE
8
BLACK
6
CONTINUOUS
10
5.907027559055118
20
-3.8253543307086613
11
5.907027559055118
21
-3.7899212598425196
0
LINE
8
BLACK
6
CONTINUOUS
10
5.907027559055118
20
-3.7899212598425196
11
5.9385236220472439
21
-3.7899212598425196
0
LINE
8
BLACK
6
CONTINUOUS
10
5.9385236220472439
20
-3.7899212598425196
11
5.9385236220472439
21
-3.8253543307086613
0
LINE
8
BLACK
6
CONTINUOUS
10
5.9936417322834643
20
-3.8253543307086613
11
5.9621456692913384
21
-3.8253543307086613
0
LINE
8
BLACK
6
CONTINUOUS
10
5.9621456692913384
20
-3.8253543307086613
11
5.9621456692913384
21
-3.7899212598425196
0
LINE
8
BLACK
6
CONTINUOUS
10
5.9621456692913384
20
-3.7899212598425196
11
5.9936417322834643
21
-3.7899212598425196
0
LINE
8
BLACK
6
CONTINUOUS
10
5.9936417322834643
20
-3.7899212598425196
11
5.9936417322834643
21
-3.8253543307086613
0
LINE
8
BLACK
6
CONTINUOUS
10
7.611122834645669
20
-3.8094205511811023
11
7.6131680314960626
21
-3.8104054330708661
0
LINE
8
BLACK
6
CONTINUOUS
10
7.6131680314960626
20
-3.8104054330708661
11
7.6134887401574804
21
-3.8105383070866141
0
LINE
8
BLACK
6
CONTINUOUS
10
7.6134887401574804
20
-3.8105383070866141
11
7.6135303937007874
21
-3.8105799606299211
0
LINE
8
BLACK
6
CONTINUOUS
10
7.6135303937007874
20
-3.8105799606299211
11
7.6140328346456689
21
-3.8108219291338581
0
LINE
8
BLACK
6
CONTINUOUS
10
7.6140328346456689
20
-3.8108219291338581
11
7.6150584645669293
21
-3.8121080314960629
0
LINE
8
BLACK
6
CONTINUOUS
10
7.6150584645669293
20
-3.8121080314960629
11
7.6154656299212595
21
-3.8125151968503936
0
LINE
8
BLACK
6
CONTINUOUS
10
7.6154656299212595
20
-3.8125151968503936
11
7.6155547244094484
21
-3.8127303149606298
0
LINE
8
BLACK
6
CONTINUOUS
10
7.6155547244094484
20
-3.8127303149606298
11
7.6160466535433073
21
-3.8133471653543305
0
LINE
8
BLACK
6
CONTINUOUS
10
7.6160466535433073
20
-3.8133471653543305
11
7.6163367716535433
21
-3.8146183070866142
0
LINE
8
BLACK
6
CONTINUOUS
10
7.6163367716535433
20
-3.8146183070866142
11
7.6165355511811024
21
-3.815098188976378
0
LINE
8
BLACK
6
CONTINUOUS
10
7.6165355511811024
20
-3.815098188976378
11
7.6165355511811024
21
-3.8154891732283462
0
LINE
8
BLACK
6
CONTINUOUS
10
7.6165355511811024
20
-3.8154891732283462
11
7.6167653543307088
21
-3.8164960629921261
0
LINE
8
BLACK
6
CONTINUOUS
10
7.6167653543307088
20
-3.8164960629921261
11
7.6165355511811024
21
-3.8175029133858267
0
LINE
8
BLACK
6
CONTINUOUS
10
7.6165355511811024
20
-3.8175029133858267
11
7.6165355511811024
21
-3.8178939370078737
0
LINE
8
BLACK
6
CONTINUOUS
10
7.6165355511811024
20
-3.8178939370078737
11
7.6163367716535433
21
-3.8183737795275592
0
LINE
8
BLACK
6
CONTINUOUS
10
7.6163367716535433
20
-3.8183737795275592
11
7.6160466535433073
21
-3.8196449606299212
0
LINE
8
BLACK
6
CONTINUOUS
10
7.6160466535433073
20
-3.8196449606299212
11
7.6155547244094484
21
-3.8202617716535432
0
LINE
8
BLACK
6
CONTINUOUS
10
7.6155547244094484
20
-3.8202617716535432
11
7.6154656299212595
21
-3.8204769291338581
0
LINE
8
BLACK
6
CONTINUOUS
10
7.6154656299212595
20
-3.8204769291338581
11
7.6150584645669293
21
-3.82088405511811
0
LINE
8
BLACK
6
CONTINUOUS
10
7.6150584645669293
20
-3.82088405511811
11
7.6140328346456689
21
-3.8221701968503936
0
LINE
8
BLACK
6
CONTINUOUS
10
7.6140328346456689
20
-3.8221701968503936
11
7.6135303937007874
21
-3.8224121259842518
0
LINE
8
BLACK
6
CONTINUOUS
10
7.6135303937007874
20
-3.8224121259842518
11
7.6134887401574804
21
-3.8224538188976376
0
LINE
8
BLACK
6
CONTINUOUS
10
7.6134887401574804
20
-3.8224538188976376
11
7.6131680314960626
21
-3.8225866535433068
0
LINE
8
BLACK
6
CONTINUOUS
10
7.6131680314960626
20
-3.8225866535433068
11
7.611122834645669
21
-3.8235715748031494
0
LINE
8
BLACK
6
CONTINUOUS
10
7.611122834645669
20
-3.8235715748031494
11
7.6095078740157476
21
-3.8236614173228345
0
LINE
8
BLACK
6
CONTINUOUS
10
7.6095078740157476
20
-3.8236614173228345
11
7.5810433070866141
21
-3.8236614173228345
0
LINE
8
BLACK
6
CONTINUOUS
10
7.5810433070866141
20
-3.8236614173228345
11
7.5794283464566927
21
-3.8235715748031494
0
LINE
8
BLACK
6
CONTINUOUS
10
7.5794283464566927
20
-3.8235715748031494
11
7.5773831102362204
21
-3.8225866535433068
0
LINE
8
BLACK
6
CONTINUOUS
10
7.5773831102362204
20
-3.8225866535433068
11
7.5770624409448821
21
-3.8224538188976376
0
LINE
8
BLACK
6
CONTINUOUS
10
7.5770624409448821
20
-3.8224538188976376
11
7.5770207480314955
21
-3.8224121259842518
0
LINE
8
BLACK
6
CONTINUOUS
10
7.5770207480314955
20
-3.8224121259842518
11
7.5765183464566928
21
-3.8221701968503936
0
LINE
8
BLACK
6
CONTINUOUS
10
7.5765183464566928
20
-3.8221701968503936
11
7.5754926771653546
21
-3.82088405511811
0
LINE
8
BLACK
6
CONTINUOUS
10
7.5754926771653546
20
-3.82088405511811
11
7.5750855511811022
21
-3.8204769291338581
0
LINE
8
BLACK
6
CONTINUOUS
10
7.5750855511811022
20
-3.8204769291338581
11
7.5749964173228346
21
-3.8202617716535432
0
LINE
8
BLACK
6
CONTINUOUS
10
7.5749964173228346
20
-3.8202617716535432
11
7.5745045275590552
21
-3.8196449606299212
0
LINE
8
BLACK
6
CONTINUOUS
10
7.5745045275590552
20
-3.8196449606299212
11
7.5742143700787397
21
-3.8183737795275592
0
LINE
8
BLACK
6
CONTINUOUS
10
7.5742143700787397
20
-3.8183737795275592
11
7.5740156299212593
21
-3.8178939370078737
0
LINE
8
BLACK
6
CONTINUOUS
10
7.5740156299212593
20
-3.8178939370078737
11
7.5740156299212593
21
-3.8175029133858267
0
LINE
8
BLACK
6
CONTINUOUS
10
7.5740156299212593
20
-3.8175029133858267
11
7.5737858267716538
21
-3.8164960629921261
0
LINE
8
BLACK
6
CONTINUOUS
10
7.5737858267716538
20
-3.8164960629921261
11
7.5740156299212593
21
-3.8154891732283462
0
LINE
8
BLACK
6
CONTINUOUS
10
7.5740156299212593
20
-3.8154891732283462
11
7.5740156299212593
21
-3.815098188976378
0
LINE
8
BLACK
6
CONTINUOUS
10
7.5740156299212593
20
-3.815098188976378
11
7.5742143700787397
21
-3.8146183070866142
0
LINE
8
BLACK
6
CONTINUOUS
10
7.5742143700787397
20
-3.8146183070866142
11
7.5745045275590552
21
-3.8133471653543305
0
LINE
8
BLACK
6
CONTINUOUS
10
7.5745045275590552
20
-3.8133471653543305
11
7.5749964173228346
21
-3.8127303149606298
0
LINE
8
BLACK
6
CONTINUOUS
10
7.5749964173228346
20
-3.8127303149606298
11
7.5750855511811022
21
-3.8125151968503936
0
LINE
8
BLACK
6
CONTINUOUS
10
7.5750855511811022
20
-3.8125151968503936
11
7.5754926771653546
21
-3.8121080314960629
0
LINE
8
BLACK
6
CONTINUOUS
10
7.5754926771653546
20
-3.8121080314960629
11
7.5765183464566928
21
-3.8108219291338581
0
LINE
8
BLACK
6
CONTINUOUS
10
7.5765183464566928
20
-3.8108219291338581
11
7.5770207480314955
21
-3.8105799606299211
0
LINE
8
BLACK
6
CONTINUOUS
10
7.5770207480314955
20
-3.8105799606299211
11
7.5770624409448821
21
-3.8105383070866141
0
LINE
8
BLACK
6
CONTINUOUS
10
7.5770624409448821
20
-3.8105383070866141
11
7.5773831102362204
21
-3.8104054330708661
0
LINE
8
BLACK
6
CONTINUOUS
10
7.5773831102362204
20
-3.8104054330708661
11
7.5794283464566927
21
-3.8094205511811023
0
LINE
8
BLACK
6
CONTINUOUS
10
7.5794283464566927
20
-3.8094205511811023
11
7.5810433070866141
21
-3.8093307086614172
0
LINE
8
BLACK
6
CONTINUOUS
10
7.5810433070866141
20
-3.8093307086614172
11
7.6095078740157476
21
-3.8093307086614172
0
LINE
8
BLACK
6
CONTINUOUS
10
7.6095078740157476
20
-3.8093307086614172
11
7.611122834645669
21
-3.8094205511811023
0
LINE
8
BLACK
6
CONTINUOUS
10
7.8054929133858266
20
-3.8094205511811023
11
7.8075381102362202
21
-3.8104054330708661
0
LINE
8
BLACK
6
CONTINUOUS
10
7.8075381102362202
20
-3.8104054330708661
11
7.8078588188976372
21
-3.8105383070866141
0
LINE
8
BLACK
6
CONTINUOUS
10
7.8078588188976372
20
-3.8105383070866141
11
7.8079004724409451
21
-3.8105799606299211
0
LINE
8
BLACK
6
CONTINUOUS
10
7.8079004724409451
20
-3.8105799606299211
11
7.8084029133858266
21
-3.8108219291338581
0
LINE
8
BLACK
6
CONTINUOUS
10
7.8084029133858266
20
-3.8108219291338581
11
7.809428543307086
21
-3.8121080314960629
0
LINE
8
BLACK
6
CONTINUOUS
10
7.809428543307086
20
-3.8121080314960629
11
7.8098357086614172
21
-3.8125151968503936
0
LINE
8
BLACK
6
CONTINUOUS
10
7.8098357086614172
20
-3.8125151968503936
11
7.809924803149606
21
-3.8127303149606298
0
LINE
8
BLACK
6
CONTINUOUS
10
7.809924803149606
20
-3.8127303149606298
11
7.8104167322834641
21
-3.8133471653543305
0
LINE
8
BLACK
6
CONTINUOUS
10
7.8104167322834641
20
-3.8133471653543305
11
7.8107068503937009
21
-3.8146183070866142
0
LINE
8
BLACK
6
CONTINUOUS
10
7.8107068503937009
20
-3.8146183070866142
11
7.81090562992126
21
-3.815098188976378
0
LINE
8
BLACK
6
CONTINUOUS
10
7.81090562992126
20
-3.815098188976378
11
7.81090562992126
21
-3.8154891732283462
0
LINE
8
BLACK
6
CONTINUOUS
10
7.81090562992126
20
-3.8154891732283462
11
7.8111354330708656
21
-3.8164960629921261
0
LINE
8
BLACK
6
CONTINUOUS
10
7.8111354330708656
20
-3.8164960629921261
11
7.81090562992126
21
-3.8175029133858267
0
LINE
8
BLACK
6
CONTINUOUS
10
7.81090562992126
20
-3.8175029133858267
11
7.81090562992126
21
-3.8178939370078737
0
LINE
8
BLACK
6
CONTINUOUS
10
7.81090562992126
20
-3.8178939370078737
11
7.8107068503937009
21
-3.8183737795275592
0
LINE
8
BLACK
6
CONTINUOUS
10
7.8107068503937009
20
-3.8183737795275592
11
7.8104167322834641
21
-3.8196449606299212
0
LINE
8
BLACK
6
CONTINUOUS
10
7.8104167322834641
20
-3.8196449606299212
11
7.809924803149606
21
-3.8202617716535432
0
LINE
8
BLACK
6
CONTINUOUS
10
7.809924803149606
20
-3.8202617716535432
11
7.8098357086614172
21
-3.8204769291338581
0
LINE
8
BLACK
6
CONTINUOUS
10
7.8098357086614172
20
-3.8204769291338581
11
7.809428543307086
21
-3.82088405511811
0
LINE
8
BLACK
6
CONTINUOUS
10
7.809428543307086
20
-3.82088405511811
11
7.8084029133858266
21
-3.8221701968503936
0
LINE
8
BLACK
6
CONTINUOUS
10
7.8084029133858266
20
-3.8221701968503936
11
7.8079004724409451
21
-3.8224121259842518
0
LINE
8
BLACK
6
CONTINUOUS
10
7.8079004724409451
20
-3.8224121259842518
11
7.8078588188976372
21
-3.8224538188976376
0
LINE
8
BLACK
6
CONTINUOUS
10
7.8078588188976372
20
-3.8224538188976376
11
7.8075381102362202
21
-3.8225866535433068
0
LINE
8
BLACK
6
CONTINUOUS
10
7.8075381102362202
20
-3.8225866535433068
11
7.8054929133858266
21
-3.8235715748031494
0
LINE
8
BLACK
6
CONTINUOUS
10
7.8054929133858266
20
-3.8235715748031494
11
7.8038779527559052
21
-3.8236614173228345
0
LINE
8
BLACK
6
CONTINUOUS
10
7.8038779527559052
20
-3.8236614173228345
11
7.7754133858267718
21
-3.8236614173228345
0
LINE
8
BLACK
6
CONTINUOUS
10
7.7754133858267718
20
-3.8236614173228345
11
7.7737984251968504
21
-3.8235715748031494
0
LINE
8
BLACK
6
CONTINUOUS
10
7.7737984251968504
20
-3.8235715748031494
11
7.771753188976378
21
-3.8225866535433068
0
LINE
8
BLACK
6
CONTINUOUS
10
7.771753188976378
20
-3.8225866535433068
11
7.7714325196850389
21
-3.8224538188976376
0
LINE
8
BLACK
6
CONTINUOUS
10
7.7714325196850389
20
-3.8224538188976376
11
7.7713908267716532
21
-3.8224121259842518
0
LINE
8
BLACK
6
CONTINUOUS
10
7.7713908267716532
20
-3.8224121259842518
11
7.7708884251968504
21
-3.8221701968503936
0
LINE
8
BLACK
6
CONTINUOUS
10
7.7708884251968504
20
-3.8221701968503936
11
7.7698627559055113
21
-3.82088405511811
0
LINE
8
BLACK
6
CONTINUOUS
10
7.7698627559055113
20
-3.82088405511811
11
7.7694556299212598
21
-3.8204769291338581
0
LINE
8
BLACK
6
CONTINUOUS
10
7.7694556299212598
20
-3.8204769291338581
11
7.7693664960629922
21
-3.8202617716535432
0
LINE
8
BLACK
6
CONTINUOUS
10
7.7693664960629922
20
-3.8202617716535432
11
7.768874606299212
21
-3.8196449606299212
0
LINE
8
BLACK
6
CONTINUOUS
10
7.768874606299212
20
-3.8196449606299212
11
7.7685844488188973
21
-3.8183737795275592
0
LINE
8
BLACK
6
CONTINUOUS
10
7.7685844488188973
20
-3.8183737795275592
11
7.768385708661417
21
-3.8178939370078737
0
LINE
8
BLACK
6
CONTINUOUS
10
7.768385708661417
20
-3.8178939370078737
11
7.768385708661417
21
-3.8175029133858267
0
LINE
8
BLACK
6
CONTINUOUS
10
7.768385708661417
20
-3.8175029133858267
11
7.7681559055118106
21
-3.8164960629921261
0
LINE
8
BLACK
6
CONTINUOUS
10
7.7681559055118106
20
-3.8164960629921261
11
7.768385708661417
21
-3.8154891732283462
0
LINE
8
BLACK
6
CONTINUOUS
10
7.768385708661417
20
-3.8154891732283462
11
7.768385708661417
21
-3.815098188976378
0
LINE
8
BLACK
6
CONTINUOUS
10
7.768385708661417
20
-3.815098188976378
11
7.7685844488188973
21
-3.8146183070866142
0
LINE
8
BLACK
6
CONTINUOUS
10
7.7685844488188973
20
-3.8146183070866142
11
7.768874606299212
21
-3.8133471653543305
0
LINE
8
BLACK
6
CONTINUOUS
10
7.768874606299212
20
-3.8133471653543305
11
7.7693664960629922
21
-3.8127303149606298
0
LINE
8
BLACK
6
CONTINUOUS
10
7.7693664960629922
20
-3.8127303149606298
11
7.7694556299212598
21
-3.8125151968503936
0
LINE
8
BLACK
6
CONTINUOUS
10
7.7694556299212598
20
-3.8125151968503936
11
7.7698627559055113
21
-3.8121080314960629
0
LINE
8
BLACK
6
CONTINUOUS
10
7.7698627559055113
20
-3.8121080314960629
11
7.7708884251968504
21
-3.8108219291338581
0
LINE
8
BLACK
6
CONTINUOUS
10
7.7708884251968504
20
-3.8108219291338581
11
7.7713908267716532
21
-3.8105799606299211
0
LINE
8
BLACK
6
CONTINUOUS
10
7.7713908267716532
20
-3.8105799606299211
11
7.7714325196850389
21
-3.8105383070866141
0
LINE
8
BLACK
6
CONTINUOUS
10
7.7714325196850389
20
-3.8105383070866141
11
7.771753188976378
21
-3.8104054330708661
0
LINE
8
BLACK
6
CONTINUOUS
10
7.771753188976378
20
-3.8104054330708661
11
7.7737984251968504
21
-3.8094205511811023
0
LINE
8
BLACK
6
CONTINUOUS
10
7.7737984251968504
20
-3.8094205511811023
11
7.7754133858267718
21
-3.8093307086614172
0
LINE
8
BLACK
6
CONTINUOUS
10
7.7754133858267718
20
-3.8093307086614172
11
7.8038779527559052
21
-3.8093307086614172
0
LINE
8
BLACK
6
CONTINUOUS
10
7.8038779527559052
20
-3.8093307086614172
11
7.8054929133858266
21
-3.8094205511811023
0
LINE
8
BLACK
6
CONTINUOUS
10
6.7322834645669287
20
-3.8137204724409446
11
6.7007874015748028
21
-3.8137204724409446
0
LINE
8
BLACK
6
CONTINUOUS
10
6.7007874015748028
20
-3.8137204724409446
11
6.7007874015748028
21
-3.7782874015748029
0
LINE
8
BLACK
6
CONTINUOUS
10
6.7007874015748028
20
-3.7782874015748029
11
6.7322834645669287
21
-3.7782874015748029
0
LINE
8
BLACK
6
CONTINUOUS
10
6.7322834645669287
20
-3.7782874015748029
11
6.7322834645669287
21
-3.8137204724409446
0
LINE
8
BLACK
6
CONTINUOUS
10
6.7874015748031491
20
-3.8137204724409446
11
6.7559055118110232
21
-3.8137204724409446
0
LINE
8
BLACK
6
CONTINUOUS
10
6.7559055118110232
20
-3.8137204724409446
11
6.7559055118110232
21
-3.7782874015748029
0
LINE
8
BLACK
6
CONTINUOUS
10
6.7559055118110232
20
-3.7782874015748029
11
6.7874015748031491
21
-3.7782874015748029
0
LINE
8
BLACK
6
CONTINUOUS
10
6.7874015748031491
20
-3.7782874015748029
11
6.7874015748031491
21
-3.8137204724409446
0
LINE
8
BLACK
6
CONTINUOUS
10
5.3202370078740158
20
-3.7901685826771652
11
5.3222822047244094
21
-3.7911534645669289
0
LINE
8
BLACK
6
CONTINUOUS
10
5.3222822047244094
20
-3.7911534645669289
11
5.3226029133858264
21
-3.7912863385826769
0
LINE
8
BLACK
6
CONTINUOUS
10
5.3226029133858264
20
-3.7912863385826769
11
5.3226445669291333
21
-3.7913279921259844
0
LINE
8
BLACK
6
CONTINUOUS
10
5.3226445669291333
20
-3.7913279921259844
11
5.3231470078740157
21
-3.7915699606299214
0
LINE
8
BLACK
6
CONTINUOUS
10
5.3231470078740157
20
-3.7915699606299214
11
5.3241726377952752
21
-3.7928560629921257
0
LINE
8
BLACK
6
CONTINUOUS
10
5.3241726377952752
20
-3.7928560629921257
11
5.3245798031496063
21
-3.7932632283464565
0
LINE
8
BLACK
6
CONTINUOUS
10
5.3245798031496063
20
-3.7932632283464565
11
5.3246688976377952
21
-3.793478346456693
0
LINE
8
BLACK
6
CONTINUOUS
10
5.3246688976377952
20
-3.793478346456693
11
5.3251608267716533
21
-3.7940951968503938
0
LINE
8
BLACK
6
CONTINUOUS
10
5.3251608267716533
20
-3.7940951968503938
11
5.3254509448818901
21
-3.795366338582677
0
LINE
8
BLACK
6
CONTINUOUS
10
5.3254509448818901
20
-3.795366338582677
11
5.3256497244094483
21
-3.7958462204724408
0
LINE
8
BLACK
6
CONTINUOUS
10
5.3256497244094483
20
-3.7958462204724408
11
5.3256497244094483
21
-3.7962372047244095
0
LINE
8
BLACK
6
CONTINUOUS
10
5.3256497244094483
20
-3.7962372047244095
11
5.3258795275590547
21
-3.7972440944881889
0
LINE
8
BLACK
6
CONTINUOUS
10
5.3258795275590547
20
-3.7972440944881889
11
5.3256497244094483
21
-3.7982509448818895
0
LINE
8
BLACK
6
CONTINUOUS
10
5.3256497244094483
20
-3.7982509448818895
11
5.3256497244094483
21
-3.798641968503937
0
LINE
8
BLACK
6
CONTINUOUS
10
5.3256497244094483
20
-3.798641968503937
11
5.3254509448818901
21
-3.799121811023622
0
LINE
8
BLACK
6
CONTINUOUS
10
5.3254509448818901
20
-3.799121811023622
11
5.3251608267716533
21
-3.800392992125984
0
LINE
8
BLACK
6
CONTINUOUS
10
5.3251608267716533
20
-3.800392992125984
11
5.3246688976377952
21
-3.801009803149606
0
LINE
8
BLACK
6
CONTINUOUS
10
5.3246688976377952
20
-3.801009803149606
11
5.3245798031496063
21
-3.8012249606299213
0
LINE
8
BLACK
6
CONTINUOUS
10
5.3245798031496063
20
-3.8012249606299213
11
5.3241726377952752
21
-3.8016320866141733
0
LINE
8
BLACK
6
CONTINUOUS
10
5.3241726377952752
20
-3.8016320866141733
11
5.3231470078740157
21
-3.8029182283464564
0
LINE
8
BLACK
6
CONTINUOUS
10
5.3231470078740157
20
-3.8029182283464564
11
5.3226445669291333
21
-3.8031601574803147
0
LINE
8
BLACK
6
CONTINUOUS
10
5.3226445669291333
20
-3.8031601574803147
11
5.3226029133858264
21
-3.8032018503937008
0
LINE
8
BLACK
6
CONTINUOUS
10
5.3226029133858264
20
-3.8032018503937008
11
5.3222822047244094
21
-3.8033346850393701
0
LINE
8
BLACK
6
CONTINUOUS
10
5.3222822047244094
20
-3.8033346850393701
11
5.3202370078740158
21
-3.8043196062992126
0
LINE
8
BLACK
6
CONTINUOUS
10
5.3202370078740158
20
-3.8043196062992126
11
5.3186220472440944
21
-3.8044094488188978
0
LINE
8
BLACK
6
CONTINUOUS
10
5.3186220472440944
20
-3.8044094488188978
11
5.2901574803149609
21
-3.8044094488188978
0
LINE
8
BLACK
6
CONTINUOUS
10
5.2901574803149609
20
-3.8044094488188978
11
5.2885425196850395
21
-3.8043196062992126
0
LINE
8
BLACK
6
CONTINUOUS
10
5.2885425196850395
20
-3.8043196062992126
11
5.2864972834645672
21
-3.8033346850393701
0
LINE
8
BLACK
6
CONTINUOUS
10
5.2864972834645672
20
-3.8033346850393701
11
5.286176614173228
21
-3.8032018503937008
0
LINE
8
BLACK
6
CONTINUOUS
10
5.286176614173228
20
-3.8032018503937008
11
5.2861349212598423
21
-3.8031601574803147
0
LINE
8
BLACK
6
CONTINUOUS
10
5.2861349212598423
20
-3.8031601574803147
11
5.2856325196850396
21
-3.8029182283464564
0
LINE
8
BLACK
6
CONTINUOUS
10
5.2856325196850396
20
-3.8029182283464564
11
5.2846068503937005
21
-3.8016320866141733
0
LINE
8
BLACK
6
CONTINUOUS
10
5.2846068503937005
20
-3.8016320866141733
11
5.284199724409449
21
-3.8012249606299213
0
LINE
8
BLACK
6
CONTINUOUS
10
5.284199724409449
20
-3.8012249606299213
11
5.2841105905511814
21
-3.801009803149606
0
LINE
8
BLACK
6
CONTINUOUS
10
5.2841105905511814
20
-3.801009803149606
11
5.2836187007874011
21
-3.800392992125984
0
LINE
8
BLACK
6
CONTINUOUS
10
5.2836187007874011
20
-3.800392992125984
11
5.2833285433070865
21
-3.799121811023622
0
LINE
8
BLACK
6
CONTINUOUS
10
5.2833285433070865
20
-3.799121811023622
11
5.2831298031496061
21
-3.798641968503937
0
LINE
8
BLACK
6
CONTINUOUS
10
5.2831298031496061
20
-3.798641968503937
11
5.2831298031496061
21
-3.7982509448818895
0
LINE
8
BLACK
6
CONTINUOUS
10
5.2831298031496061
20
-3.7982509448818895
11
5.2828999999999997
21
-3.7972440944881889
0
LINE
8
BLACK
6
CONTINUOUS
10
5.2828999999999997
20
-3.7972440944881889
11
5.2831298031496061
21
-3.7962372047244095
0
LINE
8
BLACK
6
CONTINUOUS
10
5.2831298031496061
20
-3.7962372047244095
11
5.2831298031496061
21
-3.7958462204724408
0
LINE
8
BLACK
6
CONTINUOUS
10
5.2831298031496061
20
-3.7958462204724408
11
5.2833285433070865
21
-3.795366338582677
0
LINE
8
BLACK
6
CONTINUOUS
10
5.2833285433070865
20
-3.795366338582677
11
5.2836187007874011
21
-3.7940951968503938
0
LINE
8
BLACK
6
CONTINUOUS
10
5.2836187007874011
20
-3.7940951968503938
11
5.2841105905511814
21
-3.793478346456693
0
LINE
8
BLACK
6
CONTINUOUS
10
5.2841105905511814
20
-3.793478346456693
11
5.284199724409449
21
-3.7932632283464565
0
LINE
8
BLACK
6
CONTINUOUS
10
5.284199724409449
20
-3.7932632283464565
11
5.2846068503937005
21
-3.7928560629921257
0
LINE
8
BLACK
6
CONTINUOUS
10
5.2846068503937005
20
-3.7928560629921257
11
5.2856325196850396
21
-3.7915699606299214
0
LINE
8
BLACK
6
CONTINUOUS
10
5.2856325196850396
20
-3.7915699606299214
11
5.2861349212598423
21
-3.7913279921259844
0
LINE
8
BLACK
6
CONTINUOUS
10
5.2861349212598423
20
-3.7913279921259844
11
5.286176614173228
21
-3.7912863385826769
0
LINE
8
BLACK
6
CONTINUOUS
10
5.286176614173228
20
-3.7912863385826769
11
5.2864972834645672
21
-3.7911534645669289
0
LINE
8
BLACK
6
CONTINUOUS
10
5.2864972834645672
20
-3.7911534645669289
11
5.2885425196850395
21
-3.7901685826771652
0
LINE
8
BLACK
6
CONTINUOUS
10
5.2885425196850395
20
-3.7901685826771652
11
5.2901574803149609
21
-3.79007874015748
0
LINE
8
BLACK
6
CONTINUOUS
10
5.2901574803149609
20
-3.79007874015748
11
5.3186220472440944
21
-3.79007874015748
0
LINE
8
BLACK
6
CONTINUOUS
10
5.3186220472440944
20
-3.79007874015748
11
5.3202370078740158
21
-3.7901685826771652
0
LINE
8
BLACK
6
CONTINUOUS
10
5.5146070866141734
20
-3.7901685826771652
11
5.516652283464567
21
-3.7911534645669289
0
LINE
8
BLACK
6
CONTINUOUS
10
5.516652283464567
20
-3.7911534645669289
11
5.516972992125984
21
-3.7912863385826769
0
LINE
8
BLACK
6
CONTINUOUS
10
5.516972992125984
20
-3.7912863385826769
11
5.517014645669291
21
-3.7913279921259844
0
LINE
8
BLACK
6
CONTINUOUS
10
5.517014645669291
20
-3.7913279921259844
11
5.5175170866141734
21
-3.7915699606299214
0
LINE
8
BLACK
6
CONTINUOUS
10
5.5175170866141734
20
-3.7915699606299214
11
5.5185427165354328
21
-3.7928560629921257
0
LINE
8
BLACK
6
CONTINUOUS
10
5.5185427165354328
20
-3.7928560629921257
11
5.518949881889764
21
-3.7932632283464565
0
LINE
8
BLACK
6
CONTINUOUS
10
5.518949881889764
20
-3.7932632283464565
11
5.5190389763779528
21
-3.793478346456693
0
LINE
8
BLACK
6
CONTINUOUS
10
5.5190389763779528
20
-3.793478346456693
11
5.5195309055118109
21
-3.7940951968503938
0
LINE
8
BLACK
6
CONTINUOUS
10
5.5195309055118109
20
-3.7940951968503938
11
5.5198210236220469
21
-3.795366338582677
0
LINE
8
BLACK
6
CONTINUOUS
10
5.5198210236220469
20
-3.795366338582677
11
5.5200198031496059
21
-3.7958462204724408
0
LINE
8
BLACK
6
CONTINUOUS
10
5.5200198031496059
20
-3.7958462204724408
11
5.5200198031496059
21
-3.7962372047244095
0
LINE
8
BLACK
6
CONTINUOUS
10
5.5200198031496059
20
-3.7962372047244095
11
5.5202496062992124
21
-3.7972440944881889
0
LINE
8
BLACK
6
CONTINUOUS
10
5.5202496062992124
20
-3.7972440944881889
11
5.5200198031496059
21
-3.7982509448818895
0
LINE
8
BLACK
6
CONTINUOUS
10
5.5200198031496059
20
-3.7982509448818895
11
5.5200198031496059
21
-3.798641968503937
0
LINE
8
BLACK
6
CONTINUOUS
10
5.5200198031496059
20
-3.798641968503937
11
5.5198210236220469
21
-3.799121811023622
0
LINE
8
BLACK
6
CONTINUOUS
10
5.5198210236220469
20
-3.799121811023622
11
5.5195309055118109
21
-3.800392992125984
0
LINE
8
BLACK
6
CONTINUOUS
10
5.5195309055118109
20
-3.800392992125984
11
5.5190389763779528
21
-3.801009803149606
0
LINE
8
BLACK
6
CONTINUOUS
10
5.5190389763779528
20
-3.801009803149606
11
5.518949881889764
21
-3.8012249606299213
0
LINE
8
BLACK
6
CONTINUOUS
10
5.518949881889764
20
-3.8012249606299213
11
5.5185427165354328
21
-3.8016320866141733
0
LINE
8
BLACK
6
CONTINUOUS
10
5.5185427165354328
20
-3.8016320866141733
11
5.5175170866141734
21
-3.8029182283464564
0
LINE
8
BLACK
6
CONTINUOUS
10
5.5175170866141734
20
-3.8029182283464564
11
5.517014645669291
21
-3.8031601574803147
0
LINE
8
BLACK
6
CONTINUOUS
10
5.517014645669291
20
-3.8031601574803147
11
5.516972992125984
21
-3.8032018503937008
0
LINE
8
BLACK
6
CONTINUOUS
10
5.516972992125984
20
-3.8032018503937008
11
5.516652283464567
21
-3.8033346850393701
0
LINE
8
BLACK
6
CONTINUOUS
10
5.516652283464567
20
-3.8033346850393701
11
5.5146070866141734
21
-3.8043196062992126
0
LINE
8
BLACK
6
CONTINUOUS
10
5.5146070866141734
20
-3.8043196062992126
11
5.512992125984252
21
-3.8044094488188978
0
LINE
8
BLACK
6
CONTINUOUS
10
5.512992125984252
20
-3.8044094488188978
11
5.4845275590551177
21
-3.8044094488188978
0
LINE
8
BLACK
6
CONTINUOUS
10
5.4845275590551177
20
-3.8044094488188978
11
5.4829125984251963
21
-3.8043196062992126
0
LINE
8
BLACK
6
CONTINUOUS
10
5.4829125984251963
20
-3.8043196062992126
11
5.4808673622047239
21
-3.8033346850393701
0
LINE
8
BLACK
6
CONTINUOUS
10
5.4808673622047239
20
-3.8033346850393701
11
5.4805466929133857
21
-3.8032018503937008
0
LINE
8
BLACK
6
CONTINUOUS
10
5.4805466929133857
20
-3.8032018503937008
11
5.480505
21
-3.8031601574803147
0
LINE
8
BLACK
6
CONTINUOUS
10
5.480505
20
-3.8031601574803147
11
5.4800025984251963
21
-3.8029182283464564
0
LINE
8
BLACK
6
CONTINUOUS
10
5.4800025984251963
20
-3.8029182283464564
11
5.4789769291338581
21
-3.8016320866141733
0
LINE
8
BLACK
6
CONTINUOUS
10
5.4789769291338581
20
-3.8016320866141733
11
5.4785698031496057
21
-3.8012249606299213
0
LINE
8
BLACK
6
CONTINUOUS
10
5.4785698031496057
20
-3.8012249606299213
11
5.4784806692913381
21
-3.801009803149606
0
LINE
8
BLACK
6
CONTINUOUS
10
5.4784806692913381
20
-3.801009803149606
11
5.4779887795275588
21
-3.800392992125984
0
LINE
8
BLACK
6
CONTINUOUS
10
5.4779887795275588
20
-3.800392992125984
11
5.4776986220472441
21
-3.799121811023622
0
LINE
8
BLACK
6
CONTINUOUS
10
5.4776986220472441
20
-3.799121811023622
11
5.4774998818897638
21
-3.798641968503937
0
LINE
8
BLACK
6
CONTINUOUS
10
5.4774998818897638
20
-3.798641968503937
11
5.4774998818897638
21
-3.7982509448818895
0
LINE
8
BLACK
6
CONTINUOUS
10
5.4774998818897638
20
-3.7982509448818895
11
5.4772700787401574
21
-3.7972440944881889
0
LINE
8
BLACK
6
CONTINUOUS
10
5.4772700787401574
20
-3.7972440944881889
11
5.4774998818897638
21
-3.7962372047244095
0
LINE
8
BLACK
6
CONTINUOUS
10
5.4774998818897638
20
-3.7962372047244095
11
5.4774998818897638
21
-3.7958462204724408
0
LINE
8
BLACK
6
CONTINUOUS
10
5.4774998818897638
20
-3.7958462204724408
11
5.4776986220472441
21
-3.795366338582677
0
LINE
8
BLACK
6
CONTINUOUS
10
5.4776986220472441
20
-3.795366338582677
11
5.4779887795275588
21
-3.7940951968503938
0
LINE
8
BLACK
6
CONTINUOUS
10
5.4779887795275588
20
-3.7940951968503938
11
5.4784806692913381
21
-3.793478346456693
0
LINE
8
BLACK
6
CONTINUOUS
10
5.4784806692913381
20
-3.793478346456693
11
5.4785698031496057
21
-3.7932632283464565
0
LINE
8
BLACK
6
CONTINUOUS
10
5.4785698031496057
20
-3.7932632283464565
11
5.4789769291338581
21
-3.7928560629921257
0
LINE
8
BLACK
6
CONTINUOUS
10
5.4789769291338581
20
-3.7928560629921257
11
5.4800025984251963
21
-3.7915699606299214
0
LINE
8
BLACK
6
CONTINUOUS
10
5.4800025984251963
20
-3.7915699606299214
11
5.480505
21
-3.7913279921259844
0
LINE
8
BLACK
6
CONTINUOUS
10
5.480505
20
-3.7913279921259844
11
5.4805466929133857
21
-3.7912863385826769
0
LINE
8
BLACK
6
CONTINUOUS
10
5.4805466929133857
20
-3.7912863385826769
11
5.4808673622047239
21
-3.7911534645669289
0
LINE
8
BLACK
6
CONTINUOUS
10
5.4808673622047239
20
-3.7911534645669289
11
5.4829125984251963
21
-3.7901685826771652
0
LINE
8
BLACK
6
CONTINUOUS
10
5.4829125984251963
20
-3.7901685826771652
11
5.4845275590551177
21
-3.79007874015748
0
LINE
8
BLACK
6
CONTINUOUS
10
5.4845275590551177
20
-3.79007874015748
11
5.512992125984252
21
-3.79007874015748
0
LINE
8
BLACK
6
CONTINUOUS
10
5.512992125984252
20
-3.79007874015748
11
5.5146070866141734
21
-3.7901685826771652
0
LINE
8
BLACK
6
CONTINUOUS
10
6.8733866141732278
20
-3.7901685826771652
11
6.8754318110236223
21
-3.7911534645669289
0
LINE
8
BLACK
6
CONTINUOUS
10
6.8754318110236223
20
-3.7911534645669289
11
6.8757525196850393
21
-3.7912863385826769
0
LINE
8
BLACK
6
CONTINUOUS
10
6.8757525196850393
20
-3.7912863385826769
11
6.8757941732283463
21
-3.7913279921259844
0
LINE
8
BLACK
6
CONTINUOUS
10
6.8757941732283463
20
-3.7913279921259844
11
6.8762966141732278
21
-3.7915699606299214
0
LINE
8
BLACK
6
CONTINUOUS
10
6.8762966141732278
20
-3.7915699606299214
11
6.8773222440944881
21
-3.7928560629921257
0
LINE
8
BLACK
6
CONTINUOUS
10
6.8773222440944881
20
-3.7928560629921257
11
6.8777294094488184
21
-3.7932632283464565
0
LINE
8
BLACK
6
CONTINUOUS
10
6.8777294094488184
20
-3.7932632283464565
11
6.8778185039370081
21
-3.793478346456693
0
LINE
8
BLACK
6
CONTINUOUS
10
6.8778185039370081
20
-3.793478346456693
11
6.8783104330708662
21
-3.7940951968503938
0
LINE
8
BLACK
6
CONTINUOUS
10
6.8783104330708662
20
-3.7940951968503938
11
6.8786005511811021
21
-3.795366338582677
0
LINE
8
BLACK
6
CONTINUOUS
10
6.8786005511811021
20
-3.795366338582677
11
6.8787993307086612
21
-3.7958462204724408
0
LINE
8
BLACK
6
CONTINUOUS
10
6.8787993307086612
20
-3.7958462204724408
11
6.8787993307086612
21
-3.7962372047244095
0
LINE
8
BLACK
6
CONTINUOUS
10
6.8787993307086612
20
-3.7962372047244095
11
6.8790291338582676
21
-3.7972440944881889
0
LINE
8
BLACK
6
CONTINUOUS
10
6.8790291338582676
20
-3.7972440944881889
11
6.8787993307086612
21
-3.7982509448818895
0
LINE
8
BLACK
6
CONTINUOUS
10
6.8787993307086612
20
-3.7982509448818895
11
6.8787993307086612
21
-3.798641968503937
0
LINE
8
BLACK
6
CONTINUOUS
10
6.8787993307086612
20
-3.798641968503937
11
6.8786005511811021
21
-3.799121811023622
0
LINE
8
BLACK
6
CONTINUOUS
10
6.8786005511811021
20
-3.799121811023622
11
6.8783104330708662
21
-3.800392992125984
0
LINE
8
BLACK
6
CONTINUOUS
10
6.8783104330708662
20
-3.800392992125984
11
6.8778185039370081
21
-3.801009803149606
0
LINE
8
BLACK
6
CONTINUOUS
10
6.8778185039370081
20
-3.801009803149606
11
6.8777294094488184
21
-3.8012249606299213
0
LINE
8
BLACK
6
CONTINUOUS
10
6.8777294094488184
20
-3.8012249606299213
11
6.8773222440944881
21
-3.8016320866141733
0
LINE
8
BLACK
6
CONTINUOUS
10
6.8773222440944881
20
-3.8016320866141733
11
6.8762966141732278
21
-3.8029182283464564
0
LINE
8
BLACK
6
CONTINUOUS
10
6.8762966141732278
20
-3.8029182283464564
11
6.8757941732283463
21
-3.8031601574803147
0
LINE
8
BLACK
6
CONTINUOUS
10
6.8757941732283463
20
-3.8031601574803147
11
6.8757525196850393
21
-3.8032018503937008
0
LINE
8
BLACK
6
CONTINUOUS
10
6.8757525196850393
20
-3.8032018503937008
11
6.8754318110236223
21
-3.8033346850393701
0
LINE
8
BLACK
6
CONTINUOUS
10
6.8754318110236223
20
-3.8033346850393701
11
6.8733866141732278
21
-3.8043196062992126
0
LINE
8
BLACK
6
CONTINUOUS
10
6.8733866141732278
20
-3.8043196062992126
11
6.8717716535433073
21
-3.8044094488188978
0
LINE
8
BLACK
6
CONTINUOUS
10
6.8717716535433073
20
-3.8044094488188978
11
6.843307086614173
21
-3.8044094488188978
0
LINE
8
BLACK
6
CONTINUOUS
10
6.843307086614173
20
-3.8044094488188978
11
6.8416921259842516
21
-3.8043196062992126
0
LINE
8
BLACK
6
CONTINUOUS
10
6.8416921259842516
20
-3.8043196062992126
11
6.8396468897637792
21
-3.8033346850393701
0
LINE
8
BLACK
6
CONTINUOUS
10
6.8396468897637792
20
-3.8033346850393701
11
6.839326220472441
21
-3.8032018503937008
0
LINE
8
BLACK
6
CONTINUOUS
10
6.839326220472441
20
-3.8032018503937008
11
6.8392845275590552
21
-3.8031601574803147
0
LINE
8
BLACK
6
CONTINUOUS
10
6.8392845275590552
20
-3.8031601574803147
11
6.8387821259842516
21
-3.8029182283464564
0
LINE
8
BLACK
6
CONTINUOUS
10
6.8387821259842516
20
-3.8029182283464564
11
6.8377564566929134
21
-3.8016320866141733
0
LINE
8
BLACK
6
CONTINUOUS
10
6.8377564566929134
20
-3.8016320866141733
11
6.837349330708661
21
-3.8012249606299213
0
LINE
8
BLACK
6
CONTINUOUS
10
6.837349330708661
20
-3.8012249606299213
11
6.8372601968503934
21
-3.801009803149606
0
LINE
8
BLACK
6
CONTINUOUS
10
6.8372601968503934
20
-3.801009803149606
11
6.8367683070866141
21
-3.800392992125984
0
LINE
8
BLACK
6
CONTINUOUS
10
6.8367683070866141
20
-3.800392992125984
11
6.8364781496062994
21
-3.799121811023622
0
LINE
8
BLACK
6
CONTINUOUS
10
6.8364781496062994
20
-3.799121811023622
11
6.8362794094488191
21
-3.798641968503937
0
LINE
8
BLACK
6
CONTINUOUS
10
6.8362794094488191
20
-3.798641968503937
11
6.8362794094488191
21
-3.7982509448818895
0
LINE
8
BLACK
6
CONTINUOUS
10
6.8362794094488191
20
-3.7982509448818895
11
6.8360496062992127
21
-3.7972440944881889
0
LINE
8
BLACK
6
CONTINUOUS
10
6.8360496062992127
20
-3.7972440944881889
11
6.8362794094488191
21
-3.7962372047244095
0
LINE
8
BLACK
6
CONTINUOUS
10
6.8362794094488191
20
-3.7962372047244095
11
6.8362794094488191
21
-3.7958462204724408
0
LINE
8
BLACK
6
CONTINUOUS
10
6.8362794094488191
20
-3.7958462204724408
11
6.8364781496062994
21
-3.795366338582677
0
LINE
8
BLACK
6
CONTINUOUS
10
6.8364781496062994
20
-3.795366338582677
11
6.8367683070866141
21
-3.7940951968503938
0
LINE
8
BLACK
6
CONTINUOUS
10
6.8367683070866141
20
-3.7940951968503938
11
6.8372601968503934
21
-3.793478346456693
0
LINE
8
BLACK
6
CONTINUOUS
10
6.8372601968503934
20
-3.793478346456693
11
6.837349330708661
21
-3.7932632283464565
0
LINE
8
BLACK
6
CONTINUOUS
10
6.837349330708661
20
-3.7932632283464565
11
6.8377564566929134
21
-3.7928560629921257
0
LINE
8
BLACK
6
CONTINUOUS
10
6.8377564566929134
20
-3.7928560629921257
11
6.8387821259842516
21
-3.7915699606299214
0
LINE
8
BLACK
6
CONTINUOUS
10
6.8387821259842516
20
-3.7915699606299214
11
6.8392845275590552
21
-3.7913279921259844
0
LINE
8
BLACK
6
CONTINUOUS
10
6.8392845275590552
20
-3.7913279921259844
11
6.839326220472441
21
-3.7912863385826769
0
LINE
8
BLACK
6
CONTINUOUS
10
6.839326220472441
20
-3.7912863385826769
11
6.8396468897637792
21
-3.7911534645669289
0
LINE
8
BLACK
6
CONTINUOUS
10
6.8396468897637792
20
-3.7911534645669289
11
6.8416921259842516
21
-3.7901685826771652
0
LINE
8
BLACK
6
CONTINUOUS
10
6.8416921259842516
20
-3.7901685826771652
11
6.843307086614173
21
-3.79007874015748
0
LINE
8
BLACK
6
CONTINUOUS
10
6.843307086614173
20
-3.79007874015748
11
6.8717716535433073
21
-3.79007874015748
0
LINE
8
BLACK
6
CONTINUOUS
10
6.8717716535433073
20
-3.79007874015748
11
6.8733866141732278
21
-3.7901685826771652
0
LINE
8
BLACK
6
CONTINUOUS
10
7.0677566929133855
20
-3.7901685826771652
11
7.0698018897637791
21
-3.7911534645669289
0
LINE
8
BLACK
6
CONTINUOUS
10
7.0698018897637791
20
-3.7911534645669289
11
7.070122598425197
21
-3.7912863385826769
0
LINE
8
BLACK
6
CONTINUOUS
10
7.070122598425197
20
-3.7912863385826769
11
7.070164251968504
21
-3.7913279921259844
0
LINE
8
BLACK
6
CONTINUOUS
10
7.070164251968504
20
-3.7913279921259844
11
7.0706666929133855
21
-3.7915699606299214
0
LINE
8
BLACK
6
CONTINUOUS
10
7.0706666929133855
20
-3.7915699606299214
11
7.0716923228346458
21
-3.7928560629921257
0
LINE
8
BLACK
6
CONTINUOUS
10
7.0716923228346458
20
-3.7928560629921257
11
7.072099488188976
21
-3.7932632283464565
0
LINE
8
BLACK
6
CONTINUOUS
10
7.072099488188976
20
-3.7932632283464565
11
7.0721885826771649
21
-3.793478346456693
0
LINE
8
BLACK
6
CONTINUOUS
10
7.0721885826771649
20
-3.793478346456693
11
7.0726805118110239
21
-3.7940951968503938
0
LINE
8
BLACK
6
CONTINUOUS
10
7.0726805118110239
20
-3.7940951968503938
11
7.0729706299212598
21
-3.795366338582677
0
LINE
8
BLACK
6
CONTINUOUS
10
7.0729706299212598
20
-3.795366338582677
11
7.0731694094488189
21
-3.7958462204724408
0
LINE
8
BLACK
6
CONTINUOUS
10
7.0731694094488189
20
-3.7958462204724408
11
7.0731694094488189
21
-3.7962372047244095
0
LINE
8
BLACK
6
CONTINUOUS
10
7.0731694094488189
20
-3.7962372047244095
11
7.0733992125984253
21
-3.7972440944881889
0
LINE
8
BLACK
6
CONTINUOUS
10
7.0733992125984253
20
-3.7972440944881889
11
7.0731694094488189
21
-3.7982509448818895
0
LINE
8
BLACK
6
CONTINUOUS
10
7.0731694094488189
20
-3.7982509448818895
11
7.0731694094488189
21
-3.798641968503937
0
LINE
8
BLACK
6
CONTINUOUS
10
7.0731694094488189
20
-3.798641968503937
11
7.0729706299212598
21
-3.799121811023622
0
LINE
8
BLACK
6
CONTINUOUS
10
7.0729706299212598
20
-3.799121811023622
11
7.0726805118110239
21
-3.800392992125984
0
LINE
8
BLACK
6
CONTINUOUS
10
7.0726805118110239
20
-3.800392992125984
11
7.0721885826771649
21
-3.801009803149606
0
LINE
8
BLACK
6
CONTINUOUS
10
7.0721885826771649
20
-3.801009803149606
11
7.072099488188976
21
-3.8012249606299213
0
LINE
8
BLACK
6
CONTINUOUS
10
7.072099488188976
20
-3.8012249606299213
11
7.0716923228346458
21
-3.8016320866141733
0
LINE
8
BLACK
6
CONTINUOUS
10
7.0716923228346458
20
-3.8016320866141733
11
7.0706666929133855
21
-3.8029182283464564
0
LINE
8
BLACK
6
CONTINUOUS
10
7.0706666929133855
20
-3.8029182283464564
11
7.070164251968504
21
-3.8031601574803147
0
LINE
8
BLACK
6
CONTINUOUS
10
7.070164251968504
20
-3.8031601574803147
11
7.070122598425197
21
-3.8032018503937008
0
LINE
8
BLACK
6
CONTINUOUS
10
7.070122598425197
20
-3.8032018503937008
11
7.0698018897637791
21
-3.8033346850393701
0
LINE
8
BLACK
6
CONTINUOUS
10
7.0698018897637791
20
-3.8033346850393701
11
7.0677566929133855
21
-3.8043196062992126
0
LINE
8
BLACK
6
CONTINUOUS
10
7.0677566929133855
20
-3.8043196062992126
11
7.0661417322834641
21
-3.8044094488188978
0
LINE
8
BLACK
6
CONTINUOUS
10
7.0661417322834641
20
-3.8044094488188978
11
7.0376771653543306
21
-3.8044094488188978
0
LINE
8
BLACK
6
CONTINUOUS
10
7.0376771653543306
20
-3.8044094488188978
11
7.0360622047244092
21
-3.8043196062992126
0
LINE
8
BLACK
6
CONTINUOUS
10
7.0360622047244092
20
-3.8043196062992126
11
7.0340169685039369
21
-3.8033346850393701
0
LINE
8
BLACK
6
CONTINUOUS
10
7.0340169685039369
20
-3.8033346850393701
11
7.0336962992125986
21
-3.8032018503937008
0
LINE
8
BLACK
6
CONTINUOUS
10
7.0336962992125986
20
-3.8032018503937008
11
7.033654606299212
21
-3.8031601574803147
0
LINE
8
BLACK
6
CONTINUOUS
10
7.033654606299212
20
-3.8031601574803147
11
7.0331522047244093
21
-3.8029182283464564
0
LINE
8
BLACK
6
CONTINUOUS
10
7.0331522047244093
20
-3.8029182283464564
11
7.0321265354330711
21
-3.8016320866141733
0
LINE
8
BLACK
6
CONTINUOUS
10
7.0321265354330711
20
-3.8016320866141733
11
7.0317194094488187
21
-3.8012249606299213
0
LINE
8
BLACK
6
CONTINUOUS
10
7.0317194094488187
20
-3.8012249606299213
11
7.0316302755905511
21
-3.801009803149606
0
LINE
8
BLACK
6
CONTINUOUS
10
7.0316302755905511
20
-3.801009803149606
11
7.0311383858267718
21
-3.800392992125984
0
LINE
8
BLACK
6
CONTINUOUS
10
7.0311383858267718
20
-3.800392992125984
11
7.0308482283464562
21
-3.799121811023622
0
LINE
8
BLACK
6
CONTINUOUS
10
7.0308482283464562
20
-3.799121811023622
11
7.0306494881889758
21
-3.798641968503937
0
LINE
8
BLACK
6
CONTINUOUS
10
7.0306494881889758
20
-3.798641968503937
11
7.0306494881889758
21
-3.7982509448818895
0
LINE
8
BLACK
6
CONTINUOUS
10
7.0306494881889758
20
-3.7982509448818895
11
7.0304196850393703
21
-3.7972440944881889
0
LINE
8
BLACK
6
CONTINUOUS
10
7.0304196850393703
20
-3.7972440944881889
11
7.0306494881889758
21
-3.7962372047244095
0
LINE
8
BLACK
6
CONTINUOUS
10
7.0306494881889758
20
-3.7962372047244095
11
7.0306494881889758
21
-3.7958462204724408
0
LINE
8
BLACK
6
CONTINUOUS
10
7.0306494881889758
20
-3.7958462204724408
11
7.0308482283464562
21
-3.795366338582677
0
LINE
8
BLACK
6
CONTINUOUS
10
7.0308482283464562
20
-3.795366338582677
11
7.0311383858267718
21
-3.7940951968503938
0
LINE
8
BLACK
6
CONTINUOUS
10
7.0311383858267718
20
-3.7940951968503938
11
7.0316302755905511
21
-3.793478346456693
0
LINE
8
BLACK
6
CONTINUOUS
10
7.0316302755905511
20
-3.793478346456693
11
7.0317194094488187
21
-3.7932632283464565
0
LINE
8
BLACK
6
CONTINUOUS
10
7.0317194094488187
20
-3.7932632283464565
11
7.0321265354330711
21
-3.7928560629921257
0
LINE
8
BLACK
6
CONTINUOUS
10
7.0321265354330711
20
-3.7928560629921257
11
7.0331522047244093
21
-3.7915699606299214
0
LINE
8
BLACK
6
CONTINUOUS
10
7.0331522047244093
20
-3.7915699606299214
11
7.033654606299212
21
-3.7913279921259844
0
LINE
8
BLACK
6
CONTINUOUS
10
7.033654606299212
20
-3.7913279921259844
11
7.0336962992125986
21
-3.7912863385826769
0
LINE
8
BLACK
6
CONTINUOUS
10
7.0336962992125986
20
-3.7912863385826769
11
7.0340169685039369
21
-3.7911534645669289
0
LINE
8
BLACK
6
CONTINUOUS
10
7.0340169685039369
20
-3.7911534645669289
11
7.0360622047244092
21
-3.7901685826771652
0
LINE
8
BLACK
6
CONTINUOUS
10
7.0360622047244092
20
-3.7901685826771652
11
7.0376771653543306
21
-3.79007874015748
0
LINE
8
BLACK
6
CONTINUOUS
10
7.0376771653543306
20
-3.79007874015748
11
7.0661417322834641
21
-3.79007874015748
0
LINE
8
BLACK
6
CONTINUOUS
10
7.0661417322834641
20
-3.79007874015748
11
7.0677566929133855
21
-3.7901685826771652
0
LINE
8
BLACK
6
CONTINUOUS
10
7.9294846456692909
20
-3.8041716535433072
11
7.866492519685039
21
-3.8041716535433072
0
LINE
8
BLACK
6
CONTINUOUS
10
7.866492519685039
20
-3.8041716535433072
11
7.866492519685039
21
-3.7742503937007874
0
LINE
8
BLACK
6
CONTINUOUS
10
7.866492519685039
20
-3.7742503937007874
11
7.9294846456692909
21
-3.7742503937007874
0
LINE
8
BLACK
6
CONTINUOUS
10
7.9294846456692909
20
-3.7742503937007874
11
7.9294846456692909
21
-3.8041716535433072
0
LINE
8
BLACK
6
CONTINUOUS
10
8.229878346456692
20
-3.8041716535433072
11
8.1668862204724402
21
-3.8041716535433072
0
LINE
8
BLACK
6
CONTINUOUS
10
8.1668862204724402
20
-3.8041716535433072
11
8.1668862204724402
21
-3.7742503937007874
0
LINE
8
BLACK
6
CONTINUOUS
10
8.1668862204724402
20
-3.7742503937007874
11
8.229878346456692
21
-3.7742503937007874
0
LINE
8
BLACK
6
CONTINUOUS
10
8.229878346456692
20
-3.7742503937007874
11
8.229878346456692
21
-3.8041716535433072
0
LINE
8
BLACK
6
CONTINUOUS
10
5.5892224409448819
20
-3.8038287401574804
11
5.5577263779527559
21
-3.8038287401574804
0
LINE
8
BLACK
6
CONTINUOUS
10
5.5577263779527559
20
-3.8038287401574804
11
5.5577263779527559
21
-3.7683956692913383
0
LINE
8
BLACK
6
CONTINUOUS
10
5.5577263779527559
20
-3.7683956692913383
11
5.5892224409448819
21
-3.7683956692913383
0
LINE
8
BLACK
6
CONTINUOUS
10
5.5892224409448819
20
-3.7683956692913383
11
5.5892224409448819
21
-3.8038287401574804
0
LINE
8
BLACK
6
CONTINUOUS
10
5.6443405511811022
20
-3.8038287401574804
11
5.6128444881889763
21
-3.8038287401574804
0
LINE
8
BLACK
6
CONTINUOUS
10
5.6128444881889763
20
-3.8038287401574804
11
5.6128444881889763
21
-3.7683956692913383
0
LINE
8
BLACK
6
CONTINUOUS
10
5.6128444881889763
20
-3.7683956692913383
11
5.6443405511811022
21
-3.7683956692913383
0
LINE
8
BLACK
6
CONTINUOUS
10
5.6443405511811022
20
-3.7683956692913383
11
5.6443405511811022
21
-3.8038287401574804
0
LINE
8
BLACK
6
CONTINUOUS
10
6.0756897637795273
20
-3.7877670078740158
11
6.0777349606299209
21
-3.7887518897637795
0
LINE
8
BLACK
6
CONTINUOUS
10
6.0777349606299209
20
-3.7887518897637795
11
6.0780556692913388
21
-3.7888847637795275
0
LINE
8
BLACK
6
CONTINUOUS
10
6.0780556692913388
20
-3.7888847637795275
11
6.0780973228346458
21
-3.7889264173228345
0
LINE
8
BLACK
6
CONTINUOUS
10
6.0780973228346458
20
-3.7889264173228345
11
6.0785997637795273
21
-3.7891683858267715
0
LINE
8
BLACK
6
CONTINUOUS
10
6.0785997637795273
20
-3.7891683858267715
11
6.0796253937007876
21
-3.7904544881889763
0
LINE
8
BLACK
6
CONTINUOUS
10
6.0796253937007876
20
-3.7904544881889763
11
6.0800325590551179
21
-3.7908616535433071
0
LINE
8
BLACK
6
CONTINUOUS
10
6.0800325590551179
20
-3.7908616535433071
11
6.0801216535433067
21
-3.7910767716535432
0
LINE
8
BLACK
6
CONTINUOUS
10
6.0801216535433067
20
-3.7910767716535432
11
6.0806135826771648
21
-3.7916936220472439
0
LINE
8
BLACK
6
CONTINUOUS
10
6.0806135826771648
20
-3.7916936220472439
11
6.0809037007874016
21
-3.7929647637795276
0
LINE
8
BLACK
6
CONTINUOUS
10
6.0809037007874016
20
-3.7929647637795276
11
6.0811024803149607
21
-3.7934446456692914
0
LINE
8
BLACK
6
CONTINUOUS
10
6.0811024803149607
20
-3.7934446456692914
11
6.0811024803149607
21
-3.7938356299212597
0
LINE
8
BLACK
6
CONTINUOUS
10
6.0811024803149607
20
-3.7938356299212597
11
6.0813322834645671
21
-3.7948425196850395
0
LINE
8
BLACK
6
CONTINUOUS
10
6.0813322834645671
20
-3.7948425196850395
11
6.0811024803149607
21
-3.7958493700787401
0
LINE
8
BLACK
6
CONTINUOUS
10
6.0811024803149607
20
-3.7958493700787401
11
6.0811024803149607
21
-3.7962403937007871
0
LINE
8
BLACK
6
CONTINUOUS
10
6.0811024803149607
20
-3.7962403937007871
11
6.0809037007874016
21
-3.7967202362204722
0
LINE
8
BLACK
6
CONTINUOUS
10
6.0809037007874016
20
-3.7967202362204722
11
6.0806135826771648
21
-3.7979914173228346
0
LINE
8
BLACK
6
CONTINUOUS
10
6.0806135826771648
20
-3.7979914173228346
11
6.0801216535433067
21
-3.7986082283464566
0
LINE
8
BLACK
6
CONTINUOUS
10
6.0801216535433067
20
-3.7986082283464566
11
6.0800325590551179
21
-3.7988233858267715
0
LINE
8
BLACK
6
CONTINUOUS
10
6.0800325590551179
20
-3.7988233858267715
11
6.0796253937007876
21
-3.7992305118110234
0
LINE
8
BLACK
6
CONTINUOUS
10
6.0796253937007876
20
-3.7992305118110234
11
6.0785997637795273
21
-3.800516653543307
0
LINE
8
BLACK
6
CONTINUOUS
10
6.0785997637795273
20
-3.800516653543307
11
6.0780973228346458
21
-3.8007585826771653
0
LINE
8
BLACK
6
CONTINUOUS
10
6.0780973228346458
20
-3.8007585826771653
11
6.0780556692913388
21
-3.800800275590551
0
LINE
8
BLACK
6
CONTINUOUS
10
6.0780556692913388
20
-3.800800275590551
11
6.0777349606299209
21
-3.8009331102362203
0
LINE
8
BLACK
6
CONTINUOUS
10
6.0777349606299209
20
-3.8009331102362203
11
6.0756897637795273
21
-3.8019180314960628
0
LINE
8
BLACK
6
CONTINUOUS
10
6.0756897637795273
20
-3.8019180314960628
11
6.0740748031496059
21
-3.8020078740157479
0
LINE
8
BLACK
6
CONTINUOUS
10
6.0740748031496059
20
-3.8020078740157479
11
6.0456102362204724
21
-3.8020078740157479
0
LINE
8
BLACK
6
CONTINUOUS
10
6.0456102362204724
20
-3.8020078740157479
11
6.0439952755905511
21
-3.8019180314960628
0
LINE
8
BLACK
6
CONTINUOUS
10
6.0439952755905511
20
-3.8019180314960628
11
6.0419500393700787
21
-3.8009331102362203
0
LINE
8
BLACK
6
CONTINUOUS
10
6.0419500393700787
20
-3.8009331102362203
11
6.0416293700787405
21
-3.800800275590551
0
LINE
8
BLACK
6
CONTINUOUS
10
6.0416293700787405
20
-3.800800275590551
11
6.0415876771653538
21
-3.8007585826771653
0
LINE
8
BLACK
6
CONTINUOUS
10
6.0415876771653538
20
-3.8007585826771653
11
6.0410852755905511
21
-3.800516653543307
0
LINE
8
BLACK
6
CONTINUOUS
10
6.0410852755905511
20
-3.800516653543307
11
6.0400596062992129
21
-3.7992305118110234
0
LINE
8
BLACK
6
CONTINUOUS
10
6.0400596062992129
20
-3.7992305118110234
11
6.0396524803149605
21
-3.7988233858267715
0
LINE
8
BLACK
6
CONTINUOUS
10
6.0396524803149605
20
-3.7988233858267715
11
6.0395633464566929
21
-3.7986082283464566
0
LINE
8
BLACK
6
CONTINUOUS
10
6.0395633464566929
20
-3.7986082283464566
11
6.0390714566929136
21
-3.7979914173228346
0
LINE
8
BLACK
6
CONTINUOUS
10
6.0390714566929136
20
-3.7979914173228346
11
6.038781299212598
21
-3.7967202362204722
0
LINE
8
BLACK
6
CONTINUOUS
10
6.038781299212598
20
-3.7967202362204722
11
6.0385825590551176
21
-3.7962403937007871
0
LINE
8
BLACK
6
CONTINUOUS
10
6.0385825590551176
20
-3.7962403937007871
11
6.0385825590551176
21
-3.7958493700787401
0
LINE
8
BLACK
6
CONTINUOUS
10
6.0385825590551176
20
-3.7958493700787401
11
6.0383527559055112
21
-3.7948425196850395
0
LINE
8
BLACK
6
CONTINUOUS
10
6.0383527559055112
20
-3.7948425196850395
11
6.0385825590551176
21
-3.7938356299212597
0
LINE
8
BLACK
6
CONTINUOUS
10
6.0385825590551176
20
-3.7938356299212597
11
6.0385825590551176
21
-3.7934446456692914
0
LINE
8
BLACK
6
CONTINUOUS
10
6.0385825590551176
20
-3.7934446456692914
11
6.038781299212598
21
-3.7929647637795276
0
LINE
8
BLACK
6
CONTINUOUS
10
6.038781299212598
20
-3.7929647637795276
11
6.0390714566929136
21
-3.7916936220472439
0
LINE
8
BLACK
6
CONTINUOUS
10
6.0390714566929136
20
-3.7916936220472439
11
6.0395633464566929
21
-3.7910767716535432
0
LINE
8
BLACK
6
CONTINUOUS
10
6.0395633464566929
20
-3.7910767716535432
11
6.0396524803149605
21
-3.7908616535433071
0
LINE
8
BLACK
6
CONTINUOUS
10
6.0396524803149605
20
-3.7908616535433071
11
6.0400596062992129
21
-3.7904544881889763
0
LINE
8
BLACK
6
CONTINUOUS
10
6.0400596062992129
20
-3.7904544881889763
11
6.0410852755905511
21
-3.7891683858267715
0
LINE
8
BLACK
6
CONTINUOUS
10
6.0410852755905511
20
-3.7891683858267715
11
6.0415876771653538
21
-3.7889264173228345
0
LINE
8
BLACK
6
CONTINUOUS
10
6.0415876771653538
20
-3.7889264173228345
11
6.0416293700787405
21
-3.7888847637795275
0
LINE
8
BLACK
6
CONTINUOUS
10
6.0416293700787405
20
-3.7888847637795275
11
6.0419500393700787
21
-3.7887518897637795
0
LINE
8
BLACK
6
CONTINUOUS
10
6.0419500393700787
20
-3.7887518897637795
11
6.0439952755905511
21
-3.7877670078740158
0
LINE
8
BLACK
6
CONTINUOUS
10
6.0439952755905511
20
-3.7877670078740158
11
6.0456102362204724
21
-3.7876771653543306
0
LINE
8
BLACK
6
CONTINUOUS
10
6.0456102362204724
20
-3.7876771653543306
11
6.0740748031496059
21
-3.7876771653543306
0
LINE
8
BLACK
6
CONTINUOUS
10
6.0740748031496059
20
-3.7876771653543306
11
6.0756897637795273
21
-3.7877670078740158
0
LINE
8
BLACK
6
CONTINUOUS
10
6.270059842519685
20
-3.7877670078740158
11
6.2721050393700786
21
-3.7887518897637795
0
LINE
8
BLACK
6
CONTINUOUS
10
6.2721050393700786
20
-3.7887518897637795
11
6.2724257480314956
21
-3.7888847637795275
0
LINE
8
BLACK
6
CONTINUOUS
10
6.2724257480314956
20
-3.7888847637795275
11
6.2724674015748034
21
-3.7889264173228345
0
LINE
8
BLACK
6
CONTINUOUS
10
6.2724674015748034
20
-3.7889264173228345
11
6.2729698425196849
21
-3.7891683858267715
0
LINE
8
BLACK
6
CONTINUOUS
10
6.2729698425196849
20
-3.7891683858267715
11
6.2739954724409444
21
-3.7904544881889763
0
LINE
8
BLACK
6
CONTINUOUS
10
6.2739954724409444
20
-3.7904544881889763
11
6.2744026377952755
21
-3.7908616535433071
0
LINE
8
BLACK
6
CONTINUOUS
10
6.2744026377952755
20
-3.7908616535433071
11
6.2744917322834644
21
-3.7910767716535432
0
LINE
8
BLACK
6
CONTINUOUS
10
6.2744917322834644
20
-3.7910767716535432
11
6.2749836614173224
21
-3.7916936220472439
0
LINE
8
BLACK
6
CONTINUOUS
10
6.2749836614173224
20
-3.7916936220472439
11
6.2752737795275593
21
-3.7929647637795276
0
LINE
8
BLACK
6
CONTINUOUS
10
6.2752737795275593
20
-3.7929647637795276
11
6.2754725590551184
21
-3.7934446456692914
0
LINE
8
BLACK
6
CONTINUOUS
10
6.2754725590551184
20
-3.7934446456692914
11
6.2754725590551184
21
-3.7938356299212597
0
LINE
8
BLACK
6
CONTINUOUS
10
6.2754725590551184
20
-3.7938356299212597
11
6.2757023622047239
21
-3.7948425196850395
0
LINE
8
BLACK
6
CONTINUOUS
10
6.2757023622047239
20
-3.7948425196850395
11
6.2754725590551184
21
-3.7958493700787401
0
LINE
8
BLACK
6
CONTINUOUS
10
6.2754725590551184
20
-3.7958493700787401
11
6.2754725590551184
21
-3.7962403937007871
0
LINE
8
BLACK
6
CONTINUOUS
10
6.2754725590551184
20
-3.7962403937007871
11
6.2752737795275593
21
-3.7967202362204722
0
LINE
8
BLACK
6
CONTINUOUS
10
6.2752737795275593
20
-3.7967202362204722
11
6.2749836614173224
21
-3.7979914173228346
0
LINE
8
BLACK
6
CONTINUOUS
10
6.2749836614173224
20
-3.7979914173228346
11
6.2744917322834644
21
-3.7986082283464566
0
LINE
8
BLACK
6
CONTINUOUS
10
6.2744917322834644
20
-3.7986082283464566
11
6.2744026377952755
21
-3.7988233858267715
0
LINE
8
BLACK
6
CONTINUOUS
10
6.2744026377952755
20
-3.7988233858267715
11
6.2739954724409444
21
-3.7992305118110234
0
LINE
8
BLACK
6
CONTINUOUS
10
6.2739954724409444
20
-3.7992305118110234
11
6.2729698425196849
21
-3.800516653543307
0
LINE
8
BLACK
6
CONTINUOUS
10
6.2729698425196849
20
-3.800516653543307
11
6.2724674015748034
21
-3.8007585826771653
0
LINE
8
BLACK
6
CONTINUOUS
10
6.2724674015748034
20
-3.8007585826771653
11
6.2724257480314956
21
-3.800800275590551
0
LINE
8
BLACK
6
CONTINUOUS
10
6.2724257480314956
20
-3.800800275590551
11
6.2721050393700786
21
-3.8009331102362203
0
LINE
8
BLACK
6
CONTINUOUS
10
6.2721050393700786
20
-3.8009331102362203
11
6.270059842519685
21
-3.8019180314960628
0
LINE
8
BLACK
6
CONTINUOUS
10
6.270059842519685
20
-3.8019180314960628
11
6.2684448818897636
21
-3.8020078740157479
0
LINE
8
BLACK
6
CONTINUOUS
10
6.2684448818897636
20
-3.8020078740157479
11
6.2399803149606301
21
-3.8020078740157479
0
LINE
8
BLACK
6
CONTINUOUS
10
6.2399803149606301
20
-3.8020078740157479
11
6.2383653543307087
21
-3.8019180314960628
0
LINE
8
BLACK
6
CONTINUOUS
10
6.2383653543307087
20
-3.8019180314960628
11
6.2363201181102363
21
-3.8009331102362203
0
LINE
8
BLACK
6
CONTINUOUS
10
6.2363201181102363
20
-3.8009331102362203
11
6.2359994488188972
21
-3.800800275590551
0
LINE
8
BLACK
6
CONTINUOUS
10
6.2359994488188972
20
-3.800800275590551
11
6.2359577559055115
21
-3.8007585826771653
0
LINE
8
BLACK
6
CONTINUOUS
10
6.2359577559055115
20
-3.8007585826771653
11
6.2354553543307087
21
-3.800516653543307
0
LINE
8
BLACK
6
CONTINUOUS
10
6.2354553543307087
20
-3.800516653543307
11
6.2344296850393697
21
-3.7992305118110234
0
LINE
8
BLACK
6
CONTINUOUS
10
6.2344296850393697
20
-3.7992305118110234
11
6.2340225590551182
21
-3.7988233858267715
0
LINE
8
BLACK
6
CONTINUOUS
10
6.2340225590551182
20
-3.7988233858267715
11
6.2339334251968506
21
-3.7986082283464566
0
LINE
8
BLACK
6
CONTINUOUS
10
6.2339334251968506
20
-3.7986082283464566
11
6.2334415354330703
21
-3.7979914173228346
0
LINE
8
BLACK
6
CONTINUOUS
10
6.2334415354330703
20
-3.7979914173228346
11
6.2331513779527556
21
-3.7967202362204722
0
LINE
8
BLACK
6
CONTINUOUS
10
6.2331513779527556
20
-3.7967202362204722
11
6.2329526377952753
21
-3.7962403937007871
0
LINE
8
BLACK
6
CONTINUOUS
10
6.2329526377952753
20
-3.7962403937007871
11
6.2329526377952753
21
-3.7958493700787401
0
LINE
8
BLACK
6
CONTINUOUS
10
6.2329526377952753
20
-3.7958493700787401
11
6.2327228346456689
21
-3.7948425196850395
0
LINE
8
BLACK
6
CONTINUOUS
10
6.2327228346456689
20
-3.7948425196850395
11
6.2329526377952753
21
-3.7938356299212597
0
LINE
8
BLACK
6
CONTINUOUS
10
6.2329526377952753
20
-3.7938356299212597
11
6.2329526377952753
21
-3.7934446456692914
0
LINE
8
BLACK
6
CONTINUOUS
10
6.2329526377952753
20
-3.7934446456692914
11
6.2331513779527556
21
-3.7929647637795276
0
LINE
8
BLACK
6
CONTINUOUS
10
6.2331513779527556
20
-3.7929647637795276
11
6.2334415354330703
21
-3.7916936220472439
0
LINE
8
BLACK
6
CONTINUOUS
10
6.2334415354330703
20
-3.7916936220472439
11
6.2339334251968506
21
-3.7910767716535432
0
LINE
8
BLACK
6
CONTINUOUS
10
6.2339334251968506
20
-3.7910767716535432
11
6.2340225590551182
21
-3.7908616535433071
0
LINE
8
BLACK
6
CONTINUOUS
10
6.2340225590551182
20
-3.7908616535433071
11
6.2344296850393697
21
-3.7904544881889763
0
LINE
8
BLACK
6
CONTINUOUS
10
6.2344296850393697
20
-3.7904544881889763
11
6.2354553543307087
21
-3.7891683858267715
0
LINE
8
BLACK
6
CONTINUOUS
10
6.2354553543307087
20
-3.7891683858267715
11
6.2359577559055115
21
-3.7889264173228345
0
LINE
8
BLACK
6
CONTINUOUS
10
6.2359577559055115
20
-3.7889264173228345
11
6.2359994488188972
21
-3.7888847637795275
0
LINE
8
BLACK
6
CONTINUOUS
10
6.2359994488188972
20
-3.7888847637795275
11
6.2363201181102363
21
-3.7887518897637795
0
LINE
8
BLACK
6
CONTINUOUS
10
6.2363201181102363
20
-3.7887518897637795
11
6.2383653543307087
21
-3.7877670078740158
0
LINE
8
BLACK
6
CONTINUOUS
10
6.2383653543307087
20
-3.7877670078740158
11
6.2399803149606301
21
-3.7876771653543306
0
LINE
8
BLACK
6
CONTINUOUS
10
6.2399803149606301
20
-3.7876771653543306
11
6.2684448818897636
21
-3.7876771653543306
0
LINE
8
BLACK
6
CONTINUOUS
10
6.2684448818897636
20
-3.7876771653543306
11
6.270059842519685
21
-3.7877670078740158
0
LINE
8
BLACK
6
CONTINUOUS
10
7.1493799212598423
20
-3.8018602362204725
11
7.1178838582677164
21
-3.8018602362204725
0
LINE
8
BLACK
6
CONTINUOUS
10
7.1178838582677164
20
-3.8018602362204725
11
7.1178838582677164
21
-3.7664271653543304
0
LINE
8
BLACK
6
CONTINUOUS
10
7.1178838582677164
20
-3.7664271653543304
11
7.1493799212598423
21
-3.7664271653543304
0
LINE
8
BLACK
6
CONTINUOUS
10
7.1493799212598423
20
-3.7664271653543304
11
7.1493799212598423
21
-3.8018602362204725
0
LINE
8
BLACK
6
CONTINUOUS
10
7.2044980314960627
20
-3.8018602362204725
11
7.1730019685039368
21
-3.8018602362204725
0
LINE
8
BLACK
6
CONTINUOUS
10
7.1730019685039368
20
-3.8018602362204725
11
7.1730019685039368
21
-3.7664271653543304
0
LINE
8
BLACK
6
CONTINUOUS
10
7.1730019685039368
20
-3.7664271653543304
11
7.2044980314960627
21
-3.7664271653543304
0
LINE
8
BLACK
6
CONTINUOUS
10
7.2044980314960627
20
-3.7664271653543304
11
7.2044980314960627
21
-3.8018602362204725
0
LINE
8
BLACK
6
CONTINUOUS
10
6.3624803149606297
20
-3.8007480314960631
11
6.3309842519685038
21
-3.8007480314960631
0
LINE
8
BLACK
6
CONTINUOUS
10
6.3309842519685038
20
-3.8007480314960631
11
6.3309842519685038
21
-3.765314960629921
0
LINE
8
BLACK
6
CONTINUOUS
10
6.3309842519685038
20
-3.765314960629921
11
6.3624803149606297
21
-3.765314960629921
0
LINE
8
BLACK
6
CONTINUOUS
10
6.3624803149606297
20
-3.765314960629921
11
6.3624803149606297
21
-3.8007480314960631
0
LINE
8
BLACK
6
CONTINUOUS
10
6.4175984251968501
20
-3.8007480314960631
11
6.3861023622047242
21
-3.8007480314960631
0
LINE
8
BLACK
6
CONTINUOUS
10
6.3861023622047242
20
-3.8007480314960631
11
6.3861023622047242
21
-3.765314960629921
0
LINE
8
BLACK
6
CONTINUOUS
10
6.3861023622047242
20
-3.765314960629921
11
6.4175984251968501
21
-3.765314960629921
0
LINE
8
BLACK
6
CONTINUOUS
10
6.4175984251968501
20
-3.765314960629921
11
6.4175984251968501
21
-3.8007480314960631
0
LINE
8
BLACK
6
CONTINUOUS
10
7.611122834645669
20
-3.78383
11
7.6131680314960626
21
-3.7848148818897638
0
LINE
8
BLACK
6
CONTINUOUS
10
7.6131680314960626
20
-3.7848148818897638
11
7.6134887401574804
21
-3.7849477559055118
0
LINE
8
BLACK
6
CONTINUOUS
10
7.6134887401574804
20
-3.7849477559055118
11
7.6135303937007874
21
-3.7849894094488188
0
LINE
8
BLACK
6
CONTINUOUS
10
7.6135303937007874
20
-3.7849894094488188
11
7.6140328346456689
21
-3.7852313779527558
0
LINE
8
BLACK
6
CONTINUOUS
10
7.6140328346456689
20
-3.7852313779527558
11
7.6150584645669293
21
-3.7865174803149606
0
LINE
8
BLACK
6
CONTINUOUS
10
7.6150584645669293
20
-3.7865174803149606
11
7.6154656299212595
21
-3.7869246456692913
0
LINE
8
BLACK
6
CONTINUOUS
10
7.6154656299212595
20
-3.7869246456692913
11
7.6155547244094484
21
-3.7871397637795274
0
LINE
8
BLACK
6
CONTINUOUS
10
7.6155547244094484
20
-3.7871397637795274
11
7.6160466535433073
21
-3.7877566141732282
0
LINE
8
BLACK
6
CONTINUOUS
10
7.6160466535433073
20
-3.7877566141732282
11
7.6163367716535433
21
-3.7890277559055119
0
LINE
8
BLACK
6
CONTINUOUS
10
7.6163367716535433
20
-3.7890277559055119
11
7.6165355511811024
21
-3.7895076377952757
0
LINE
8
BLACK
6
CONTINUOUS
10
7.6165355511811024
20
-3.7895076377952757
11
7.6165355511811024
21
-3.7898986220472439
0
LINE
8
BLACK
6
CONTINUOUS
10
7.6165355511811024
20
-3.7898986220472439
11
7.6167653543307088
21
-3.7909055118110238
0
LINE
8
BLACK
6
CONTINUOUS
10
7.6167653543307088
20
-3.7909055118110238
11
7.6165355511811024
21
-3.7919123622047244
0
LINE
8
BLACK
6
CONTINUOUS
10
7.6165355511811024
20
-3.7919123622047244
11
7.6165355511811024
21
-3.7923033858267714
0
LINE
8
BLACK
6
CONTINUOUS
10
7.6165355511811024
20
-3.7923033858267714
11
7.6163367716535433
21
-3.7927832283464564
0
LINE
8
BLACK
6
CONTINUOUS
10
7.6163367716535433
20
-3.7927832283464564
11
7.6160466535433073
21
-3.7940544094488189
0
LINE
8
BLACK
6
CONTINUOUS
10
7.6160466535433073
20
-3.7940544094488189
11
7.6155547244094484
21
-3.7946712204724409
0
LINE
8
BLACK
6
CONTINUOUS
10
7.6155547244094484
20
-3.7946712204724409
11
7.6154656299212595
21
-3.7948863779527557
0
LINE
8
BLACK
6
CONTINUOUS
10
7.6154656299212595
20
-3.7948863779527557
11
7.6150584645669293
21
-3.7952935039370077
0
LINE
8
BLACK
6
CONTINUOUS
10
7.6150584645669293
20
-3.7952935039370077
11
7.6140328346456689
21
-3.7965796456692913
0
LINE
8
BLACK
6
CONTINUOUS
10
7.6140328346456689
20
-3.7965796456692913
11
7.6135303937007874
21
-3.7968215748031495
0
LINE
8
BLACK
6
CONTINUOUS
10
7.6135303937007874
20
-3.7968215748031495
11
7.6134887401574804
21
-3.7968632677165353
0
LINE
8
BLACK
6
CONTINUOUS
10
7.6134887401574804
20
-3.7968632677165353
11
7.6131680314960626
21
-3.7969961023622045
0
LINE
8
BLACK
6
CONTINUOUS
10
7.6131680314960626
20
-3.7969961023622045
11
7.611122834645669
21
-3.797981023622047
0
LINE
8
BLACK
6
CONTINUOUS
10
7.611122834645669
20
-3.797981023622047
11
7.6095078740157476
21
-3.7980708661417322
0
LINE
8
BLACK
6
CONTINUOUS
10
7.6095078740157476
20
-3.7980708661417322
11
7.5810433070866141
21
-3.7980708661417322
0
LINE
8
BLACK
6
CONTINUOUS
10
7.5810433070866141
20
-3.7980708661417322
11
7.5794283464566927
21
-3.797981023622047
0
LINE
8
BLACK
6
CONTINUOUS
10
7.5794283464566927
20
-3.797981023622047
11
7.5773831102362204
21
-3.7969961023622045
0
LINE
8
BLACK
6
CONTINUOUS
10
7.5773831102362204
20
-3.7969961023622045
11
7.5770624409448821
21
-3.7968632677165353
0
LINE
8
BLACK
6
CONTINUOUS
10
7.5770624409448821
20
-3.7968632677165353
11
7.5770207480314955
21
-3.7968215748031495
0
LINE
8
BLACK
6
CONTINUOUS
10
7.5770207480314955
20
-3.7968215748031495
11
7.5765183464566928
21
-3.7965796456692913
0
LINE
8
BLACK
6
CONTINUOUS
10
7.5765183464566928
20
-3.7965796456692913
11
7.5754926771653546
21
-3.7952935039370077
0
LINE
8
BLACK
6
CONTINUOUS
10
7.5754926771653546
20
-3.7952935039370077
11
7.5750855511811022
21
-3.7948863779527557
0
LINE
8
BLACK
6
CONTINUOUS
10
7.5750855511811022
20
-3.7948863779527557
11
7.5749964173228346
21
-3.7946712204724409
0
LINE
8
BLACK
6
CONTINUOUS
10
7.5749964173228346
20
-3.7946712204724409
11
7.5745045275590552
21
-3.7940544094488189
0
LINE
8
BLACK
6
CONTINUOUS
10
7.5745045275590552
20
-3.7940544094488189
11
7.5742143700787397
21
-3.7927832283464564
0
LINE
8
BLACK
6
CONTINUOUS
10
7.5742143700787397
20
-3.7927832283464564
11
7.5740156299212593
21
-3.7923033858267714
0
LINE
8
BLACK
6
CONTINUOUS
10
7.5740156299212593
20
-3.7923033858267714
11
7.5740156299212593
21
-3.7919123622047244
0
LINE
8
BLACK
6
CONTINUOUS
10
7.5740156299212593
20
-3.7919123622047244
11
7.5737858267716538
21
-3.7909055118110238
0
LINE
8
BLACK
6
CONTINUOUS
10
7.5737858267716538
20
-3.7909055118110238
11
7.5740156299212593
21
-3.7898986220472439
0
LINE
8
BLACK
6
CONTINUOUS
10
7.5740156299212593
20
-3.7898986220472439
11
7.5740156299212593
21
-3.7895076377952757
0
LINE
8
BLACK
6
CONTINUOUS
10
7.5740156299212593
20
-3.7895076377952757
11
7.5742143700787397
21
-3.7890277559055119
0
LINE
8
BLACK
6
CONTINUOUS
10
7.5742143700787397
20
-3.7890277559055119
11
7.5745045275590552
21
-3.7877566141732282
0
LINE
8
BLACK
6
CONTINUOUS
10
7.5745045275590552
20
-3.7877566141732282
11
7.5749964173228346
21
-3.7871397637795274
0
LINE
8
BLACK
6
CONTINUOUS
10
7.5749964173228346
20
-3.7871397637795274
11
7.5750855511811022
21
-3.7869246456692913
0
LINE
8
BLACK
6
CONTINUOUS
10
7.5750855511811022
20
-3.7869246456692913
11
7.5754926771653546
21
-3.7865174803149606
0
LINE
8
BLACK
6
CONTINUOUS
10
7.5754926771653546
20
-3.7865174803149606
11
7.5765183464566928
21
-3.7852313779527558
0
LINE
8
BLACK
6
CONTINUOUS
10
7.5765183464566928
20
-3.7852313779527558
11
7.5770207480314955
21
-3.7849894094488188
0
LINE
8
BLACK
6
CONTINUOUS
10
7.5770207480314955
20
-3.7849894094488188
11
7.5770624409448821
21
-3.7849477559055118
0
LINE
8
BLACK
6
CONTINUOUS
10
7.5770624409448821
20
-3.7849477559055118
11
7.5773831102362204
21
-3.7848148818897638
0
LINE
8
BLACK
6
CONTINUOUS
10
7.5773831102362204
20
-3.7848148818897638
11
7.5794283464566927
21
-3.78383
0
LINE
8
BLACK
6
CONTINUOUS
10
7.5794283464566927
20
-3.78383
11
7.5810433070866141
21
-3.7837401574803149
0
LINE
8
BLACK
6
CONTINUOUS
10
7.5810433070866141
20
-3.7837401574803149
11
7.6095078740157476
21
-3.7837401574803149
0
LINE
8
BLACK
6
CONTINUOUS
10
7.6095078740157476
20
-3.7837401574803149
11
7.611122834645669
21
-3.78383
0
LINE
8
BLACK
6
CONTINUOUS
10
7.8054929133858266
20
-3.78383
11
7.8075381102362202
21
-3.7848148818897638
0
LINE
8
BLACK
6
CONTINUOUS
10
7.8075381102362202
20
-3.7848148818897638
11
7.8078588188976372
21
-3.7849477559055118
0
LINE
8
BLACK
6
CONTINUOUS
10
7.8078588188976372
20
-3.7849477559055118
11
7.8079004724409451
21
-3.7849894094488188
0
LINE
8
BLACK
6
CONTINUOUS
10
7.8079004724409451
20
-3.7849894094488188
11
7.8084029133858266
21
-3.7852313779527558
0
LINE
8
BLACK
6
CONTINUOUS
10
7.8084029133858266
20
-3.7852313779527558
11
7.809428543307086
21
-3.7865174803149606
0
LINE
8
BLACK
6
CONTINUOUS
10
7.809428543307086
20
-3.7865174803149606
11
7.8098357086614172
21
-3.7869246456692913
0
LINE
8
BLACK
6
CONTINUOUS
10
7.8098357086614172
20
-3.7869246456692913
11
7.809924803149606
21
-3.7871397637795274
0
LINE
8
BLACK
6
CONTINUOUS
10
7.809924803149606
20
-3.7871397637795274
11
7.8104167322834641
21
-3.7877566141732282
0
LINE
8
BLACK
6
CONTINUOUS
10
7.8104167322834641
20
-3.7877566141732282
11
7.8107068503937009
21
-3.7890277559055119
0
LINE
8
BLACK
6
CONTINUOUS
10
7.8107068503937009
20
-3.7890277559055119
11
7.81090562992126
21
-3.7895076377952757
0
LINE
8
BLACK
6
CONTINUOUS
10
7.81090562992126
20
-3.7895076377952757
11
7.81090562992126
21
-3.7898986220472439
0
LINE
8
BLACK
6
CONTINUOUS
10
7.81090562992126
20
-3.7898986220472439
11
7.8111354330708656
21
-3.7909055118110238
0
LINE
8
BLACK
6
CONTINUOUS
10
7.8111354330708656
20
-3.7909055118110238
11
7.81090562992126
21
-3.7919123622047244
0
LINE
8
BLACK
6
CONTINUOUS
10
7.81090562992126
20
-3.7919123622047244
11
7.81090562992126
21
-3.7923033858267714
0
LINE
8
BLACK
6
CONTINUOUS
10
7.81090562992126
20
-3.7923033858267714
11
7.8107068503937009
21
-3.7927832283464564
0
LINE
8
BLACK
6
CONTINUOUS
10
7.8107068503937009
20
-3.7927832283464564
11
7.8104167322834641
21
-3.7940544094488189
0
LINE
8
BLACK
6
CONTINUOUS
10
7.8104167322834641
20
-3.7940544094488189
11
7.809924803149606
21
-3.7946712204724409
0
LINE
8
BLACK
6
CONTINUOUS
10
7.809924803149606
20
-3.7946712204724409
11
7.8098357086614172
21
-3.7948863779527557
0
LINE
8
BLACK
6
CONTINUOUS
10
7.8098357086614172
20
-3.7948863779527557
11
7.809428543307086
21
-3.7952935039370077
0
LINE
8
BLACK
6
CONTINUOUS
10
7.809428543307086
20
-3.7952935039370077
11
7.8084029133858266
21
-3.7965796456692913
0
LINE
8
BLACK
6
CONTINUOUS
10
7.8084029133858266
20
-3.7965796456692913
11
7.8079004724409451
21
-3.7968215748031495
0
LINE
8
BLACK
6
CONTINUOUS
10
7.8079004724409451
20
-3.7968215748031495
11
7.8078588188976372
21
-3.7968632677165353
0
LINE
8
BLACK
6
CONTINUOUS
10
7.8078588188976372
20
-3.7968632677165353
11
7.8075381102362202
21
-3.7969961023622045
0
LINE
8
BLACK
6
CONTINUOUS
10
7.8075381102362202
20
-3.7969961023622045
11
7.8054929133858266
21
-3.797981023622047
0
LINE
8
BLACK
6
CONTINUOUS
10
7.8054929133858266
20
-3.797981023622047
11
7.8038779527559052
21
-3.7980708661417322
0
LINE
8
BLACK
6
CONTINUOUS
10
7.8038779527559052
20
-3.7980708661417322
11
7.7754133858267718
21
-3.7980708661417322
0
LINE
8
BLACK
6
CONTINUOUS
10
7.7754133858267718
20
-3.7980708661417322
11
7.7737984251968504
21
-3.797981023622047
0
LINE
8
BLACK
6
CONTINUOUS
10
7.7737984251968504
20
-3.797981023622047
11
7.771753188976378
21
-3.7969961023622045
0
LINE
8
BLACK
6
CONTINUOUS
10
7.771753188976378
20
-3.7969961023622045
11
7.7714325196850389
21
-3.7968632677165353
0
LINE
8
BLACK
6
CONTINUOUS
10
7.7714325196850389
20
-3.7968632677165353
11
7.7713908267716532
21
-3.7968215748031495
0
LINE
8
BLACK
6
CONTINUOUS
10
7.7713908267716532
20
-3.7968215748031495
11
7.7708884251968504
21
-3.7965796456692913
0
LINE
8
BLACK
6
CONTINUOUS
10
7.7708884251968504
20
-3.7965796456692913
11
7.7698627559055113
21
-3.7952935039370077
0
LINE
8
BLACK
6
CONTINUOUS
10
7.7698627559055113
20
-3.7952935039370077
11
7.7694556299212598
21
-3.7948863779527557
0
LINE
8
BLACK
6
CONTINUOUS
10
7.7694556299212598
20
-3.7948863779527557
11
7.7693664960629922
21
-3.7946712204724409
0
LINE
8
BLACK
6
CONTINUOUS
10
7.7693664960629922
20
-3.7946712204724409
11
7.768874606299212
21
-3.7940544094488189
0
LINE
8
BLACK
6
CONTINUOUS
10
7.768874606299212
20
-3.7940544094488189
11
7.7685844488188973
21
-3.7927832283464564
0
LINE
8
BLACK
6
CONTINUOUS
10
7.7685844488188973
20
-3.7927832283464564
11
7.768385708661417
21
-3.7923033858267714
0
LINE
8
BLACK
6
CONTINUOUS
10
7.768385708661417
20
-3.7923033858267714
11
7.768385708661417
21
-3.7919123622047244
0
LINE
8
BLACK
6
CONTINUOUS
10
7.768385708661417
20
-3.7919123622047244
11
7.7681559055118106
21
-3.7909055118110238
0
LINE
8
BLACK
6
CONTINUOUS
10
7.7681559055118106
20
-3.7909055118110238
11
7.768385708661417
21
-3.7898986220472439
0
LINE
8
BLACK
6
CONTINUOUS
10
7.768385708661417
20
-3.7898986220472439
11
7.768385708661417
21
-3.7895076377952757
0
LINE
8
BLACK
6
CONTINUOUS
10
7.768385708661417
20
-3.7895076377952757
11
7.7685844488188973
21
-3.7890277559055119
0
LINE
8
BLACK
6
CONTINUOUS
10
7.7685844488188973
20
-3.7890277559055119
11
7.768874606299212
21
-3.7877566141732282
0
LINE
8
BLACK
6
CONTINUOUS
10
7.768874606299212
20
-3.7877566141732282
11
7.7693664960629922
21
-3.7871397637795274
0
LINE
8
BLACK
6
CONTINUOUS
10
7.7693664960629922
20
-3.7871397637795274
11
7.7694556299212598
21
-3.7869246456692913
0
LINE
8
BLACK
6
CONTINUOUS
10
7.7694556299212598
20
-3.7869246456692913
11
7.7698627559055113
21
-3.7865174803149606
0
LINE
8
BLACK
6
CONTINUOUS
10
7.7698627559055113
20
-3.7865174803149606
11
7.7708884251968504
21
-3.7852313779527558
0
LINE
8
BLACK
6
CONTINUOUS
10
7.7708884251968504
20
-3.7852313779527558
11
7.7713908267716532
21
-3.7849894094488188
0
LINE
8
BLACK
6
CONTINUOUS
10
7.7713908267716532
20
-3.7849894094488188
11
7.7714325196850389
21
-3.7849477559055118
0
LINE
8
BLACK
6
CONTINUOUS
10
7.7714325196850389
20
-3.7849477559055118
11
7.771753188976378
21
-3.7848148818897638
0
LINE
8
BLACK
6
CONTINUOUS
10
7.771753188976378
20
-3.7848148818897638
11
7.7737984251968504
21
-3.78383
0
LINE
8
BLACK
6
CONTINUOUS
10
7.7737984251968504
20
-3.78383
11
7.7754133858267718
21
-3.7837401574803149
0
LINE
8
BLACK
6
CONTINUOUS
10
7.7754133858267718
20
-3.7837401574803149
11
7.8038779527559052
21
-3.7837401574803149
0
LINE
8
BLACK
6
CONTINUOUS
10
7.8038779527559052
20
-3.7837401574803149
11
7.8054929133858266
21
-3.78383
0
LINE
8
BLACK
6
CONTINUOUS
10
5.3202370078740158
20
-3.7645780314960628
11
5.3222822047244094
21
-3.7655629133858266
0
LINE
8
BLACK
6
CONTINUOUS
10
5.3222822047244094
20
-3.7655629133858266
11
5.3226029133858264
21
-3.7656957874015746
0
LINE
8
BLACK
6
CONTINUOUS
10
5.3226029133858264
20
-3.7656957874015746
11
5.3226445669291333
21
-3.7657374409448816
0
LINE
8
BLACK
6
CONTINUOUS
10
5.3226445669291333
20
-3.7657374409448816
11
5.3231470078740157
21
-3.7659794094488186
0
LINE
8
BLACK
6
CONTINUOUS
10
5.3231470078740157
20
-3.7659794094488186
11
5.3241726377952752
21
-3.7672655118110234
0
LINE
8
BLACK
6
CONTINUOUS
10
5.3241726377952752
20
-3.7672655118110234
11
5.3245798031496063
21
-3.7676726771653541
0
LINE
8
BLACK
6
CONTINUOUS
10
5.3245798031496063
20
-3.7676726771653541
11
5.3246688976377952
21
-3.7678877952755903
0
LINE
8
BLACK
6
CONTINUOUS
10
5.3246688976377952
20
-3.7678877952755903
11
5.3251608267716533
21
-3.7685046456692914
0
LINE
8
BLACK
6
CONTINUOUS
10
5.3251608267716533
20
-3.7685046456692914
11
5.3254509448818901
21
-3.7697757874015747
0
LINE
8
BLACK
6
CONTINUOUS
10
5.3254509448818901
20
-3.7697757874015747
11
5.3256497244094483
21
-3.7702556692913385
0
LINE
8
BLACK
6
CONTINUOUS
10
5.3256497244094483
20
-3.7702556692913385
11
5.3256497244094483
21
-3.7706466535433072
0
LINE
8
BLACK
6
CONTINUOUS
10
5.3256497244094483
20
-3.7706466535433072
11
5.3258795275590547
21
-3.7716535433070866
0
LINE
8
BLACK
6
CONTINUOUS
10
5.3258795275590547
20
-3.7716535433070866
11
5.3256497244094483
21
-3.7726603937007872
0
LINE
8
BLACK
6
CONTINUOUS
10
5.3256497244094483
20
-3.7726603937007872
11
5.3256497244094483
21
-3.7730514173228347
0
LINE
8
BLACK
6
CONTINUOUS
10
5.3256497244094483
20
-3.7730514173228347
11
5.3254509448818901
21
-3.7735312598425197
0
LINE
8
BLACK
6
CONTINUOUS
10
5.3254509448818901
20
-3.7735312598425197
11
5.3251608267716533
21
-3.7748024409448817
0
LINE
8
BLACK
6
CONTINUOUS
10
5.3251608267716533
20
-3.7748024409448817
11
5.3246688976377952
21
-3.7754192519685037
0
LINE
8
BLACK
6
CONTINUOUS
10
5.3246688976377952
20
-3.7754192519685037
11
5.3245798031496063
21
-3.775634409448819
0
LINE
8
BLACK
6
CONTINUOUS
10
5.3245798031496063
20
-3.775634409448819
11
5.3241726377952752
21
-3.776041535433071
0
LINE
8
BLACK
6
CONTINUOUS
10
5.3241726377952752
20
-3.776041535433071
11
5.3231470078740157
21
-3.7773276771653541
0
LINE
8
BLACK
6
CONTINUOUS
10
5.3231470078740157
20
-3.7773276771653541
11
5.3226445669291333
21
-3.7775696062992123
0
LINE
8
BLACK
6
CONTINUOUS
10
5.3226445669291333
20
-3.7775696062992123
11
5.3226029133858264
21
-3.7776112992125985
0
LINE
8
BLACK
6
CONTINUOUS
10
5.3226029133858264
20
-3.7776112992125985
11
5.3222822047244094
21
-3.7777441338582678
0
LINE
8
BLACK
6
CONTINUOUS
10
5.3222822047244094
20
-3.7777441338582678
11
5.3202370078740158
21
-3.7787290551181103
0
LINE
8
BLACK
6
CONTINUOUS
10
5.3202370078740158
20
-3.7787290551181103
11
5.3186220472440944
21
-3.778818897637795
0
LINE
8
BLACK
6
CONTINUOUS
10
5.3186220472440944
20
-3.778818897637795
11
5.2901574803149609
21
-3.778818897637795
0
LINE
8
BLACK
6
CONTINUOUS
10
5.2901574803149609
20
-3.778818897637795
11
5.2885425196850395
21
-3.7787290551181103
0
LINE
8
BLACK
6
CONTINUOUS
10
5.2885425196850395
20
-3.7787290551181103
11
5.2864972834645672
21
-3.7777441338582678
0
LINE
8
BLACK
6
CONTINUOUS
10
5.2864972834645672
20
-3.7777441338582678
11
5.286176614173228
21
-3.7776112992125985
0
LINE
8
BLACK
6
CONTINUOUS
10
5.286176614173228
20
-3.7776112992125985
11
5.2861349212598423
21
-3.7775696062992123
0
LINE
8
BLACK
6
CONTINUOUS
10
5.2861349212598423
20
-3.7775696062992123
11
5.2856325196850396
21
-3.7773276771653541
0
LINE
8
BLACK
6
CONTINUOUS
10
5.2856325196850396
20
-3.7773276771653541
11
5.2846068503937005
21
-3.776041535433071
0
LINE
8
BLACK
6
CONTINUOUS
10
5.2846068503937005
20
-3.776041535433071
11
5.284199724409449
21
-3.775634409448819
0
LINE
8
BLACK
6
CONTINUOUS
10
5.284199724409449
20
-3.775634409448819
11
5.2841105905511814
21
-3.7754192519685037
0
LINE
8
BLACK
6
CONTINUOUS
10
5.2841105905511814
20
-3.7754192519685037
11
5.2836187007874011
21
-3.7748024409448817
0
LINE
8
BLACK
6
CONTINUOUS
10
5.2836187007874011
20
-3.7748024409448817
11
5.2833285433070865
21
-3.7735312598425197
0
LINE
8
BLACK
6
CONTINUOUS
10
5.2833285433070865
20
-3.7735312598425197
11
5.2831298031496061
21
-3.7730514173228347
0
LINE
8
BLACK
6
CONTINUOUS
10
5.2831298031496061
20
-3.7730514173228347
11
5.2831298031496061
21
-3.7726603937007872
0
LINE
8
BLACK
6
CONTINUOUS
10
5.2831298031496061
20
-3.7726603937007872
11
5.2828999999999997
21
-3.7716535433070866
0
LINE
8
BLACK
6
CONTINUOUS
10
5.2828999999999997
20
-3.7716535433070866
11
5.2831298031496061
21
-3.7706466535433072
0
LINE
8
BLACK
6
CONTINUOUS
10
5.2831298031496061
20
-3.7706466535433072
11
5.2831298031496061
21
-3.7702556692913385
0
LINE
8
BLACK
6
CONTINUOUS
10
5.2831298031496061
20
-3.7702556692913385
11
5.2833285433070865
21
-3.7697757874015747
0
LINE
8
BLACK
6
CONTINUOUS
10
5.2833285433070865
20
-3.7697757874015747
11
5.2836187007874011
21
-3.7685046456692914
0
LINE
8
BLACK
6
CONTINUOUS
10
5.2836187007874011
20
-3.7685046456692914
11
5.2841105905511814
21
-3.7678877952755903
0
LINE
8
BLACK
6
CONTINUOUS
10
5.2841105905511814
20
-3.7678877952755903
11
5.284199724409449
21
-3.7676726771653541
0
LINE
8
BLACK
6
CONTINUOUS
10
5.284199724409449
20
-3.7676726771653541
11
5.2846068503937005
21
-3.7672655118110234
0
LINE
8
BLACK
6
CONTINUOUS
10
5.2846068503937005
20
-3.7672655118110234
11
5.2856325196850396
21
-3.7659794094488186
0
LINE
8
BLACK
6
CONTINUOUS
10
5.2856325196850396
20
-3.7659794094488186
11
5.2861349212598423
21
-3.7657374409448816
0
LINE
8
BLACK
6
CONTINUOUS
10
5.2861349212598423
20
-3.7657374409448816
11
5.286176614173228
21
-3.7656957874015746
0
LINE
8
BLACK
6
CONTINUOUS
10
5.286176614173228
20
-3.7656957874015746
11
5.2864972834645672
21
-3.7655629133858266
0
LINE
8
BLACK
6
CONTINUOUS
10
5.2864972834645672
20
-3.7655629133858266
11
5.2885425196850395
21
-3.7645780314960628
0
LINE
8
BLACK
6
CONTINUOUS
10
5.2885425196850395
20
-3.7645780314960628
11
5.2901574803149609
21
-3.7644881889763777
0
LINE
8
BLACK
6
CONTINUOUS
10
5.2901574803149609
20
-3.7644881889763777
11
5.3186220472440944
21
-3.7644881889763777
0
LINE
8
BLACK
6
CONTINUOUS
10
5.3186220472440944
20
-3.7644881889763777
11
5.3202370078740158
21
-3.7645780314960628
0
LINE
8
BLACK
6
CONTINUOUS
10
5.5146070866141734
20
-3.7645780314960628
11
5.516652283464567
21
-3.7655629133858266
0
LINE
8
BLACK
6
CONTINUOUS
10
5.516652283464567
20
-3.7655629133858266
11
5.516972992125984
21
-3.7656957874015746
0
LINE
8
BLACK
6
CONTINUOUS
10
5.516972992125984
20
-3.7656957874015746
11
5.517014645669291
21
-3.7657374409448816
0
LINE
8
BLACK
6
CONTINUOUS
10
5.517014645669291
20
-3.7657374409448816
11
5.5175170866141734
21
-3.7659794094488186
0
LINE
8
BLACK
6
CONTINUOUS
10
5.5175170866141734
20
-3.7659794094488186
11
5.5185427165354328
21
-3.7672655118110234
0
LINE
8
BLACK
6
CONTINUOUS
10
5.5185427165354328
20
-3.7672655118110234
11
5.518949881889764
21
-3.7676726771653541
0
LINE
8
BLACK
6
CONTINUOUS
10
5.518949881889764
20
-3.7676726771653541
11
5.5190389763779528
21
-3.7678877952755903
0
LINE
8
BLACK
6
CONTINUOUS
10
5.5190389763779528
20
-3.7678877952755903
11
5.5195309055118109
21
-3.7685046456692914
0
LINE
8
BLACK
6
CONTINUOUS
10
5.5195309055118109
20
-3.7685046456692914
11
5.5198210236220469
21
-3.7697757874015747
0
LINE
8
BLACK
6
CONTINUOUS
10
5.5198210236220469
20
-3.7697757874015747
11
5.5200198031496059
21
-3.7702556692913385
0
LINE
8
BLACK
6
CONTINUOUS
10
5.5200198031496059
20
-3.7702556692913385
11
5.5200198031496059
21
-3.7706466535433072
0
LINE
8
BLACK
6
CONTINUOUS
10
5.5200198031496059
20
-3.7706466535433072
11
5.5202496062992124
21
-3.7716535433070866
0
LINE
8
BLACK
6
CONTINUOUS
10
5.5202496062992124
20
-3.7716535433070866
11
5.5200198031496059
21
-3.7726603937007872
0
LINE
8
BLACK
6
CONTINUOUS
10
5.5200198031496059
20
-3.7726603937007872
11
5.5200198031496059
21
-3.7730514173228347
0
LINE
8
BLACK
6
CONTINUOUS
10
5.5200198031496059
20
-3.7730514173228347
11
5.5198210236220469
21
-3.7735312598425197
0
LINE
8
BLACK
6
CONTINUOUS
10
5.5198210236220469
20
-3.7735312598425197
11
5.5195309055118109
21
-3.7748024409448817
0
LINE
8
BLACK
6
CONTINUOUS
10
5.5195309055118109
20
-3.7748024409448817
11
5.5190389763779528
21
-3.7754192519685037
0
LINE
8
BLACK
6
CONTINUOUS
10
5.5190389763779528
20
-3.7754192519685037
11
5.518949881889764
21
-3.775634409448819
0
LINE
8
BLACK
6
CONTINUOUS
10
5.518949881889764
20
-3.775634409448819
11
5.5185427165354328
21
-3.776041535433071
0
LINE
8
BLACK
6
CONTINUOUS
10
5.5185427165354328
20
-3.776041535433071
11
5.5175170866141734
21
-3.7773276771653541
0
LINE
8
BLACK
6
CONTINUOUS
10
5.5175170866141734
20
-3.7773276771653541
11
5.517014645669291
21
-3.7775696062992123
0
LINE
8
BLACK
6
CONTINUOUS
10
5.517014645669291
20
-3.7775696062992123
11
5.516972992125984
21
-3.7776112992125985
0
LINE
8
BLACK
6
CONTINUOUS
10
5.516972992125984
20
-3.7776112992125985
11
5.516652283464567
21
-3.7777441338582678
0
LINE
8
BLACK
6
CONTINUOUS
10
5.516652283464567
20
-3.7777441338582678
11
5.5146070866141734
21
-3.7787290551181103
0
LINE
8
BLACK
6
CONTINUOUS
10
5.5146070866141734
20
-3.7787290551181103
11
5.512992125984252
21
-3.778818897637795
0
LINE
8
BLACK
6
CONTINUOUS
10
5.512992125984252
20
-3.778818897637795
11
5.4845275590551177
21
-3.778818897637795
0
LINE
8
BLACK
6
CONTINUOUS
10
5.4845275590551177
20
-3.778818897637795
11
5.4829125984251963
21
-3.7787290551181103
0
LINE
8
BLACK
6
CONTINUOUS
10
5.4829125984251963
20
-3.7787290551181103
11
5.4808673622047239
21
-3.7777441338582678
0
LINE
8
BLACK
6
CONTINUOUS
10
5.4808673622047239
20
-3.7777441338582678
11
5.4805466929133857
21
-3.7776112992125985
0
LINE
8
BLACK
6
CONTINUOUS
10
5.4805466929133857
20
-3.7776112992125985
11
5.480505
21
-3.7775696062992123
0
LINE
8
BLACK
6
CONTINUOUS
10
5.480505
20
-3.7775696062992123
11
5.4800025984251963
21
-3.7773276771653541
0
LINE
8
BLACK
6
CONTINUOUS
10
5.4800025984251963
20
-3.7773276771653541
11
5.4789769291338581
21
-3.776041535433071
0
LINE
8
BLACK
6
CONTINUOUS
10
5.4789769291338581
20
-3.776041535433071
11
5.4785698031496057
21
-3.775634409448819
0
LINE
8
BLACK
6
CONTINUOUS
10
5.4785698031496057
20
-3.775634409448819
11
5.4784806692913381
21
-3.7754192519685037
0
LINE
8
BLACK
6
CONTINUOUS
10
5.4784806692913381
20
-3.7754192519685037
11
5.4779887795275588
21
-3.7748024409448817
0
LINE
8
BLACK
6
CONTINUOUS
10
5.4779887795275588
20
-3.7748024409448817
11
5.4776986220472441
21
-3.7735312598425197
0
LINE
8
BLACK
6
CONTINUOUS
10
5.4776986220472441
20
-3.7735312598425197
11
5.4774998818897638
21
-3.7730514173228347
0
LINE
8
BLACK
6
CONTINUOUS
10
5.4774998818897638
20
-3.7730514173228347
11
5.4774998818897638
21
-3.7726603937007872
0
LINE
8
BLACK
6
CONTINUOUS
10
5.4774998818897638
20
-3.7726603937007872
11
5.4772700787401574
21
-3.7716535433070866
0
LINE
8
BLACK
6
CONTINUOUS
10
5.4772700787401574
20
-3.7716535433070866
11
5.4774998818897638
21
-3.7706466535433072
0
LINE
8
BLACK
6
CONTINUOUS
10
5.4774998818897638
20
-3.7706466535433072
11
5.4774998818897638
21
-3.7702556692913385
0
LINE
8
BLACK
6
CONTINUOUS
10
5.4774998818897638
20
-3.7702556692913385
11
5.4776986220472441
21
-3.7697757874015747
0
LINE
8
BLACK
6
CONTINUOUS
10
5.4776986220472441
20
-3.7697757874015747
11
5.4779887795275588
21
-3.7685046456692914
0
LINE
8
BLACK
6
CONTINUOUS
10
5.4779887795275588
20
-3.7685046456692914
11
5.4784806692913381
21
-3.7678877952755903
0
LINE
8
BLACK
6
CONTINUOUS
10
5.4784806692913381
20
-3.7678877952755903
11
5.4785698031496057
21
-3.7676726771653541
0
LINE
8
BLACK
6
CONTINUOUS
10
5.4785698031496057
20
-3.7676726771653541
11
5.4789769291338581
21
-3.7672655118110234
0
LINE
8
BLACK
6
CONTINUOUS
10
5.4789769291338581
20
-3.7672655118110234
11
5.4800025984251963
21
-3.7659794094488186
0
LINE
8
BLACK
6
CONTINUOUS
10
5.4800025984251963
20
-3.7659794094488186
11
5.480505
21
-3.7657374409448816
0
LINE
8
BLACK
6
CONTINUOUS
10
5.480505
20
-3.7657374409448816
11
5.4805466929133857
21
-3.7656957874015746
0
LINE
8
BLACK
6
CONTINUOUS
10
5.4805466929133857
20
-3.7656957874015746
11
5.4808673622047239
21
-3.7655629133858266
0
LINE
8
BLACK
6
CONTINUOUS
10
5.4808673622047239
20
-3.7655629133858266
11
5.4829125984251963
21
-3.7645780314960628
0
LINE
8
BLACK
6
CONTINUOUS
10
5.4829125984251963
20
-3.7645780314960628
11
5.4845275590551177
21
-3.7644881889763777
0
LINE
8
BLACK
6
CONTINUOUS
10
5.4845275590551177
20
-3.7644881889763777
11
5.512992125984252
21
-3.7644881889763777
0
LINE
8
BLACK
6
CONTINUOUS
10
5.512992125984252
20
-3.7644881889763777
11
5.5146070866141734
21
-3.7645780314960628
0
LINE
8
BLACK
6
CONTINUOUS
10
6.8733866141732278
20
-3.7645780314960628
11
6.8754318110236223
21
-3.7655629133858266
0
LINE
8
BLACK
6
CONTINUOUS
10
6.8754318110236223
20
-3.7655629133858266
11
6.8757525196850393
21
-3.7656957874015746
0
LINE
8
BLACK
6
CONTINUOUS
10
6.8757525196850393
20
-3.7656957874015746
11
6.8757941732283463
21
-3.7657374409448816
0
LINE
8
BLACK
6
CONTINUOUS
10
6.8757941732283463
20
-3.7657374409448816
11
6.8762966141732278
21
-3.7659794094488186
0
LINE
8
BLACK
6
CONTINUOUS
10
6.8762966141732278
20
-3.7659794094488186
11
6.8773222440944881
21
-3.7672655118110234
0
LINE
8
BLACK
6
CONTINUOUS
10
6.8773222440944881
20
-3.7672655118110234
11
6.8777294094488184
21
-3.7676726771653541
0
LINE
8
BLACK
6
CONTINUOUS
10
6.8777294094488184
20
-3.7676726771653541
11
6.8778185039370081
21
-3.7678877952755903
0
LINE
8
BLACK
6
CONTINUOUS
10
6.8778185039370081
20
-3.7678877952755903
11
6.8783104330708662
21
-3.7685046456692914
0
LINE
8
BLACK
6
CONTINUOUS
10
6.8783104330708662
20
-3.7685046456692914
11
6.8786005511811021
21
-3.7697757874015747
0
LINE
8
BLACK
6
CONTINUOUS
10
6.8786005511811021
20
-3.7697757874015747
11
6.8787993307086612
21
-3.7702556692913385
0
LINE
8
BLACK
6
CONTINUOUS
10
6.8787993307086612
20
-3.7702556692913385
11
6.8787993307086612
21
-3.7706466535433072
0
LINE
8
BLACK
6
CONTINUOUS
10
6.8787993307086612
20
-3.7706466535433072
11
6.8790291338582676
21
-3.7716535433070866
0
LINE
8
BLACK
6
CONTINUOUS
10
6.8790291338582676
20
-3.7716535433070866
11
6.8787993307086612
21
-3.7726603937007872
0
LINE
8
BLACK
6
CONTINUOUS
10
6.8787993307086612
20
-3.7726603937007872
11
6.8787993307086612
21
-3.7730514173228347
0
LINE
8
BLACK
6
CONTINUOUS
10
6.8787993307086612
20
-3.7730514173228347
11
6.8786005511811021
21
-3.7735312598425197
0
LINE
8
BLACK
6
CONTINUOUS
10
6.8786005511811021
20
-3.7735312598425197
11
6.8783104330708662
21
-3.7748024409448817
0
LINE
8
BLACK
6
CONTINUOUS
10
6.8783104330708662
20
-3.7748024409448817
11
6.8778185039370081
21
-3.7754192519685037
0
LINE
8
BLACK
6
CONTINUOUS
10
6.8778185039370081
20
-3.7754192519685037
11
6.8777294094488184
21
-3.775634409448819
0
LINE
8
BLACK
6
CONTINUOUS
10
6.8777294094488184
20
-3.775634409448819
11
6.8773222440944881
21
-3.776041535433071
0
LINE
8
BLACK
6
CONTINUOUS
10
6.8773222440944881
20
-3.776041535433071
11
6.8762966141732278
21
-3.7773276771653541
0
LINE
8
BLACK
6
CONTINUOUS
10
6.8762966141732278
20
-3.7773276771653541
11
6.8757941732283463
21
-3.7775696062992123
0
LINE
8
BLACK
6
CONTINUOUS
10
6.8757941732283463
20
-3.7775696062992123
11
6.8757525196850393
21
-3.7776112992125985
0
LINE
8
BLACK
6
CONTINUOUS
10
6.8757525196850393
20
-3.7776112992125985
11
6.8754318110236223
21
-3.7777441338582678
0
LINE
8
BLACK
6
CONTINUOUS
10
6.8754318110236223
20
-3.7777441338582678
11
6.8733866141732278
21
-3.7787290551181103
0
LINE
8
BLACK
6
CONTINUOUS
10
6.8733866141732278
20
-3.7787290551181103
11
6.8717716535433073
21
-3.778818897637795
0
LINE
8
BLACK
6
CONTINUOUS
10
6.8717716535433073
20
-3.778818897637795
11
6.843307086614173
21
-3.778818897637795
0
LINE
8
BLACK
6
CONTINUOUS
10
6.843307086614173
20
-3.778818897637795
11
6.8416921259842516
21
-3.7787290551181103
0
LINE
8
BLACK
6
CONTINUOUS
10
6.8416921259842516
20
-3.7787290551181103
11
6.8396468897637792
21
-3.7777441338582678
0
LINE
8
BLACK
6
CONTINUOUS
10
6.8396468897637792
20
-3.7777441338582678
11
6.839326220472441
21
-3.7776112992125985
0
LINE
8
BLACK
6
CONTINUOUS
10
6.839326220472441
20
-3.7776112992125985
11
6.8392845275590552
21
-3.7775696062992123
0
LINE
8
BLACK
6
CONTINUOUS
10
6.8392845275590552
20
-3.7775696062992123
11
6.8387821259842516
21
-3.7773276771653541
0
LINE
8
BLACK
6
CONTINUOUS
10
6.8387821259842516
20
-3.7773276771653541
11
6.8377564566929134
21
-3.776041535433071
0
LINE
8
BLACK
6
CONTINUOUS
10
6.8377564566929134
20
-3.776041535433071
11
6.837349330708661
21
-3.775634409448819
0
LINE
8
BLACK
6
CONTINUOUS
10
6.837349330708661
20
-3.775634409448819
11
6.8372601968503934
21
-3.7754192519685037
0
LINE
8
BLACK
6
CONTINUOUS
10
6.8372601968503934
20
-3.7754192519685037
11
6.8367683070866141
21
-3.7748024409448817
0
LINE
8
BLACK
6
CONTINUOUS
10
6.8367683070866141
20
-3.7748024409448817
11
6.8364781496062994
21
-3.7735312598425197
0
LINE
8
BLACK
6
CONTINUOUS
10
6.8364781496062994
20
-3.7735312598425197
11
6.8362794094488191
21
-3.7730514173228347
0
LINE
8
BLACK
6
CONTINUOUS
10
6.8362794094488191
20
-3.7730514173228347
11
6.8362794094488191
21
-3.7726603937007872
0
LINE
8
BLACK
6
CONTINUOUS
10
6.8362794094488191
20
-3.7726603937007872
11
6.8360496062992127
21
-3.7716535433070866
0
LINE
8
BLACK
6
CONTINUOUS
10
6.8360496062992127
20
-3.7716535433070866
11
6.8362794094488191
21
-3.7706466535433072
0
LINE
8
BLACK
6
CONTINUOUS
10
6.8362794094488191
20
-3.7706466535433072
11
6.8362794094488191
21
-3.7702556692913385
0
LINE
8
BLACK
6
CONTINUOUS
10
6.8362794094488191
20
-3.7702556692913385
11
6.8364781496062994
21
-3.7697757874015747
0
LINE
8
BLACK
6
CONTINUOUS
10
6.8364781496062994
20
-3.7697757874015747
11
6.8367683070866141
21
-3.7685046456692914
0
LINE
8
BLACK
6
CONTINUOUS
10
6.8367683070866141
20
-3.7685046456692914
11
6.8372601968503934
21
-3.7678877952755903
0
LINE
8
BLACK
6
CONTINUOUS
10
6.8372601968503934
20
-3.7678877952755903
11
6.837349330708661
21
-3.7676726771653541
0
LINE
8
BLACK
6
CONTINUOUS
10
6.837349330708661
20
-3.7676726771653541
11
6.8377564566929134
21
-3.7672655118110234
0
LINE
8
BLACK
6
CONTINUOUS
10
6.8377564566929134
20
-3.7672655118110234
11
6.8387821259842516
21
-3.7659794094488186
0
LINE
8
BLACK
6
CONTINUOUS
10
6.8387821259842516
20
-3.7659794094488186
11
6.8392845275590552
21
-3.7657374409448816
0
LINE
8
BLACK
6
CONTINUOUS
10
6.8392845275590552
20
-3.7657374409448816
11
6.839326220472441
21
-3.7656957874015746
0
LINE
8
BLACK
6
CONTINUOUS
10
6.839326220472441
20
-3.7656957874015746
11
6.8396468897637792
21
-3.7655629133858266
0
LINE
8
BLACK
6
CONTINUOUS
10
6.8396468897637792
20
-3.7655629133858266
11
6.8416921259842516
21
-3.7645780314960628
0
LINE
8
BLACK
6
CONTINUOUS
10
6.8416921259842516
20
-3.7645780314960628
11
6.843307086614173
21
-3.7644881889763777
0
LINE
8
BLACK
6
CONTINUOUS
10
6.843307086614173
20
-3.7644881889763777
11
6.8717716535433073
21
-3.7644881889763777
0
LINE
8
BLACK
6
CONTINUOUS
10
6.8717716535433073
20
-3.7644881889763777
11
6.8733866141732278
21
-3.7645780314960628
0
LINE
8
BLACK
6
CONTINUOUS
10
7.0677566929133855
20
-3.7645780314960628
11
7.0698018897637791
21
-3.7655629133858266
0
LINE
8
BLACK
6
CONTINUOUS
10
7.0698018897637791
20
-3.7655629133858266
11
7.070122598425197
21
-3.7656957874015746
0
LINE
8
BLACK
6
CONTINUOUS
10
7.070122598425197
20
-3.7656957874015746
11
7.070164251968504
21
-3.7657374409448816
0
LINE
8
BLACK
6
CONTINUOUS
10
7.070164251968504
20
-3.7657374409448816
11
7.0706666929133855
21
-3.7659794094488186
0
LINE
8
BLACK
6
CONTINUOUS
10
7.0706666929133855
20
-3.7659794094488186
11
7.0716923228346458
21
-3.7672655118110234
0
LINE
8
BLACK
6
CONTINUOUS
10
7.0716923228346458
20
-3.7672655118110234
11
7.072099488188976
21
-3.7676726771653541
0
LINE
8
BLACK
6
CONTINUOUS
10
7.072099488188976
20
-3.7676726771653541
11
7.0721885826771649
21
-3.7678877952755903
0
LINE
8
BLACK
6
CONTINUOUS
10
7.0721885826771649
20
-3.7678877952755903
11
7.0726805118110239
21
-3.7685046456692914
0
LINE
8
BLACK
6
CONTINUOUS
10
7.0726805118110239
20
-3.7685046456692914
11
7.0729706299212598
21
-3.7697757874015747
0
LINE
8
BLACK
6
CONTINUOUS
10
7.0729706299212598
20
-3.7697757874015747
11
7.0731694094488189
21
-3.7702556692913385
0
LINE
8
BLACK
6
CONTINUOUS
10
7.0731694094488189
20
-3.7702556692913385
11
7.0731694094488189
21
-3.7706466535433072
0
LINE
8
BLACK
6
CONTINUOUS
10
7.0731694094488189
20
-3.7706466535433072
11
7.0733992125984253
21
-3.7716535433070866
0
LINE
8
BLACK
6
CONTINUOUS
10
7.0733992125984253
20
-3.7716535433070866
11
7.0731694094488189
21
-3.7726603937007872
0
LINE
8
BLACK
6
CONTINUOUS
10
7.0731694094488189
20
-3.7726603937007872
11
7.0731694094488189
21
-3.7730514173228347
0
LINE
8
BLACK
6
CONTINUOUS
10
7.0731694094488189
20
-3.7730514173228347
11
7.0729706299212598
21
-3.7735312598425197
0
LINE
8
BLACK
6
CONTINUOUS
10
7.0729706299212598
20
-3.7735312598425197
11
7.0726805118110239
21
-3.7748024409448817
0
LINE
8
BLACK
6
CONTINUOUS
10
7.0726805118110239
20
-3.7748024409448817
11
7.0721885826771649
21
-3.7754192519685037
0
LINE
8
BLACK
6
CONTINUOUS
10
7.0721885826771649
20
-3.7754192519685037
11
7.072099488188976
21
-3.775634409448819
0
LINE
8
BLACK
6
CONTINUOUS
10
7.072099488188976
20
-3.775634409448819
11
7.0716923228346458
21
-3.776041535433071
0
LINE
8
BLACK
6
CONTINUOUS
10
7.0716923228346458
20
-3.776041535433071
11
7.0706666929133855
21
-3.7773276771653541
0
LINE
8
BLACK
6
CONTINUOUS
10
7.0706666929133855
20
-3.7773276771653541
11
7.070164251968504
21
-3.7775696062992123
0
LINE
8
BLACK
6
CONTINUOUS
10
7.070164251968504
20
-3.7775696062992123
11
7.070122598425197
21
-3.7776112992125985
0
LINE
8
BLACK
6
CONTINUOUS
10
7.070122598425197
20
-3.7776112992125985
11
7.0698018897637791
21
-3.7777441338582678
0
LINE
8
BLACK
6
CONTINUOUS
10
7.0698018897637791
20
-3.7777441338582678
11
7.0677566929133855
21
-3.7787290551181103
0
LINE
8
BLACK
6
CONTINUOUS
10
7.0677566929133855
20
-3.7787290551181103
11
7.0661417322834641
21
-3.778818897637795
0
LINE
8
BLACK
6
CONTINUOUS
10
7.0661417322834641
20
-3.778818897637795
11
7.0376771653543306
21
-3.778818897637795
0
LINE
8
BLACK
6
CONTINUOUS
10
7.0376771653543306
20
-3.778818897637795
11
7.0360622047244092
21
-3.7787290551181103
0
LINE
8
BLACK
6
CONTINUOUS
10
7.0360622047244092
20
-3.7787290551181103
11
7.0340169685039369
21
-3.7777441338582678
0
LINE
8
BLACK
6
CONTINUOUS
10
7.0340169685039369
20
-3.7777441338582678
11
7.0336962992125986
21
-3.7776112992125985
0
LINE
8
BLACK
6
CONTINUOUS
10
7.0336962992125986
20
-3.7776112992125985
11
7.033654606299212
21
-3.7775696062992123
0
LINE
8
BLACK
6
CONTINUOUS
10
7.033654606299212
20
-3.7775696062992123
11
7.0331522047244093
21
-3.7773276771653541
0
LINE
8
BLACK
6
CONTINUOUS
10
7.0331522047244093
20
-3.7773276771653541
11
7.0321265354330711
21
-3.776041535433071
0
LINE
8
BLACK
6
CONTINUOUS
10
7.0321265354330711
20
-3.776041535433071
11
7.0317194094488187
21
-3.775634409448819
0
LINE
8
BLACK
6
CONTINUOUS
10
7.0317194094488187
20
-3.775634409448819
11
7.0316302755905511
21
-3.7754192519685037
0
LINE
8
BLACK
6
CONTINUOUS
10
7.0316302755905511
20
-3.7754192519685037
11
7.0311383858267718
21
-3.7748024409448817
0
LINE
8
BLACK
6
CONTINUOUS
10
7.0311383858267718
20
-3.7748024409448817
11
7.0308482283464562
21
-3.7735312598425197
0
LINE
8
BLACK
6
CONTINUOUS
10
7.0308482283464562
20
-3.7735312598425197
11
7.0306494881889758
21
-3.7730514173228347
0
LINE
8
BLACK
6
CONTINUOUS
10
7.0306494881889758
20
-3.7730514173228347
11
7.0306494881889758
21
-3.7726603937007872
0
LINE
8
BLACK
6
CONTINUOUS
10
7.0306494881889758
20
-3.7726603937007872
11
7.0304196850393703
21
-3.7716535433070866
0
LINE
8
BLACK
6
CONTINUOUS
10
7.0304196850393703
20
-3.7716535433070866
11
7.0306494881889758
21
-3.7706466535433072
0
LINE
8
BLACK
6
CONTINUOUS
10
7.0306494881889758
20
-3.7706466535433072
11
7.0306494881889758
21
-3.7702556692913385
0
LINE
8
BLACK
6
CONTINUOUS
10
7.0306494881889758
20
-3.7702556692913385
11
7.0308482283464562
21
-3.7697757874015747
0
LINE
8
BLACK
6
CONTINUOUS
10
7.0308482283464562
20
-3.7697757874015747
11
7.0311383858267718
21
-3.7685046456692914
0
LINE
8
BLACK
6
CONTINUOUS
10
7.0311383858267718
20
-3.7685046456692914
11
7.0316302755905511
21
-3.7678877952755903
0
LINE
8
BLACK
6
CONTINUOUS
10
7.0316302755905511
20
-3.7678877952755903
11
7.0317194094488187
21
-3.7676726771653541
0
LINE
8
BLACK
6
CONTINUOUS
10
7.0317194094488187
20
-3.7676726771653541
11
7.0321265354330711
21
-3.7672655118110234
0
LINE
8
BLACK
6
CONTINUOUS
10
7.0321265354330711
20
-3.7672655118110234
11
7.0331522047244093
21
-3.7659794094488186
0
LINE
8
BLACK
6
CONTINUOUS
10
7.0331522047244093
20
-3.7659794094488186
11
7.033654606299212
21
-3.7657374409448816
0
LINE
8
BLACK
6
CONTINUOUS
10
7.033654606299212
20
-3.7657374409448816
11
7.0336962992125986
21
-3.7656957874015746
0
LINE
8
BLACK
6
CONTINUOUS
10
7.0336962992125986
20
-3.7656957874015746
11
7.0340169685039369
21
-3.7655629133858266
0
LINE
8
BLACK
6
CONTINUOUS
10
7.0340169685039369
20
-3.7655629133858266
11
7.0360622047244092
21
-3.7645780314960628
0
LINE
8
BLACK
6
CONTINUOUS
10
7.0360622047244092
20
-3.7645780314960628
11
7.0376771653543306
21
-3.7644881889763777
0
LINE
8
BLACK
6
CONTINUOUS
10
7.0376771653543306
20
-3.7644881889763777
11
7.0661417322834641
21
-3.7644881889763777
0
LINE
8
BLACK
6
CONTINUOUS
10
7.0661417322834641
20
-3.7644881889763777
11
7.0677566929133855
21
-3.7645780314960628
0
LINE
8
BLACK
6
CONTINUOUS
10
6.0756897637795273
20
-3.7621764566929135
11
6.0777349606299209
21
-3.7631613385826772
0
LINE
8
BLACK
6
CONTINUOUS
10
6.0777349606299209
20
-3.7631613385826772
11
6.0780556692913388
21
-3.7632942125984252
0
LINE
8
BLACK
6
CONTINUOUS
10
6.0780556692913388
20
-3.7632942125984252
11
6.0780973228346458
21
-3.7633358661417322
0
LINE
8
BLACK
6
CONTINUOUS
10
6.0780973228346458
20
-3.7633358661417322
11
6.0785997637795273
21
-3.7635778346456692
0
LINE
8
BLACK
6
CONTINUOUS
10
6.0785997637795273
20
-3.7635778346456692
11
6.0796253937007876
21
-3.764863937007874
0
LINE
8
BLACK
6
CONTINUOUS
10
6.0796253937007876
20
-3.764863937007874
11
6.0800325590551179
21
-3.7652711023622047
0
LINE
8
BLACK
6
CONTINUOUS
10
6.0800325590551179
20
-3.7652711023622047
11
6.0801216535433067
21
-3.7654862204724409
0
LINE
8
BLACK
6
CONTINUOUS
10
6.0801216535433067
20
-3.7654862204724409
11
6.0806135826771648
21
-3.7661030708661416
0
LINE
8
BLACK
6
CONTINUOUS
10
6.0806135826771648
20
-3.7661030708661416
11
6.0809037007874016
21
-3.7673742125984253
0
LINE
8
BLACK
6
CONTINUOUS
10
6.0809037007874016
20
-3.7673742125984253
11
6.0811024803149607
21
-3.7678540944881891
0
LINE
8
BLACK
6
CONTINUOUS
10
6.0811024803149607
20
-3.7678540944881891
11
6.0811024803149607
21
-3.7682450787401573
0
LINE
8
BLACK
6
CONTINUOUS
10
6.0811024803149607
20
-3.7682450787401573
11
6.0813322834645671
21
-3.7692519685039367
0
LINE
8
BLACK
6
CONTINUOUS
10
6.0813322834645671
20
-3.7692519685039367
11
6.0811024803149607
21
-3.7702588188976378
0
LINE
8
BLACK
6
CONTINUOUS
10
6.0811024803149607
20
-3.7702588188976378
11
6.0811024803149607
21
-3.7706498425196848
0
LINE
8
BLACK
6
CONTINUOUS
10
6.0811024803149607
20
-3.7706498425196848
11
6.0809037007874016
21
-3.7711296850393698
0
LINE
8
BLACK
6
CONTINUOUS
10
6.0809037007874016
20
-3.7711296850393698
11
6.0806135826771648
21
-3.7724008661417323
0
LINE
8
BLACK
6
CONTINUOUS
10
6.0806135826771648
20
-3.7724008661417323
11
6.0801216535433067
21
-3.7730176771653543
0
LINE
8
BLACK
6
CONTINUOUS
10
6.0801216535433067
20
-3.7730176771653543
11
6.0800325590551179
21
-3.7732328346456692
0
LINE
8
BLACK
6
CONTINUOUS
10
6.0800325590551179
20
-3.7732328346456692
11
6.0796253937007876
21
-3.7736399606299211
0
LINE
8
BLACK
6
CONTINUOUS
10
6.0796253937007876
20
-3.7736399606299211
11
6.0785997637795273
21
-3.7749261023622047
0
LINE
8
BLACK
6
CONTINUOUS
10
6.0785997637795273
20
-3.7749261023622047
11
6.0780973228346458
21
-3.7751680314960629
0
LINE
8
BLACK
6
CONTINUOUS
10
6.0780973228346458
20
-3.7751680314960629
11
6.0780556692913388
21
-3.7752097244094487
0
LINE
8
BLACK
6
CONTINUOUS
10
6.0780556692913388
20
-3.7752097244094487
11
6.0777349606299209
21
-3.775342559055118
0
LINE
8
BLACK
6
CONTINUOUS
10
6.0777349606299209
20
-3.775342559055118
11
6.0756897637795273
21
-3.7763274803149605
0
LINE
8
BLACK
6
CONTINUOUS
10
6.0756897637795273
20
-3.7763274803149605
11
6.0740748031496059
21
-3.7764173228346456
0
LINE
8
BLACK
6
CONTINUOUS
10
6.0740748031496059
20
-3.7764173228346456
11
6.0456102362204724
21
-3.7764173228346456
0
LINE
8
BLACK
6
CONTINUOUS
10
6.0456102362204724
20
-3.7764173228346456
11
6.0439952755905511
21
-3.7763274803149605
0
LINE
8
BLACK
6
CONTINUOUS
10
6.0439952755905511
20
-3.7763274803149605
11
6.0419500393700787
21
-3.775342559055118
0
LINE
8
BLACK
6
CONTINUOUS
10
6.0419500393700787
20
-3.775342559055118
11
6.0416293700787405
21
-3.7752097244094487
0
LINE
8
BLACK
6
CONTINUOUS
10
6.0416293700787405
20
-3.7752097244094487
11
6.0415876771653538
21
-3.7751680314960629
0
LINE
8
BLACK
6
CONTINUOUS
10
6.0415876771653538
20
-3.7751680314960629
11
6.0410852755905511
21
-3.7749261023622047
0
LINE
8
BLACK
6
CONTINUOUS
10
6.0410852755905511
20
-3.7749261023622047
11
6.0400596062992129
21
-3.7736399606299211
0
LINE
8
BLACK
6
CONTINUOUS
10
6.0400596062992129
20
-3.7736399606299211
11
6.0396524803149605
21
-3.7732328346456692
0
LINE
8
BLACK
6
CONTINUOUS
10
6.0396524803149605
20
-3.7732328346456692
11
6.0395633464566929
21
-3.7730176771653543
0
LINE
8
BLACK
6
CONTINUOUS
10
6.0395633464566929
20
-3.7730176771653543
11
6.0390714566929136
21
-3.7724008661417323
0
LINE
8
BLACK
6
CONTINUOUS
10
6.0390714566929136
20
-3.7724008661417323
11
6.038781299212598
21
-3.7711296850393698
0
LINE
8
BLACK
6
CONTINUOUS
10
6.038781299212598
20
-3.7711296850393698
11
6.0385825590551176
21
-3.7706498425196848
0
LINE
8
BLACK
6
CONTINUOUS
10
6.0385825590551176
20
-3.7706498425196848
11
6.0385825590551176
21
-3.7702588188976378
0
LINE
8
BLACK
6
CONTINUOUS
10
6.0385825590551176
20
-3.7702588188976378
11
6.0383527559055112
21
-3.7692519685039367
0
LINE
8
BLACK
6
CONTINUOUS
10
6.0383527559055112
20
-3.7692519685039367
11
6.0385825590551176
21
-3.7682450787401573
0
LINE
8
BLACK
6
CONTINUOUS
10
6.0385825590551176
20
-3.7682450787401573
11
6.0385825590551176
21
-3.7678540944881891
0
LINE
8
BLACK
6
CONTINUOUS
10
6.0385825590551176
20
-3.7678540944881891
11
6.038781299212598
21
-3.7673742125984253
0
LINE
8
BLACK
6
CONTINUOUS
10
6.038781299212598
20
-3.7673742125984253
11
6.0390714566929136
21
-3.7661030708661416
0
LINE
8
BLACK
6
CONTINUOUS
10
6.0390714566929136
20
-3.7661030708661416
11
6.0395633464566929
21
-3.7654862204724409
0
LINE
8
BLACK
6
CONTINUOUS
10
6.0395633464566929
20
-3.7654862204724409
11
6.0396524803149605
21
-3.7652711023622047
0
LINE
8
BLACK
6
CONTINUOUS
10
6.0396524803149605
20
-3.7652711023622047
11
6.0400596062992129
21
-3.764863937007874
0
LINE
8
BLACK
6
CONTINUOUS
10
6.0400596062992129
20
-3.764863937007874
11
6.0410852755905511
21
-3.7635778346456692
0
LINE
8
BLACK
6
CONTINUOUS
10
6.0410852755905511
20
-3.7635778346456692
11
6.0415876771653538
21
-3.7633358661417322
0
LINE
8
BLACK
6
CONTINUOUS
10
6.0415876771653538
20
-3.7633358661417322
11
6.0416293700787405
21
-3.7632942125984252
0
LINE
8
BLACK
6
CONTINUOUS
10
6.0416293700787405
20
-3.7632942125984252
11
6.0419500393700787
21
-3.7631613385826772
0
LINE
8
BLACK
6
CONTINUOUS
10
6.0419500393700787
20
-3.7631613385826772
11
6.0439952755905511
21
-3.7621764566929135
0
LINE
8
BLACK
6
CONTINUOUS
10
6.0439952755905511
20
-3.7621764566929135
11
6.0456102362204724
21
-3.7620866141732283
0
LINE
8
BLACK
6
CONTINUOUS
10
6.0456102362204724
20
-3.7620866141732283
11
6.0740748031496059
21
-3.7620866141732283
0
LINE
8
BLACK
6
CONTINUOUS
10
6.0740748031496059
20
-3.7620866141732283
11
6.0756897637795273
21
-3.7621764566929135
0
LINE
8
BLACK
6
CONTINUOUS
10
6.270059842519685
20
-3.7621764566929135
11
6.2721050393700786
21
-3.7631613385826772
0
LINE
8
BLACK
6
CONTINUOUS
10
6.2721050393700786
20
-3.7631613385826772
11
6.2724257480314956
21
-3.7632942125984252
0
LINE
8
BLACK
6
CONTINUOUS
10
6.2724257480314956
20
-3.7632942125984252
11
6.2724674015748034
21
-3.7633358661417322
0
LINE
8
BLACK
6
CONTINUOUS
10
6.2724674015748034
20
-3.7633358661417322
11
6.2729698425196849
21
-3.7635778346456692
0
LINE
8
BLACK
6
CONTINUOUS
10
6.2729698425196849
20
-3.7635778346456692
11
6.2739954724409444
21
-3.764863937007874
0
LINE
8
BLACK
6
CONTINUOUS
10
6.2739954724409444
20
-3.764863937007874
11
6.2744026377952755
21
-3.7652711023622047
0
LINE
8
BLACK
6
CONTINUOUS
10
6.2744026377952755
20
-3.7652711023622047
11
6.2744917322834644
21
-3.7654862204724409
0
LINE
8
BLACK
6
CONTINUOUS
10
6.2744917322834644
20
-3.7654862204724409
11
6.2749836614173224
21
-3.7661030708661416
0
LINE
8
BLACK
6
CONTINUOUS
10
6.2749836614173224
20
-3.7661030708661416
11
6.2752737795275593
21
-3.7673742125984253
0
LINE
8
BLACK
6
CONTINUOUS
10
6.2752737795275593
20
-3.7673742125984253
11
6.2754725590551184
21
-3.7678540944881891
0
LINE
8
BLACK
6
CONTINUOUS
10
6.2754725590551184
20
-3.7678540944881891
11
6.2754725590551184
21
-3.7682450787401573
0
LINE
8
BLACK
6
CONTINUOUS
10
6.2754725590551184
20
-3.7682450787401573
11
6.2757023622047239
21
-3.7692519685039367
0
LINE
8
BLACK
6
CONTINUOUS
10
6.2757023622047239
20
-3.7692519685039367
11
6.2754725590551184
21
-3.7702588188976378
0
LINE
8
BLACK
6
CONTINUOUS
10
6.2754725590551184
20
-3.7702588188976378
11
6.2754725590551184
21
-3.7706498425196848
0
LINE
8
BLACK
6
CONTINUOUS
10
6.2754725590551184
20
-3.7706498425196848
11
6.2752737795275593
21
-3.7711296850393698
0
LINE
8
BLACK
6
CONTINUOUS
10
6.2752737795275593
20
-3.7711296850393698
11
6.2749836614173224
21
-3.7724008661417323
0
LINE
8
BLACK
6
CONTINUOUS
10
6.2749836614173224
20
-3.7724008661417323
11
6.2744917322834644
21
-3.7730176771653543
0
LINE
8
BLACK
6
CONTINUOUS
10
6.2744917322834644
20
-3.7730176771653543
11
6.2744026377952755
21
-3.7732328346456692
0
LINE
8
BLACK
6
CONTINUOUS
10
6.2744026377952755
20
-3.7732328346456692
11
6.2739954724409444
21
-3.7736399606299211
0
LINE
8
BLACK
6
CONTINUOUS
10
6.2739954724409444
20
-3.7736399606299211
11
6.2729698425196849
21
-3.7749261023622047
0
LINE
8
BLACK
6
CONTINUOUS
10
6.2729698425196849
20
-3.7749261023622047
11
6.2724674015748034
21
-3.7751680314960629
0
LINE
8
BLACK
6
CONTINUOUS
10
6.2724674015748034
20
-3.7751680314960629
11
6.2724257480314956
21
-3.7752097244094487
0
LINE
8
BLACK
6
CONTINUOUS
10
6.2724257480314956
20
-3.7752097244094487
11
6.2721050393700786
21
-3.775342559055118
0
LINE
8
BLACK
6
CONTINUOUS
10
6.2721050393700786
20
-3.775342559055118
11
6.270059842519685
21
-3.7763274803149605
0
LINE
8
BLACK
6
CONTINUOUS
10
6.270059842519685
20
-3.7763274803149605
11
6.2684448818897636
21
-3.7764173228346456
0
LINE
8
BLACK
6
CONTINUOUS
10
6.2684448818897636
20
-3.7764173228346456
11
6.2399803149606301
21
-3.7764173228346456
0
LINE
8
BLACK
6
CONTINUOUS
10
6.2399803149606301
20
-3.7764173228346456
11
6.2383653543307087
21
-3.7763274803149605
0
LINE
8
BLACK
6
CONTINUOUS
10
6.2383653543307087
20
-3.7763274803149605
11
6.2363201181102363
21
-3.775342559055118
0
LINE
8
BLACK
6
CONTINUOUS
10
6.2363201181102363
20
-3.775342559055118
11
6.2359994488188972
21
-3.7752097244094487
0
LINE
8
BLACK
6
CONTINUOUS
10
6.2359994488188972
20
-3.7752097244094487
11
6.2359577559055115
21
-3.7751680314960629
0
LINE
8
BLACK
6
CONTINUOUS
10
6.2359577559055115
20
-3.7751680314960629
11
6.2354553543307087
21
-3.7749261023622047
0
LINE
8
BLACK
6
CONTINUOUS
10
6.2354553543307087
20
-3.7749261023622047
11
6.2344296850393697
21
-3.7736399606299211
0
LINE
8
BLACK
6
CONTINUOUS
10
6.2344296850393697
20
-3.7736399606299211
11
6.2340225590551182
21
-3.7732328346456692
0
LINE
8
BLACK
6
CONTINUOUS
10
6.2340225590551182
20
-3.7732328346456692
11
6.2339334251968506
21
-3.7730176771653543
0
LINE
8
BLACK
6
CONTINUOUS
10
6.2339334251968506
20
-3.7730176771653543
11
6.2334415354330703
21
-3.7724008661417323
0
LINE
8
BLACK
6
CONTINUOUS
10
6.2334415354330703
20
-3.7724008661417323
11
6.2331513779527556
21
-3.7711296850393698
0
LINE
8
BLACK
6
CONTINUOUS
10
6.2331513779527556
20
-3.7711296850393698
11
6.2329526377952753
21
-3.7706498425196848
0
LINE
8
BLACK
6
CONTINUOUS
10
6.2329526377952753
20
-3.7706498425196848
11
6.2329526377952753
21
-3.7702588188976378
0
LINE
8
BLACK
6
CONTINUOUS
10
6.2329526377952753
20
-3.7702588188976378
11
6.2327228346456689
21
-3.7692519685039367
0
LINE
8
BLACK
6
CONTINUOUS
10
6.2327228346456689
20
-3.7692519685039367
11
6.2329526377952753
21
-3.7682450787401573
0
LINE
8
BLACK
6
CONTINUOUS
10
6.2329526377952753
20
-3.7682450787401573
11
6.2329526377952753
21
-3.7678540944881891
0
LINE
8
BLACK
6
CONTINUOUS
10
6.2329526377952753
20
-3.7678540944881891
11
6.2331513779527556
21
-3.7673742125984253
0
LINE
8
BLACK
6
CONTINUOUS
10
6.2331513779527556
20
-3.7673742125984253
11
6.2334415354330703
21
-3.7661030708661416
0
LINE
8
BLACK
6
CONTINUOUS
10
6.2334415354330703
20
-3.7661030708661416
11
6.2339334251968506
21
-3.7654862204724409
0
LINE
8
BLACK
6
CONTINUOUS
10
6.2339334251968506
20
-3.7654862204724409
11
6.2340225590551182
21
-3.7652711023622047
0
LINE
8
BLACK
6
CONTINUOUS
10
6.2340225590551182
20
-3.7652711023622047
11
6.2344296850393697
21
-3.764863937007874
0
LINE
8
BLACK
6
CONTINUOUS
10
6.2344296850393697
20
-3.764863937007874
11
6.2354553543307087
21
-3.7635778346456692
0
LINE
8
BLACK
6
CONTINUOUS
10
6.2354553543307087
20
-3.7635778346456692
11
6.2359577559055115
21
-3.7633358661417322
0
LINE
8
BLACK
6
CONTINUOUS
10
6.2359577559055115
20
-3.7633358661417322
11
6.2359994488188972
21
-3.7632942125984252
0
LINE
8
BLACK
6
CONTINUOUS
10
6.2359994488188972
20
-3.7632942125984252
11
6.2363201181102363
21
-3.7631613385826772
0
LINE
8
BLACK
6
CONTINUOUS
10
6.2363201181102363
20
-3.7631613385826772
11
6.2383653543307087
21
-3.7621764566929135
0
LINE
8
BLACK
6
CONTINUOUS
10
6.2383653543307087
20
-3.7621764566929135
11
6.2399803149606301
21
-3.7620866141732283
0
LINE
8
BLACK
6
CONTINUOUS
10
6.2399803149606301
20
-3.7620866141732283
11
6.2684448818897636
21
-3.7620866141732283
0
LINE
8
BLACK
6
CONTINUOUS
10
6.2684448818897636
20
-3.7620866141732283
11
6.270059842519685
21
-3.7621764566929135
0
LINE
8
BLACK
6
CONTINUOUS
10
7.611122834645669
20
-3.7582394488188977
11
7.6131680314960626
21
-3.7592243307086615
0
LINE
8
BLACK
6
CONTINUOUS
10
7.6131680314960626
20
-3.7592243307086615
11
7.6134887401574804
21
-3.7593572047244095
0
LINE
8
BLACK
6
CONTINUOUS
10
7.6134887401574804
20
-3.7593572047244095
11
7.6135303937007874
21
-3.7593988582677165
0
LINE
8
BLACK
6
CONTINUOUS
10
7.6135303937007874
20
-3.7593988582677165
11
7.6140328346456689
21
-3.7596408267716535
0
LINE
8
BLACK
6
CONTINUOUS
10
7.6140328346456689
20
-3.7596408267716535
11
7.6150584645669293
21
-3.7609269291338583
0
LINE
8
BLACK
6
CONTINUOUS
10
7.6150584645669293
20
-3.7609269291338583
11
7.6154656299212595
21
-3.761334094488189
0
LINE
8
BLACK
6
CONTINUOUS
10
7.6154656299212595
20
-3.761334094488189
11
7.6155547244094484
21
-3.7615492125984251
0
LINE
8
BLACK
6
CONTINUOUS
10
7.6155547244094484
20
-3.7615492125984251
11
7.6160466535433073
21
-3.7621660629921259
0
LINE
8
BLACK
6
CONTINUOUS
10
7.6160466535433073
20
-3.7621660629921259
11
7.6163367716535433
21
-3.7634372047244096
0
LINE
8
BLACK
6
CONTINUOUS
10
7.6163367716535433
20
-3.7634372047244096
11
7.6165355511811024
21
-3.7639170866141733
0
LINE
8
BLACK
6
CONTINUOUS
10
7.6165355511811024
20
-3.7639170866141733
11
7.6165355511811024
21
-3.7643080708661416
0
LINE
8
BLACK
6
CONTINUOUS
10
7.6165355511811024
20
-3.7643080708661416
11
7.6167653543307088
21
-3.765314960629921
0
LINE
8
BLACK
6
CONTINUOUS
10
7.6167653543307088
20
-3.765314960629921
11
7.6165355511811024
21
-3.7663218110236221
0
LINE
8
BLACK
6
CONTINUOUS
10
7.6165355511811024
20
-3.7663218110236221
11
7.6165355511811024
21
-3.7667128346456691
0
LINE
8
BLACK
6
CONTINUOUS
10
7.6165355511811024
20
-3.7667128346456691
11
7.6163367716535433
21
-3.7671926771653541
0
LINE
8
BLACK
6
CONTINUOUS
10
7.6163367716535433
20
-3.7671926771653541
11
7.6160466535433073
21
-3.7684638582677166
0
LINE
8
BLACK
6
CONTINUOUS
10
7.6160466535433073
20
-3.7684638582677166
11
7.6155547244094484
21
-3.7690806692913386
0
LINE
8
BLACK
6
CONTINUOUS
10
7.6155547244094484
20
-3.7690806692913386
11
7.6154656299212595
21
-3.7692958267716534
0
LINE
8
BLACK
6
CONTINUOUS
10
7.6154656299212595
20
-3.7692958267716534
11
7.6150584645669293
21
-3.7697029527559054
0
LINE
8
BLACK
6
CONTINUOUS
10
7.6150584645669293
20
-3.7697029527559054
11
7.6140328346456689
21
-3.770989094488189
0
LINE
8
BLACK
6
CONTINUOUS
10
7.6140328346456689
20
-3.770989094488189
11
7.6135303937007874
21
-3.7712310236220472
0
LINE
8
BLACK
6
CONTINUOUS
10
7.6135303937007874
20
-3.7712310236220472
11
7.6134887401574804
21
-3.7712727165354329
0
LINE
8
BLACK
6
CONTINUOUS
10
7.6134887401574804
20
-3.7712727165354329
11
7.6131680314960626
21
-3.7714055511811022
0
LINE
8
BLACK
6
CONTINUOUS
10
7.6131680314960626
20
-3.7714055511811022
11
7.611122834645669
21
-3.7723904724409447
0
LINE
8
BLACK
6
CONTINUOUS
10
7.611122834645669
20
-3.7723904724409447
11
7.6095078740157476
21
-3.7724803149606299
0
LINE
8
BLACK
6
CONTINUOUS
10
7.6095078740157476
20
-3.7724803149606299
11
7.5810433070866141
21
-3.7724803149606299
0
LINE
8
BLACK
6
CONTINUOUS
10
7.5810433070866141
20
-3.7724803149606299
11
7.5794283464566927
21
-3.7723904724409447
0
LINE
8
BLACK
6
CONTINUOUS
10
7.5794283464566927
20
-3.7723904724409447
11
7.5773831102362204
21
-3.7714055511811022
0
LINE
8
BLACK
6
CONTINUOUS
10
7.5773831102362204
20
-3.7714055511811022
11
7.5770624409448821
21
-3.7712727165354329
0
LINE
8
BLACK
6
CONTINUOUS
10
7.5770624409448821
20
-3.7712727165354329
11
7.5770207480314955
21
-3.7712310236220472
0
LINE
8
BLACK
6
CONTINUOUS
10
7.5770207480314955
20
-3.7712310236220472
11
7.5765183464566928
21
-3.770989094488189
0
LINE
8
BLACK
6
CONTINUOUS
10
7.5765183464566928
20
-3.770989094488189
11
7.5754926771653546
21
-3.7697029527559054
0
LINE
8
BLACK
6
CONTINUOUS
10
7.5754926771653546
20
-3.7697029527559054
11
7.5750855511811022
21
-3.7692958267716534
0
LINE
8
BLACK
6
CONTINUOUS
10
7.5750855511811022
20
-3.7692958267716534
11
7.5749964173228346
21
-3.7690806692913386
0
LINE
8
BLACK
6
CONTINUOUS
10
7.5749964173228346
20
-3.7690806692913386
11
7.5745045275590552
21
-3.7684638582677166
0
LINE
8
BLACK
6
CONTINUOUS
10
7.5745045275590552
20
-3.7684638582677166
11
7.5742143700787397
21
-3.7671926771653541
0
LINE
8
BLACK
6
CONTINUOUS
10
7.5742143700787397
20
-3.7671926771653541
11
7.5740156299212593
21
-3.7667128346456691
0
LINE
8
BLACK
6
CONTINUOUS
10
7.5740156299212593
20
-3.7667128346456691
11
7.5740156299212593
21
-3.7663218110236221
0
LINE
8
BLACK
6
CONTINUOUS
10
7.5740156299212593
20
-3.7663218110236221
11
7.5737858267716538
21
-3.765314960629921
0
LINE
8
BLACK
6
CONTINUOUS
10
7.5737858267716538
20
-3.765314960629921
11
7.5740156299212593
21
-3.7643080708661416
0
LINE
8
BLACK
6
CONTINUOUS
10
7.5740156299212593
20
-3.7643080708661416
11
7.5740156299212593
21
-3.7639170866141733
0
LINE
8
BLACK
6
CONTINUOUS
10
7.5740156299212593
20
-3.7639170866141733
11
7.5742143700787397
21
-3.7634372047244096
0
LINE
8
BLACK
6
CONTINUOUS
10
7.5742143700787397
20
-3.7634372047244096
11
7.5745045275590552
21
-3.7621660629921259
0
LINE
8
BLACK
6
CONTINUOUS
10
7.5745045275590552
20
-3.7621660629921259
11
7.5749964173228346
21
-3.7615492125984251
0
LINE
8
BLACK
6
CONTINUOUS
10
7.5749964173228346
20
-3.7615492125984251
11
7.5750855511811022
21
-3.761334094488189
0
LINE
8
BLACK
6
CONTINUOUS
10
7.5750855511811022
20
-3.761334094488189
11
7.5754926771653546
21
-3.7609269291338583
0
LINE
8
BLACK
6
CONTINUOUS
10
7.5754926771653546
20
-3.7609269291338583
11
7.5765183464566928
21
-3.7596408267716535
0
LINE
8
BLACK
6
CONTINUOUS
10
7.5765183464566928
20
-3.7596408267716535
11
7.5770207480314955
21
-3.7593988582677165
0
LINE
8
BLACK
6
CONTINUOUS
10
7.5770207480314955
20
-3.7593988582677165
11
7.5770624409448821
21
-3.7593572047244095
0
LINE
8
BLACK
6
CONTINUOUS
10
7.5770624409448821
20
-3.7593572047244095
11
7.5773831102362204
21
-3.7592243307086615
0
LINE
8
BLACK
6
CONTINUOUS
10
7.5773831102362204
20
-3.7592243307086615
11
7.5794283464566927
21
-3.7582394488188977
0
LINE
8
BLACK
6
CONTINUOUS
10
7.5794283464566927
20
-3.7582394488188977
11
7.5810433070866141
21
-3.7581496062992126
0
LINE
8
BLACK
6
CONTINUOUS
10
7.5810433070866141
20
-3.7581496062992126
11
7.6095078740157476
21
-3.7581496062992126
0
LINE
8
BLACK
6
CONTINUOUS
10
7.6095078740157476
20
-3.7581496062992126
11
7.611122834645669
21
-3.7582394488188977
0
LINE
8
BLACK
6
CONTINUOUS
10
7.8054929133858266
20
-3.7582394488188977
11
7.8075381102362202
21
-3.7592243307086615
0
LINE
8
BLACK
6
CONTINUOUS
10
7.8075381102362202
20
-3.7592243307086615
11
7.8078588188976372
21
-3.7593572047244095
0
LINE
8
BLACK
6
CONTINUOUS
10
7.8078588188976372
20
-3.7593572047244095
11
7.8079004724409451
21
-3.7593988582677165
0
LINE
8
BLACK
6
CONTINUOUS
10
7.8079004724409451
20
-3.7593988582677165
11
7.8084029133858266
21
-3.7596408267716535
0
LINE
8
BLACK
6
CONTINUOUS
10
7.8084029133858266
20
-3.7596408267716535
11
7.809428543307086
21
-3.7609269291338583
0
LINE
8
BLACK
6
CONTINUOUS
10
7.809428543307086
20
-3.7609269291338583
11
7.8098357086614172
21
-3.761334094488189
0
LINE
8
BLACK
6
CONTINUOUS
10
7.8098357086614172
20
-3.761334094488189
11
7.809924803149606
21
-3.7615492125984251
0
LINE
8
BLACK
6
CONTINUOUS
10
7.809924803149606
20
-3.7615492125984251
11
7.8104167322834641
21
-3.7621660629921259
0
LINE
8
BLACK
6
CONTINUOUS
10
7.8104167322834641
20
-3.7621660629921259
11
7.8107068503937009
21
-3.7634372047244096
0
LINE
8
BLACK
6
CONTINUOUS
10
7.8107068503937009
20
-3.7634372047244096
11
7.81090562992126
21
-3.7639170866141733
0
LINE
8
BLACK
6
CONTINUOUS
10
7.81090562992126
20
-3.7639170866141733
11
7.81090562992126
21
-3.7643080708661416
0
LINE
8
BLACK
6
CONTINUOUS
10
7.81090562992126
20
-3.7643080708661416
11
7.8111354330708656
21
-3.765314960629921
0
LINE
8
BLACK
6
CONTINUOUS
10
7.8111354330708656
20
-3.765314960629921
11
7.81090562992126
21
-3.7663218110236221
0
LINE
8
BLACK
6
CONTINUOUS
10
7.81090562992126
20
-3.7663218110236221
11
7.81090562992126
21
-3.7667128346456691
0
LINE
8
BLACK
6
CONTINUOUS
10
7.81090562992126
20
-3.7667128346456691
11
7.8107068503937009
21
-3.7671926771653541
0
LINE
8
BLACK
6
CONTINUOUS
10
7.8107068503937009
20
-3.7671926771653541
11
7.8104167322834641
21
-3.7684638582677166
0
LINE
8
BLACK
6
CONTINUOUS
10
7.8104167322834641
20
-3.7684638582677166
11
7.809924803149606
21
-3.7690806692913386
0
LINE
8
BLACK
6
CONTINUOUS
10
7.809924803149606
20
-3.7690806692913386
11
7.8098357086614172
21
-3.7692958267716534
0
LINE
8
BLACK
6
CONTINUOUS
10
7.8098357086614172
20
-3.7692958267716534
11
7.809428543307086
21
-3.7697029527559054
0
LINE
8
BLACK
6
CONTINUOUS
10
7.809428543307086
20
-3.7697029527559054
11
7.8084029133858266
21
-3.770989094488189
0
LINE
8
BLACK
6
CONTINUOUS
10
7.8084029133858266
20
-3.770989094488189
11
7.8079004724409451
21
-3.7712310236220472
0
LINE
8
BLACK
6
CONTINUOUS
10
7.8079004724409451
20
-3.7712310236220472
11
7.8078588188976372
21
-3.7712727165354329
0
LINE
8
BLACK
6
CONTINUOUS
10
7.8078588188976372
20
-3.7712727165354329
11
7.8075381102362202
21
-3.7714055511811022
0
LINE
8
BLACK
6
CONTINUOUS
10
7.8075381102362202
20
-3.7714055511811022
11
7.8054929133858266
21
-3.7723904724409447
0
LINE
8
BLACK
6
CONTINUOUS
10
7.8054929133858266
20
-3.7723904724409447
11
7.8038779527559052
21
-3.7724803149606299
0
LINE
8
BLACK
6
CONTINUOUS
10
7.8038779527559052
20
-3.7724803149606299
11
7.7754133858267718
21
-3.7724803149606299
0
LINE
8
BLACK
6
CONTINUOUS
10
7.7754133858267718
20
-3.7724803149606299
11
7.7737984251968504
21
-3.7723904724409447
0
LINE
8
BLACK
6
CONTINUOUS
10
7.7737984251968504
20
-3.7723904724409447
11
7.771753188976378
21
-3.7714055511811022
0
LINE
8
BLACK
6
CONTINUOUS
10
7.771753188976378
20
-3.7714055511811022
11
7.7714325196850389
21
-3.7712727165354329
0
LINE
8
BLACK
6
CONTINUOUS
10
7.7714325196850389
20
-3.7712727165354329
11
7.7713908267716532
21
-3.7712310236220472
0
LINE
8
BLACK
6
CONTINUOUS
10
7.7713908267716532
20
-3.7712310236220472
11
7.7708884251968504
21
-3.770989094488189
0
LINE
8
BLACK
6
CONTINUOUS
10
7.7708884251968504
20
-3.770989094488189
11
7.7698627559055113
21
-3.7697029527559054
0
LINE
8
BLACK
6
CONTINUOUS
10
7.7698627559055113
20
-3.7697029527559054
11
7.7694556299212598
21
-3.7692958267716534
0
LINE
8
BLACK
6
CONTINUOUS
10
7.7694556299212598
20
-3.7692958267716534
11
7.7693664960629922
21
-3.7690806692913386
0
LINE
8
BLACK
6
CONTINUOUS
10
7.7693664960629922
20
-3.7690806692913386
11
7.768874606299212
21
-3.7684638582677166
0
LINE
8
BLACK
6
CONTINUOUS
10
7.768874606299212
20
-3.7684638582677166
11
7.7685844488188973
21
-3.7671926771653541
0
LINE
8
BLACK
6
CONTINUOUS
10
7.7685844488188973
20
-3.7671926771653541
11
7.768385708661417
21
-3.7667128346456691
0
LINE
8
BLACK
6
CONTINUOUS
10
7.768385708661417
20
-3.7667128346456691
11
7.768385708661417
21
-3.7663218110236221
0
LINE
8
BLACK
6
CONTINUOUS
10
7.768385708661417
20
-3.7663218110236221
11
7.7681559055118106
21
-3.765314960629921
0
LINE
8
BLACK
6
CONTINUOUS
10
7.7681559055118106
20
-3.765314960629921
11
7.768385708661417
21
-3.7643080708661416
0
LINE
8
BLACK
6
CONTINUOUS
10
7.768385708661417
20
-3.7643080708661416
11
7.768385708661417
21
-3.7639170866141733
0
LINE
8
BLACK
6
CONTINUOUS
10
7.768385708661417
20
-3.7639170866141733
11
7.7685844488188973
21
-3.7634372047244096
0
LINE
8
BLACK
6
CONTINUOUS
10
7.7685844488188973
20
-3.7634372047244096
11
7.768874606299212
21
-3.7621660629921259
0
LINE
8
BLACK
6
CONTINUOUS
10
7.768874606299212
20
-3.7621660629921259
11
7.7693664960629922
21
-3.7615492125984251
0
LINE
8
BLACK
6
CONTINUOUS
10
7.7693664960629922
20
-3.7615492125984251
11
7.7694556299212598
21
-3.761334094488189
0
LINE
8
BLACK
6
CONTINUOUS
10
7.7694556299212598
20
-3.761334094488189
11
7.7698627559055113
21
-3.7609269291338583
0
LINE
8
BLACK
6
CONTINUOUS
10
7.7698627559055113
20
-3.7609269291338583
11
7.7708884251968504
21
-3.7596408267716535
0
LINE
8
BLACK
6
CONTINUOUS
10
7.7708884251968504
20
-3.7596408267716535
11
7.7713908267716532
21
-3.7593988582677165
0
LINE
8
BLACK
6
CONTINUOUS
10
7.7713908267716532
20
-3.7593988582677165
11
7.7714325196850389
21
-3.7593572047244095
0
LINE
8
BLACK
6
CONTINUOUS
10
7.7714325196850389
20
-3.7593572047244095
11
7.771753188976378
21
-3.7592243307086615
0
LINE
8
BLACK
6
CONTINUOUS
10
7.771753188976378
20
-3.7592243307086615
11
7.7737984251968504
21
-3.7582394488188977
0
LINE
8
BLACK
6
CONTINUOUS
10
7.7737984251968504
20
-3.7582394488188977
11
7.7754133858267718
21
-3.7581496062992126
0
LINE
8
BLACK
6
CONTINUOUS
10
7.7754133858267718
20
-3.7581496062992126
11
7.8038779527559052
21
-3.7581496062992126
0
LINE
8
BLACK
6
CONTINUOUS
10
7.8038779527559052
20
-3.7581496062992126
11
7.8054929133858266
21
-3.7582394488188977
0
LINE
8
BLACK
6
CONTINUOUS
10
5.1818307086614173
20
-3.7586614173228345
11
5.1503346456692913
21
-3.7586614173228345
0
LINE
8
BLACK
6
CONTINUOUS
10
5.1503346456692913
20
-3.7586614173228345
11
5.1503346456692913
21
-3.7232283464566929
0
LINE
8
BLACK
6
CONTINUOUS
10
5.1503346456692913
20
-3.7232283464566929
11
5.1818307086614173
21
-3.7232283464566929
0
LINE
8
BLACK
6
CONTINUOUS
10
5.1818307086614173
20
-3.7232283464566929
11
5.1818307086614173
21
-3.7586614173228345
0
LINE
8
BLACK
6
CONTINUOUS
10
5.2369488188976376
20
-3.7586614173228345
11
5.2054527559055117
21
-3.7586614173228345
0
LINE
8
BLACK
6
CONTINUOUS
10
5.2054527559055117
20
-3.7586614173228345
11
5.2054527559055117
21
-3.7232283464566929
0
LINE
8
BLACK
6
CONTINUOUS
10
5.2054527559055117
20
-3.7232283464566929
11
5.2369488188976376
21
-3.7232283464566929
0
LINE
8
BLACK
6
CONTINUOUS
10
5.2369488188976376
20
-3.7232283464566929
11
5.2369488188976376
21
-3.7586614173228345
0
LINE
8
BLACK
6
CONTINUOUS
10
7.9294846456692909
20
-3.754171653543307
11
7.866492519685039
21
-3.754171653543307
0
LINE
8
BLACK
6
CONTINUOUS
10
7.866492519685039
20
-3.754171653543307
11
7.866492519685039
21
-3.7242503937007871
0
LINE
8
BLACK
6
CONTINUOUS
10
7.866492519685039
20
-3.7242503937007871
11
7.9294846456692909
21
-3.7242503937007871
0
LINE
8
BLACK
6
CONTINUOUS
10
7.9294846456692909
20
-3.7242503937007871
11
7.9294846456692909
21
-3.754171653543307
0
LINE
8
BLACK
6
CONTINUOUS
10
8.229878346456692
20
-3.754171653543307
11
8.1668862204724402
21
-3.754171653543307
0
LINE
8
BLACK
6
CONTINUOUS
10
8.1668862204724402
20
-3.754171653543307
11
8.1668862204724402
21
-3.7242503937007871
0
LINE
8
BLACK
6
CONTINUOUS
10
8.1668862204724402
20
-3.7242503937007871
11
8.229878346456692
21
-3.7242503937007871
0
LINE
8
BLACK
6
CONTINUOUS
10
8.229878346456692
20
-3.7242503937007871
11
8.229878346456692
21
-3.754171653543307
0
LINE
8
BLACK
6
CONTINUOUS
10
5.3202370078740158
20
-3.7389874803149605
11
5.3222822047244094
21
-3.7399723622047243
0
LINE
8
BLACK
6
CONTINUOUS
10
5.3222822047244094
20
-3.7399723622047243
11
5.3226029133858264
21
-3.7401052362204723
0
LINE
8
BLACK
6
CONTINUOUS
10
5.3226029133858264
20
-3.7401052362204723
11
5.3226445669291333
21
-3.7401468897637793
0
LINE
8
BLACK
6
CONTINUOUS
10
5.3226445669291333
20
-3.7401468897637793
11
5.3231470078740157
21
-3.7403888582677163
0
LINE
8
BLACK
6
CONTINUOUS
10
5.3231470078740157
20
-3.7403888582677163
11
5.3241726377952752
21
-3.7416749606299211
0
LINE
8
BLACK
6
CONTINUOUS
10
5.3241726377952752
20
-3.7416749606299211
11
5.3245798031496063
21
-3.7420821259842518
0
LINE
8
BLACK
6
CONTINUOUS
10
5.3245798031496063
20
-3.7420821259842518
11
5.3246688976377952
21
-3.7422972440944879
0
LINE
8
BLACK
6
CONTINUOUS
10
5.3246688976377952
20
-3.7422972440944879
11
5.3251608267716533
21
-3.7429140944881887
0
LINE
8
BLACK
6
CONTINUOUS
10
5.3251608267716533
20
-3.7429140944881887
11
5.3254509448818901
21
-3.7441852362204724
0
LINE
8
BLACK
6
CONTINUOUS
10
5.3254509448818901
20
-3.7441852362204724
11
5.3256497244094483
21
-3.7446651181102362
0
LINE
8
BLACK
6
CONTINUOUS
10
5.3256497244094483
20
-3.7446651181102362
11
5.3256497244094483
21
-3.7450561023622044
0
LINE
8
BLACK
6
CONTINUOUS
10
5.3256497244094483
20
-3.7450561023622044
11
5.3258795275590547
21
-3.7460629921259843
0
LINE
8
BLACK
6
CONTINUOUS
10
5.3258795275590547
20
-3.7460629921259843
11
5.3256497244094483
21
-3.7470698425196849
0
LINE
8
BLACK
6
CONTINUOUS
10
5.3256497244094483
20
-3.7470698425196849
11
5.3256497244094483
21
-3.7474608661417323
0
LINE
8
BLACK
6
CONTINUOUS
10
5.3256497244094483
20
-3.7474608661417323
11
5.3254509448818901
21
-3.7479407086614174
0
LINE
8
BLACK
6
CONTINUOUS
10
5.3254509448818901
20
-3.7479407086614174
11
5.3251608267716533
21
-3.7492118897637794
0
LINE
8
BLACK
6
CONTINUOUS
10
5.3251608267716533
20
-3.7492118897637794
11
5.3246688976377952
21
-3.7498287007874014
0
LINE
8
BLACK
6
CONTINUOUS
10
5.3246688976377952
20
-3.7498287007874014
11
5.3245798031496063
21
-3.7500438582677162
0
LINE
8
BLACK
6
CONTINUOUS
10
5.3245798031496063
20
-3.7500438582677162
11
5.3241726377952752
21
-3.7504509842519682
0
LINE
8
BLACK
6
CONTINUOUS
10
5.3241726377952752
20
-3.7504509842519682
11
5.3231470078740157
21
-3.7517371259842518
0
LINE
8
BLACK
6
CONTINUOUS
10
5.3231470078740157
20
-3.7517371259842518
11
5.3226445669291333
21
-3.75197905511811
0
LINE
8
BLACK
6
CONTINUOUS
10
5.3226445669291333
20
-3.75197905511811
11
5.3226029133858264
21
-3.7520207480314958
0
LINE
8
BLACK
6
CONTINUOUS
10
5.3226029133858264
20
-3.7520207480314958
11
5.3222822047244094
21
-3.7521535826771655
0
LINE
8
BLACK
6
CONTINUOUS
10
5.3222822047244094
20
-3.7521535826771655
11
5.3202370078740158
21
-3.753138503937008
0
LINE
8
BLACK
6
CONTINUOUS
10
5.3202370078740158
20
-3.753138503937008
11
5.3186220472440944
21
-3.7532283464566927
0
LINE
8
BLACK
6
CONTINUOUS
10
5.3186220472440944
20
-3.7532283464566927
11
5.2901574803149609
21
-3.7532283464566927
0
LINE
8
BLACK
6
CONTINUOUS
10
5.2901574803149609
20
-3.7532283464566927
11
5.2885425196850395
21
-3.753138503937008
0
LINE
8
BLACK
6
CONTINUOUS
10
5.2885425196850395
20
-3.753138503937008
11
5.2864972834645672
21
-3.7521535826771655
0
LINE
8
BLACK
6
CONTINUOUS
10
5.2864972834645672
20
-3.7521535826771655
11
5.286176614173228
21
-3.7520207480314958
0
LINE
8
BLACK
6
CONTINUOUS
10
5.286176614173228
20
-3.7520207480314958
11
5.2861349212598423
21
-3.75197905511811
0
LINE
8
BLACK
6
CONTINUOUS
10
5.2861349212598423
20
-3.75197905511811
11
5.2856325196850396
21
-3.7517371259842518
0
LINE
8
BLACK
6
CONTINUOUS
10
5.2856325196850396
20
-3.7517371259842518
11
5.2846068503937005
21
-3.7504509842519682
0
LINE
8
BLACK
6
CONTINUOUS
10
5.2846068503937005
20
-3.7504509842519682
11
5.284199724409449
21
-3.7500438582677162
0
LINE
8
BLACK
6
CONTINUOUS
10
5.284199724409449
20
-3.7500438582677162
11
5.2841105905511814
21
-3.7498287007874014
0
LINE
8
BLACK
6
CONTINUOUS
10
5.2841105905511814
20
-3.7498287007874014
11
5.2836187007874011
21
-3.7492118897637794
0
LINE
8
BLACK
6
CONTINUOUS
10
5.2836187007874011
20
-3.7492118897637794
11
5.2833285433070865
21
-3.7479407086614174
0
LINE
8
BLACK
6
CONTINUOUS
10
5.2833285433070865
20
-3.7479407086614174
11
5.2831298031496061
21
-3.7474608661417323
0
LINE
8
BLACK
6
CONTINUOUS
10
5.2831298031496061
20
-3.7474608661417323
11
5.2831298031496061
21
-3.7470698425196849
0
LINE
8
BLACK
6
CONTINUOUS
10
5.2831298031496061
20
-3.7470698425196849
11
5.2828999999999997
21
-3.7460629921259843
0
LINE
8
BLACK
6
CONTINUOUS
10
5.2828999999999997
20
-3.7460629921259843
11
5.2831298031496061
21
-3.7450561023622044
0
LINE
8
BLACK
6
CONTINUOUS
10
5.2831298031496061
20
-3.7450561023622044
11
5.2831298031496061
21
-3.7446651181102362
0
LINE
8
BLACK
6
CONTINUOUS
10
5.2831298031496061
20
-3.7446651181102362
11
5.2833285433070865
21
-3.7441852362204724
0
LINE
8
BLACK
6
CONTINUOUS
10
5.2833285433070865
20
-3.7441852362204724
11
5.2836187007874011
21
-3.7429140944881887
0
LINE
8
BLACK
6
CONTINUOUS
10
5.2836187007874011
20
-3.7429140944881887
11
5.2841105905511814
21
-3.7422972440944879
0
LINE
8
BLACK
6
CONTINUOUS
10
5.2841105905511814
20
-3.7422972440944879
11
5.284199724409449
21
-3.7420821259842518
0
LINE
8
BLACK
6
CONTINUOUS
10
5.284199724409449
20
-3.7420821259842518
11
5.2846068503937005
21
-3.7416749606299211
0
LINE
8
BLACK
6
CONTINUOUS
10
5.2846068503937005
20
-3.7416749606299211
11
5.2856325196850396
21
-3.7403888582677163
0
LINE
8
BLACK
6
CONTINUOUS
10
5.2856325196850396
20
-3.7403888582677163
11
5.2861349212598423
21
-3.7401468897637793
0
LINE
8
BLACK
6
CONTINUOUS
10
5.2861349212598423
20
-3.7401468897637793
11
5.286176614173228
21
-3.7401052362204723
0
LINE
8
BLACK
6
CONTINUOUS
10
5.286176614173228
20
-3.7401052362204723
11
5.2864972834645672
21
-3.7399723622047243
0
LINE
8
BLACK
6
CONTINUOUS
10
5.2864972834645672
20
-3.7399723622047243
11
5.2885425196850395
21
-3.7389874803149605
0
LINE
8
BLACK
6
CONTINUOUS
10
5.2885425196850395
20
-3.7389874803149605
11
5.2901574803149609
21
-3.7388976377952754
0
LINE
8
BLACK
6
CONTINUOUS
10
5.2901574803149609
20
-3.7388976377952754
11
5.3186220472440944
21
-3.7388976377952754
0
LINE
8
BLACK
6
CONTINUOUS
10
5.3186220472440944
20
-3.7388976377952754
11
5.3202370078740158
21
-3.7389874803149605
0
LINE
8
BLACK
6
CONTINUOUS
10
5.5146070866141734
20
-3.7389874803149605
11
5.516652283464567
21
-3.7399723622047243
0
LINE
8
BLACK
6
CONTINUOUS
10
5.516652283464567
20
-3.7399723622047243
11
5.516972992125984
21
-3.7401052362204723
0
LINE
8
BLACK
6
CONTINUOUS
10
5.516972992125984
20
-3.7401052362204723
11
5.517014645669291
21
-3.7401468897637793
0
LINE
8
BLACK
6
CONTINUOUS
10
5.517014645669291
20
-3.7401468897637793
11
5.5175170866141734
21
-3.7403888582677163
0
LINE
8
BLACK
6
CONTINUOUS
10
5.5175170866141734
20
-3.7403888582677163
11
5.5185427165354328
21
-3.7416749606299211
0
LINE
8
BLACK
6
CONTINUOUS
10
5.5185427165354328
20
-3.7416749606299211
11
5.518949881889764
21
-3.7420821259842518
0
LINE
8
BLACK
6
CONTINUOUS
10
5.518949881889764
20
-3.7420821259842518
11
5.5190389763779528
21
-3.7422972440944879
0
LINE
8
BLACK
6
CONTINUOUS
10
5.5190389763779528
20
-3.7422972440944879
11
5.5195309055118109
21
-3.7429140944881887
0
LINE
8
BLACK
6
CONTINUOUS
10
5.5195309055118109
20
-3.7429140944881887
11
5.5198210236220469
21
-3.7441852362204724
0
LINE
8
BLACK
6
CONTINUOUS
10
5.5198210236220469
20
-3.7441852362204724
11
5.5200198031496059
21
-3.7446651181102362
0
LINE
8
BLACK
6
CONTINUOUS
10
5.5200198031496059
20
-3.7446651181102362
11
5.5200198031496059
21
-3.7450561023622044
0
LINE
8
BLACK
6
CONTINUOUS
10
5.5200198031496059
20
-3.7450561023622044
11
5.5202496062992124
21
-3.7460629921259843
0
LINE
8
BLACK
6
CONTINUOUS
10
5.5202496062992124
20
-3.7460629921259843
11
5.5200198031496059
21
-3.7470698425196849
0
LINE
8
BLACK
6
CONTINUOUS
10
5.5200198031496059
20
-3.7470698425196849
11
5.5200198031496059
21
-3.7474608661417323
0
LINE
8
BLACK
6
CONTINUOUS
10
5.5200198031496059
20
-3.7474608661417323
11
5.5198210236220469
21
-3.7479407086614174
0
LINE
8
BLACK
6
CONTINUOUS
10
5.5198210236220469
20
-3.7479407086614174
11
5.5195309055118109
21
-3.7492118897637794
0
LINE
8
BLACK
6
CONTINUOUS
10
5.5195309055118109
20
-3.7492118897637794
11
5.5190389763779528
21
-3.7498287007874014
0
LINE
8
BLACK
6
CONTINUOUS
10
5.5190389763779528
20
-3.7498287007874014
11
5.518949881889764
21
-3.7500438582677162
0
LINE
8
BLACK
6
CONTINUOUS
10
5.518949881889764
20
-3.7500438582677162
11
5.5185427165354328
21
-3.7504509842519682
0
LINE
8
BLACK
6
CONTINUOUS
10
5.5185427165354328
20
-3.7504509842519682
11
5.5175170866141734
21
-3.7517371259842518
0
LINE
8
BLACK
6
CONTINUOUS
10
5.5175170866141734
20
-3.7517371259842518
11
5.517014645669291
21
-3.75197905511811
0
LINE
8
BLACK
6
CONTINUOUS
10
5.517014645669291
20
-3.75197905511811
11
5.516972992125984
21
-3.7520207480314958
0
LINE
8
BLACK
6
CONTINUOUS
10
5.516972992125984
20
-3.7520207480314958
11
5.516652283464567
21
-3.7521535826771655
0
LINE
8
BLACK
6
CONTINUOUS
10
5.516652283464567
20
-3.7521535826771655
11
5.5146070866141734
21
-3.753138503937008
0
LINE
8
BLACK
6
CONTINUOUS
10
5.5146070866141734
20
-3.753138503937008
11
5.512992125984252
21
-3.7532283464566927
0
LINE
8
BLACK
6
CONTINUOUS
10
5.512992125984252
20
-3.7532283464566927
11
5.4845275590551177
21
-3.7532283464566927
0
LINE
8
BLACK
6
CONTINUOUS
10
5.4845275590551177
20
-3.7532283464566927
11
5.4829125984251963
21
-3.753138503937008
0
LINE
8
BLACK
6
CONTINUOUS
10
5.4829125984251963
20
-3.753138503937008
11
5.4808673622047239
21
-3.7521535826771655
0
LINE
8
BLACK
6
CONTINUOUS
10
5.4808673622047239
20
-3.7521535826771655
11
5.4805466929133857
21
-3.7520207480314958
0
LINE
8
BLACK
6
CONTINUOUS
10
5.4805466929133857
20
-3.7520207480314958
11
5.480505
21
-3.75197905511811
0
LINE
8
BLACK
6
CONTINUOUS
10
5.480505
20
-3.75197905511811
11
5.4800025984251963
21
-3.7517371259842518
0
LINE
8
BLACK
6
CONTINUOUS
10
5.4800025984251963
20
-3.7517371259842518
11
5.4789769291338581
21
-3.7504509842519682
0
LINE
8
BLACK
6
CONTINUOUS
10
5.4789769291338581
20
-3.7504509842519682
11
5.4785698031496057
21
-3.7500438582677162
0
LINE
8
BLACK
6
CONTINUOUS
10
5.4785698031496057
20
-3.7500438582677162
11
5.4784806692913381
21
-3.7498287007874014
0
LINE
8
BLACK
6
CONTINUOUS
10
5.4784806692913381
20
-3.7498287007874014
11
5.4779887795275588
21
-3.7492118897637794
0
LINE
8
BLACK
6
CONTINUOUS
10
5.4779887795275588
20
-3.7492118897637794
11
5.4776986220472441
21
-3.7479407086614174
0
LINE
8
BLACK
6
CONTINUOUS
10
5.4776986220472441
20
-3.7479407086614174
11
5.4774998818897638
21
-3.7474608661417323
0
LINE
8
BLACK
6
CONTINUOUS
10
5.4774998818897638
20
-3.7474608661417323
11
5.4774998818897638
21
-3.7470698425196849
0
LINE
8
BLACK
6
CONTINUOUS
10
5.4774998818897638
20
-3.7470698425196849
11
5.4772700787401574
21
-3.7460629921259843
0
LINE
8
BLACK
6
CONTINUOUS
10
5.4772700787401574
20
-3.7460629921259843
11
5.4774998818897638
21
-3.7450561023622044
0
LINE
8
BLACK
6
CONTINUOUS
10
5.4774998818897638
20
-3.7450561023622044
11
5.4774998818897638
21
-3.7446651181102362
0
LINE
8
BLACK
6
CONTINUOUS
10
5.4774998818897638
20
-3.7446651181102362
11
5.4776986220472441
21
-3.7441852362204724
0
LINE
8
BLACK
6
CONTINUOUS
10
5.4776986220472441
20
-3.7441852362204724
11
5.4779887795275588
21
-3.7429140944881887
0
LINE
8
BLACK
6
CONTINUOUS
10
5.4779887795275588
20
-3.7429140944881887
11
5.4784806692913381
21
-3.7422972440944879
0
LINE
8
BLACK
6
CONTINUOUS
10
5.4784806692913381
20
-3.7422972440944879
11
5.4785698031496057
21
-3.7420821259842518
0
LINE
8
BLACK
6
CONTINUOUS
10
5.4785698031496057
20
-3.7420821259842518
11
5.4789769291338581
21
-3.7416749606299211
0
LINE
8
BLACK
6
CONTINUOUS
10
5.4789769291338581
20
-3.7416749606299211
11
5.4800025984251963
21
-3.7403888582677163
0
LINE
8
BLACK
6
CONTINUOUS
10
5.4800025984251963
20
-3.7403888582677163
11
5.480505
21
-3.7401468897637793
0
LINE
8
BLACK
6
CONTINUOUS
10
5.480505
20
-3.7401468897637793
11
5.4805466929133857
21
-3.7401052362204723
0
LINE
8
BLACK
6
CONTINUOUS
10
5.4805466929133857
20
-3.7401052362204723
11
5.4808673622047239
21
-3.7399723622047243
0
LINE
8
BLACK
6
CONTINUOUS
10
5.4808673622047239
20
-3.7399723622047243
11
5.4829125984251963
21
-3.7389874803149605
0
LINE
8
BLACK
6
CONTINUOUS
10
5.4829125984251963
20
-3.7389874803149605
11
5.4845275590551177
21
-3.7388976377952754
0
LINE
8
BLACK
6
CONTINUOUS
10
5.4845275590551177
20
-3.7388976377952754
11
5.512992125984252
21
-3.7388976377952754
0
LINE
8
BLACK
6
CONTINUOUS
10
5.512992125984252
20
-3.7388976377952754
11
5.5146070866141734
21
-3.7389874803149605
0
LINE
8
BLACK
6
CONTINUOUS
10
6.8733866141732278
20
-3.7389874803149605
11
6.8754318110236223
21
-3.7399723622047243
0
LINE
8
BLACK
6
CONTINUOUS
10
6.8754318110236223
20
-3.7399723622047243
11
6.8757525196850393
21
-3.7401052362204723
0
LINE
8
BLACK
6
CONTINUOUS
10
6.8757525196850393
20
-3.7401052362204723
11
6.8757941732283463
21
-3.7401468897637793
0
LINE
8
BLACK
6
CONTINUOUS
10
6.8757941732283463
20
-3.7401468897637793
11
6.8762966141732278
21
-3.7403888582677163
0
LINE
8
BLACK
6
CONTINUOUS
10
6.8762966141732278
20
-3.7403888582677163
11
6.8773222440944881
21
-3.7416749606299211
0
LINE
8
BLACK
6
CONTINUOUS
10
6.8773222440944881
20
-3.7416749606299211
11
6.8777294094488184
21
-3.7420821259842518
0
LINE
8
BLACK
6
CONTINUOUS
10
6.8777294094488184
20
-3.7420821259842518
11
6.8778185039370081
21
-3.7422972440944879
0
LINE
8
BLACK
6
CONTINUOUS
10
6.8778185039370081
20
-3.7422972440944879
11
6.8783104330708662
21
-3.7429140944881887
0
LINE
8
BLACK
6
CONTINUOUS
10
6.8783104330708662
20
-3.7429140944881887
11
6.8786005511811021
21
-3.7441852362204724
0
LINE
8
BLACK
6
CONTINUOUS
10
6.8786005511811021
20
-3.7441852362204724
11
6.8787993307086612
21
-3.7446651181102362
0
LINE
8
BLACK
6
CONTINUOUS
10
6.8787993307086612
20
-3.7446651181102362
11
6.8787993307086612
21
-3.7450561023622044
0
LINE
8
BLACK
6
CONTINUOUS
10
6.8787993307086612
20
-3.7450561023622044
11
6.8790291338582676
21
-3.7460629921259843
0
LINE
8
BLACK
6
CONTINUOUS
10
6.8790291338582676
20
-3.7460629921259843
11
6.8787993307086612
21
-3.7470698425196849
0
LINE
8
BLACK
6
CONTINUOUS
10
6.8787993307086612
20
-3.7470698425196849
11
6.8787993307086612
21
-3.7474608661417323
0
LINE
8
BLACK
6
CONTINUOUS
10
6.8787993307086612
20
-3.7474608661417323
11
6.8786005511811021
21
-3.7479407086614174
0
LINE
8
BLACK
6
CONTINUOUS
10
6.8786005511811021
20
-3.7479407086614174
11
6.8783104330708662
21
-3.7492118897637794
0
LINE
8
BLACK
6
CONTINUOUS
10
6.8783104330708662
20
-3.7492118897637794
11
6.8778185039370081
21
-3.7498287007874014
0
LINE
8
BLACK
6
CONTINUOUS
10
6.8778185039370081
20
-3.7498287007874014
11
6.8777294094488184
21
-3.7500438582677162
0
LINE
8
BLACK
6
CONTINUOUS
10
6.8777294094488184
20
-3.7500438582677162
11
6.8773222440944881
21
-3.7504509842519682
0
LINE
8
BLACK
6
CONTINUOUS
10
6.8773222440944881
20
-3.7504509842519682
11
6.8762966141732278
21
-3.7517371259842518
0
LINE
8
BLACK
6
CONTINUOUS
10
6.8762966141732278
20
-3.7517371259842518
11
6.8757941732283463
21
-3.75197905511811
0
LINE
8
BLACK
6
CONTINUOUS
10
6.8757941732283463
20
-3.75197905511811
11
6.8757525196850393
21
-3.7520207480314958
0
LINE
8
BLACK
6
CONTINUOUS
10
6.8757525196850393
20
-3.7520207480314958
11
6.8754318110236223
21
-3.7521535826771655
0
LINE
8
BLACK
6
CONTINUOUS
10
6.8754318110236223
20
-3.7521535826771655
11
6.8733866141732278
21
-3.753138503937008
0
LINE
8
BLACK
6
CONTINUOUS
10
6.8733866141732278
20
-3.753138503937008
11
6.8717716535433073
21
-3.7532283464566927
0
LINE
8
BLACK
6
CONTINUOUS
10
6.8717716535433073
20
-3.7532283464566927
11
6.843307086614173
21
-3.7532283464566927
0
LINE
8
BLACK
6
CONTINUOUS
10
6.843307086614173
20
-3.7532283464566927
11
6.8416921259842516
21
-3.753138503937008
0
LINE
8
BLACK
6
CONTINUOUS
10
6.8416921259842516
20
-3.753138503937008
11
6.8396468897637792
21
-3.7521535826771655
0
LINE
8
BLACK
6
CONTINUOUS
10
6.8396468897637792
20
-3.7521535826771655
11
6.839326220472441
21
-3.7520207480314958
0
LINE
8
BLACK
6
CONTINUOUS
10
6.839326220472441
20
-3.7520207480314958
11
6.8392845275590552
21
-3.75197905511811
0
LINE
8
BLACK
6
CONTINUOUS
10
6.8392845275590552
20
-3.75197905511811
11
6.8387821259842516
21
-3.7517371259842518
0
LINE
8
BLACK
6
CONTINUOUS
10
6.8387821259842516
20
-3.7517371259842518
11
6.8377564566929134
21
-3.7504509842519682
0
LINE
8
BLACK
6
CONTINUOUS
10
6.8377564566929134
20
-3.7504509842519682
11
6.837349330708661
21
-3.7500438582677162
0
LINE
8
BLACK
6
CONTINUOUS
10
6.837349330708661
20
-3.7500438582677162
11
6.8372601968503934
21
-3.7498287007874014
0
LINE
8
BLACK
6
CONTINUOUS
10
6.8372601968503934
20
-3.7498287007874014
11
6.8367683070866141
21
-3.7492118897637794
0
LINE
8
BLACK
6
CONTINUOUS
10
6.8367683070866141
20
-3.7492118897637794
11
6.8364781496062994
21
-3.7479407086614174
0
LINE
8
BLACK
6
CONTINUOUS
10
6.8364781496062994
20
-3.7479407086614174
11
6.8362794094488191
21
-3.7474608661417323
0
LINE
8
BLACK
6
CONTINUOUS
10
6.8362794094488191
20
-3.7474608661417323
11
6.8362794094488191
21
-3.7470698425196849
0
LINE
8
BLACK
6
CONTINUOUS
10
6.8362794094488191
20
-3.7470698425196849
11
6.8360496062992127
21
-3.7460629921259843
0
LINE
8
BLACK
6
CONTINUOUS
10
6.8360496062992127
20
-3.7460629921259843
11
6.8362794094488191
21
-3.7450561023622044
0
LINE
8
BLACK
6
CONTINUOUS
10
6.8362794094488191
20
-3.7450561023622044
11
6.8362794094488191
21
-3.7446651181102362
0
LINE
8
BLACK
6
CONTINUOUS
10
6.8362794094488191
20
-3.7446651181102362
11
6.8364781496062994
21
-3.7441852362204724
0
LINE
8
BLACK
6
CONTINUOUS
10
6.8364781496062994
20
-3.7441852362204724
11
6.8367683070866141
21
-3.7429140944881887
0
LINE
8
BLACK
6
CONTINUOUS
10
6.8367683070866141
20
-3.7429140944881887
11
6.8372601968503934
21
-3.7422972440944879
0
LINE
8
BLACK
6
CONTINUOUS
10
6.8372601968503934
20
-3.7422972440944879
11
6.837349330708661
21
-3.7420821259842518
0
LINE
8
BLACK
6
CONTINUOUS
10
6.837349330708661
20
-3.7420821259842518
11
6.8377564566929134
21
-3.7416749606299211
0
LINE
8
BLACK
6
CONTINUOUS
10
6.8377564566929134
20
-3.7416749606299211
11
6.8387821259842516
21
-3.7403888582677163
0
LINE
8
BLACK
6
CONTINUOUS
10
6.8387821259842516
20
-3.7403888582677163
11
6.8392845275590552
21
-3.7401468897637793
0
LINE
8
BLACK
6
CONTINUOUS
10
6.8392845275590552
20
-3.7401468897637793
11
6.839326220472441
21
-3.7401052362204723
0
LINE
8
BLACK
6
CONTINUOUS
10
6.839326220472441
20
-3.7401052362204723
11
6.8396468897637792
21
-3.7399723622047243
0
LINE
8
BLACK
6
CONTINUOUS
10
6.8396468897637792
20
-3.7399723622047243
11
6.8416921259842516
21
-3.7389874803149605
0
LINE
8
BLACK
6
CONTINUOUS
10
6.8416921259842516
20
-3.7389874803149605
11
6.843307086614173
21
-3.7388976377952754
0
LINE
8
BLACK
6
CONTINUOUS
10
6.843307086614173
20
-3.7388976377952754
11
6.8717716535433073
21
-3.7388976377952754
0
LINE
8
BLACK
6
CONTINUOUS
10
6.8717716535433073
20
-3.7388976377952754
11
6.8733866141732278
21
-3.7389874803149605
0
LINE
8
BLACK
6
CONTINUOUS
10
7.0677566929133855
20
-3.7389874803149605
11
7.0698018897637791
21
-3.7399723622047243
0
LINE
8
BLACK
6
CONTINUOUS
10
7.0698018897637791
20
-3.7399723622047243
11
7.070122598425197
21
-3.7401052362204723
0
LINE
8
BLACK
6
CONTINUOUS
10
7.070122598425197
20
-3.7401052362204723
11
7.070164251968504
21
-3.7401468897637793
0
LINE
8
BLACK
6
CONTINUOUS
10
7.070164251968504
20
-3.7401468897637793
11
7.0706666929133855
21
-3.7403888582677163
0
LINE
8
BLACK
6
CONTINUOUS
10
7.0706666929133855
20
-3.7403888582677163
11
7.0716923228346458
21
-3.7416749606299211
0
LINE
8
BLACK
6
CONTINUOUS
10
7.0716923228346458
20
-3.7416749606299211
11
7.072099488188976
21
-3.7420821259842518
0
LINE
8
BLACK
6
CONTINUOUS
10
7.072099488188976
20
-3.7420821259842518
11
7.0721885826771649
21
-3.7422972440944879
0
LINE
8
BLACK
6
CONTINUOUS
10
7.0721885826771649
20
-3.7422972440944879
11
7.0726805118110239
21
-3.7429140944881887
0
LINE
8
BLACK
6
CONTINUOUS
10
7.0726805118110239
20
-3.7429140944881887
11
7.0729706299212598
21
-3.7441852362204724
0
LINE
8
BLACK
6
CONTINUOUS
10
7.0729706299212598
20
-3.7441852362204724
11
7.0731694094488189
21
-3.7446651181102362
0
LINE
8
BLACK
6
CONTINUOUS
10
7.0731694094488189
20
-3.7446651181102362
11
7.0731694094488189
21
-3.7450561023622044
0
LINE
8
BLACK
6
CONTINUOUS
10
7.0731694094488189
20
-3.7450561023622044
11
7.0733992125984253
21
-3.7460629921259843
0
LINE
8
BLACK
6
CONTINUOUS
10
7.0733992125984253
20
-3.7460629921259843
11
7.0731694094488189
21
-3.7470698425196849
0
LINE
8
BLACK
6
CONTINUOUS
10
7.0731694094488189
20
-3.7470698425196849
11
7.0731694094488189
21
-3.7474608661417323
0
LINE
8
BLACK
6
CONTINUOUS
10
7.0731694094488189
20
-3.7474608661417323
11
7.0729706299212598
21
-3.7479407086614174
0
LINE
8
BLACK
6
CONTINUOUS
10
7.0729706299212598
20
-3.7479407086614174
11
7.0726805118110239
21
-3.7492118897637794
0
LINE
8
BLACK
6
CONTINUOUS
10
7.0726805118110239
20
-3.7492118897637794
11
7.0721885826771649
21
-3.7498287007874014
0
LINE
8
BLACK
6
CONTINUOUS
10
7.0721885826771649
20
-3.7498287007874014
11
7.072099488188976
21
-3.7500438582677162
0
LINE
8
BLACK
6
CONTINUOUS
10
7.072099488188976
20
-3.7500438582677162
11
7.0716923228346458
21
-3.7504509842519682
0
LINE
8
BLACK
6
CONTINUOUS
10
7.0716923228346458
20
-3.7504509842519682
11
7.0706666929133855
21
-3.7517371259842518
0
LINE
8
BLACK
6
CONTINUOUS
10
7.0706666929133855
20
-3.7517371259842518
11
7.070164251968504
21
-3.75197905511811
0
LINE
8
BLACK
6
CONTINUOUS
10
7.070164251968504
20
-3.75197905511811
11
7.070122598425197
21
-3.7520207480314958
0
LINE
8
BLACK
6
CONTINUOUS
10
7.070122598425197
20
-3.7520207480314958
11
7.0698018897637791
21
-3.7521535826771655
0
LINE
8
BLACK
6
CONTINUOUS
10
7.0698018897637791
20
-3.7521535826771655
11
7.0677566929133855
21
-3.753138503937008
0
LINE
8
BLACK
6
CONTINUOUS
10
7.0677566929133855
20
-3.753138503937008
11
7.0661417322834641
21
-3.7532283464566927
0
LINE
8
BLACK
6
CONTINUOUS
10
7.0661417322834641
20
-3.7532283464566927
11
7.0376771653543306
21
-3.7532283464566927
0
LINE
8
BLACK
6
CONTINUOUS
10
7.0376771653543306
20
-3.7532283464566927
11
7.0360622047244092
21
-3.753138503937008
0
LINE
8
BLACK
6
CONTINUOUS
10
7.0360622047244092
20
-3.753138503937008
11
7.0340169685039369
21
-3.7521535826771655
0
LINE
8
BLACK
6
CONTINUOUS
10
7.0340169685039369
20
-3.7521535826771655
11
7.0336962992125986
21
-3.7520207480314958
0
LINE
8
BLACK
6
CONTINUOUS
10
7.0336962992125986
20
-3.7520207480314958
11
7.033654606299212
21
-3.75197905511811
0
LINE
8
BLACK
6
CONTINUOUS
10
7.033654606299212
20
-3.75197905511811
11
7.0331522047244093
21
-3.7517371259842518
0
LINE
8
BLACK
6
CONTINUOUS
10
7.0331522047244093
20
-3.7517371259842518
11
7.0321265354330711
21
-3.7504509842519682
0
LINE
8
BLACK
6
CONTINUOUS
10
7.0321265354330711
20
-3.7504509842519682
11
7.0317194094488187
21
-3.7500438582677162
0
LINE
8
BLACK
6
CONTINUOUS
10
7.0317194094488187
20
-3.7500438582677162
11
7.0316302755905511
21
-3.7498287007874014
0
LINE
8
BLACK
6
CONTINUOUS
10
7.0316302755905511
20
-3.7498287007874014
11
7.0311383858267718
21
-3.7492118897637794
0
LINE
8
BLACK
6
CONTINUOUS
10
7.0311383858267718
20
-3.7492118897637794
11
7.0308482283464562
21
-3.7479407086614174
0
LINE
8
BLACK
6
CONTINUOUS
10
7.0308482283464562
20
-3.7479407086614174
11
7.0306494881889758
21
-3.7474608661417323
0
LINE
8
BLACK
6
CONTINUOUS
10
7.0306494881889758
20
-3.7474608661417323
11
7.0306494881889758
21
-3.7470698425196849
0
LINE
8
BLACK
6
CONTINUOUS
10
7.0306494881889758
20
-3.7470698425196849
11
7.0304196850393703
21
-3.7460629921259843
0
LINE
8
BLACK
6
CONTINUOUS
10
7.0304196850393703
20
-3.7460629921259843
11
7.0306494881889758
21
-3.7450561023622044
0
LINE
8
BLACK
6
CONTINUOUS
10
7.0306494881889758
20
-3.7450561023622044
11
7.0306494881889758
21
-3.7446651181102362
0
LINE
8
BLACK
6
CONTINUOUS
10
7.0306494881889758
20
-3.7446651181102362
11
7.0308482283464562
21
-3.7441852362204724
0
LINE
8
BLACK
6
CONTINUOUS
10
7.0308482283464562
20
-3.7441852362204724
11
7.0311383858267718
21
-3.7429140944881887
0
LINE
8
BLACK
6
CONTINUOUS
10
7.0311383858267718
20
-3.7429140944881887
11
7.0316302755905511
21
-3.7422972440944879
0
LINE
8
BLACK
6
CONTINUOUS
10
7.0316302755905511
20
-3.7422972440944879
11
7.0317194094488187
21
-3.7420821259842518
0
LINE
8
BLACK
6
CONTINUOUS
10
7.0317194094488187
20
-3.7420821259842518
11
7.0321265354330711
21
-3.7416749606299211
0
LINE
8
BLACK
6
CONTINUOUS
10
7.0321265354330711
20
-3.7416749606299211
11
7.0331522047244093
21
-3.7403888582677163
0
LINE
8
BLACK
6
CONTINUOUS
10
7.0331522047244093
20
-3.7403888582677163
11
7.033654606299212
21
-3.7401468897637793
0
LINE
8
BLACK
6
CONTINUOUS
10
7.033654606299212
20
-3.7401468897637793
11
7.0336962992125986
21
-3.7401052362204723
0
LINE
8
BLACK
6
CONTINUOUS
10
7.0336962992125986
20
-3.7401052362204723
11
7.0340169685039369
21
-3.7399723622047243
0
LINE
8
BLACK
6
CONTINUOUS
10
7.0340169685039369
20
-3.7399723622047243
11
7.0360622047244092
21
-3.7389874803149605
0
LINE
8
BLACK
6
CONTINUOUS
10
7.0360622047244092
20
-3.7389874803149605
11
7.0376771653543306
21
-3.7388976377952754
0
LINE
8
BLACK
6
CONTINUOUS
10
7.0376771653543306
20
-3.7388976377952754
11
7.0661417322834641
21
-3.7388976377952754
0
LINE
8
BLACK
6
CONTINUOUS
10
7.0661417322834641
20
-3.7388976377952754
11
7.0677566929133855
21
-3.7389874803149605
0
LINE
8
BLACK
6
CONTINUOUS
10
6.0756897637795273
20
-3.7365859055118111
11
6.0777349606299209
21
-3.7375707874015749
0
LINE
8
BLACK
6
CONTINUOUS
10
6.0777349606299209
20
-3.7375707874015749
11
6.0780556692913388
21
-3.7377036614173229
0
LINE
8
BLACK
6
CONTINUOUS
10
6.0780556692913388
20
-3.7377036614173229
11
6.0780973228346458
21
-3.7377453149606299
0
LINE
8
BLACK
6
CONTINUOUS
10
6.0780973228346458
20
-3.7377453149606299
11
6.0785997637795273
21
-3.7379872834645669
0
LINE
8
BLACK
6
CONTINUOUS
10
6.0785997637795273
20
-3.7379872834645669
11
6.0796253937007876
21
-3.7392733858267717
0
LINE
8
BLACK
6
CONTINUOUS
10
6.0796253937007876
20
-3.7392733858267717
11
6.0800325590551179
21
-3.7396805511811024
0
LINE
8
BLACK
6
CONTINUOUS
10
6.0800325590551179
20
-3.7396805511811024
11
6.0801216535433067
21
-3.7398956692913385
0
LINE
8
BLACK
6
CONTINUOUS
10
6.0801216535433067
20
-3.7398956692913385
11
6.0806135826771648
21
-3.7405125196850393
0
LINE
8
BLACK
6
CONTINUOUS
10
6.0806135826771648
20
-3.7405125196850393
11
6.0809037007874016
21
-3.7417836614173225
0
LINE
8
BLACK
6
CONTINUOUS
10
6.0809037007874016
20
-3.7417836614173225
11
6.0811024803149607
21
-3.7422635433070863
0
LINE
8
BLACK
6
CONTINUOUS
10
6.0811024803149607
20
-3.7422635433070863
11
6.0811024803149607
21
-3.742654527559055
0
LINE
8
BLACK
6
CONTINUOUS
10
6.0811024803149607
20
-3.742654527559055
11
6.0813322834645671
21
-3.7436614173228344
0
LINE
8
BLACK
6
CONTINUOUS
10
6.0813322834645671
20
-3.7436614173228344
11
6.0811024803149607
21
-3.7446682677165355
0
LINE
8
BLACK
6
CONTINUOUS
10
6.0811024803149607
20
-3.7446682677165355
11
6.0811024803149607
21
-3.7450592913385825
0
LINE
8
BLACK
6
CONTINUOUS
10
6.0811024803149607
20
-3.7450592913385825
11
6.0809037007874016
21
-3.7455391338582675
0
LINE
8
BLACK
6
CONTINUOUS
10
6.0809037007874016
20
-3.7455391338582675
11
6.0806135826771648
21
-3.74681031496063
0
LINE
8
BLACK
6
CONTINUOUS
10
6.0806135826771648
20
-3.74681031496063
11
6.0801216535433067
21
-3.747427125984252
0
LINE
8
BLACK
6
CONTINUOUS
10
6.0801216535433067
20
-3.747427125984252
11
6.0800325590551179
21
-3.7476422834645668
0
LINE
8
BLACK
6
CONTINUOUS
10
6.0800325590551179
20
-3.7476422834645668
11
6.0796253937007876
21
-3.7480494094488188
0
LINE
8
BLACK
6
CONTINUOUS
10
6.0796253937007876
20
-3.7480494094488188
11
6.0785997637795273
21
-3.7493355511811024
0
LINE
8
BLACK
6
CONTINUOUS
10
6.0785997637795273
20
-3.7493355511811024
11
6.0780973228346458
21
-3.7495774803149606
0
LINE
8
BLACK
6
CONTINUOUS
10
6.0780973228346458
20
-3.7495774803149606
11
6.0780556692913388
21
-3.7496191732283464
0
LINE
8
BLACK
6
CONTINUOUS
10
6.0780556692913388
20
-3.7496191732283464
11
6.0777349606299209
21
-3.7497520078740156
0
LINE
8
BLACK
6
CONTINUOUS
10
6.0777349606299209
20
-3.7497520078740156
11
6.0756897637795273
21
-3.7507369291338581
0
LINE
8
BLACK
6
CONTINUOUS
10
6.0756897637795273
20
-3.7507369291338581
11
6.0740748031496059
21
-3.7508267716535433
0
LINE
8
BLACK
6
CONTINUOUS
10
6.0740748031496059
20
-3.7508267716535433
11
6.0456102362204724
21
-3.7508267716535433
0
LINE
8
BLACK
6
CONTINUOUS
10
6.0456102362204724
20
-3.7508267716535433
11
6.0439952755905511
21
-3.7507369291338581
0
LINE
8
BLACK
6
CONTINUOUS
10
6.0439952755905511
20
-3.7507369291338581
11
6.0419500393700787
21
-3.7497520078740156
0
LINE
8
BLACK
6
CONTINUOUS
10
6.0419500393700787
20
-3.7497520078740156
11
6.0416293700787405
21
-3.7496191732283464
0
LINE
8
BLACK
6
CONTINUOUS
10
6.0416293700787405
20
-3.7496191732283464
11
6.0415876771653538
21
-3.7495774803149606
0
LINE
8
BLACK
6
CONTINUOUS
10
6.0415876771653538
20
-3.7495774803149606
11
6.0410852755905511
21
-3.7493355511811024
0
LINE
8
BLACK
6
CONTINUOUS
10
6.0410852755905511
20
-3.7493355511811024
11
6.0400596062992129
21
-3.7480494094488188
0
LINE
8
BLACK
6
CONTINUOUS
10
6.0400596062992129
20
-3.7480494094488188
11
6.0396524803149605
21
-3.7476422834645668
0
LINE
8
BLACK
6
CONTINUOUS
10
6.0396524803149605
20
-3.7476422834645668
11
6.0395633464566929
21
-3.747427125984252
0
LINE
8
BLACK
6
CONTINUOUS
10
6.0395633464566929
20
-3.747427125984252
11
6.0390714566929136
21
-3.74681031496063
0
LINE
8
BLACK
6
CONTINUOUS
10
6.0390714566929136
20
-3.74681031496063
11
6.038781299212598
21
-3.7455391338582675
0
LINE
8
BLACK
6
CONTINUOUS
10
6.038781299212598
20
-3.7455391338582675
11
6.0385825590551176
21
-3.7450592913385825
0
LINE
8
BLACK
6
CONTINUOUS
10
6.0385825590551176
20
-3.7450592913385825
11
6.0385825590551176
21
-3.7446682677165355
0
LINE
8
BLACK
6
CONTINUOUS
10
6.0385825590551176
20
-3.7446682677165355
11
6.0383527559055112
21
-3.7436614173228344
0
LINE
8
BLACK
6
CONTINUOUS
10
6.0383527559055112
20
-3.7436614173228344
11
6.0385825590551176
21
-3.742654527559055
0
LINE
8
BLACK
6
CONTINUOUS
10
6.0385825590551176
20
-3.742654527559055
11
6.0385825590551176
21
-3.7422635433070863
0
LINE
8
BLACK
6
CONTINUOUS
10
6.0385825590551176
20
-3.7422635433070863
11
6.038781299212598
21
-3.7417836614173225
0
LINE
8
BLACK
6
CONTINUOUS
10
6.038781299212598
20
-3.7417836614173225
11
6.0390714566929136
21
-3.7405125196850393
0
LINE
8
BLACK
6
CONTINUOUS
10
6.0390714566929136
20
-3.7405125196850393
11
6.0395633464566929
21
-3.7398956692913385
0
LINE
8
BLACK
6
CONTINUOUS
10
6.0395633464566929
20
-3.7398956692913385
11
6.0396524803149605
21
-3.7396805511811024
0
LINE
8
BLACK
6
CONTINUOUS
10
6.0396524803149605
20
-3.7396805511811024
11
6.0400596062992129
21
-3.7392733858267717
0
LINE
8
BLACK
6
CONTINUOUS
10
6.0400596062992129
20
-3.7392733858267717
11
6.0410852755905511
21
-3.7379872834645669
0
LINE
8
BLACK
6
CONTINUOUS
10
6.0410852755905511
20
-3.7379872834645669
11
6.0415876771653538
21
-3.7377453149606299
0
LINE
8
BLACK
6
CONTINUOUS
10
6.0415876771653538
20
-3.7377453149606299
11
6.0416293700787405
21
-3.7377036614173229
0
LINE
8
BLACK
6
CONTINUOUS
10
6.0416293700787405
20
-3.7377036614173229
11
6.0419500393700787
21
-3.7375707874015749
0
LINE
8
BLACK
6
CONTINUOUS
10
6.0419500393700787
20
-3.7375707874015749
11
6.0439952755905511
21
-3.7365859055118111
0
LINE
8
BLACK
6
CONTINUOUS
10
6.0439952755905511
20
-3.7365859055118111
11
6.0456102362204724
21
-3.736496062992126
0
LINE
8
BLACK
6
CONTINUOUS
10
6.0456102362204724
20
-3.736496062992126
11
6.0740748031496059
21
-3.736496062992126
0
LINE
8
BLACK
6
CONTINUOUS
10
6.0740748031496059
20
-3.736496062992126
11
6.0756897637795273
21
-3.7365859055118111
0
LINE
8
BLACK
6
CONTINUOUS
10
6.270059842519685
20
-3.7365859055118111
11
6.2721050393700786
21
-3.7375707874015749
0
LINE
8
BLACK
6
CONTINUOUS
10
6.2721050393700786
20
-3.7375707874015749
11
6.2724257480314956
21
-3.7377036614173229
0
LINE
8
BLACK
6
CONTINUOUS
10
6.2724257480314956
20
-3.7377036614173229
11
6.2724674015748034
21
-3.7377453149606299
0
LINE
8
BLACK
6
CONTINUOUS
10
6.2724674015748034
20
-3.7377453149606299
11
6.2729698425196849
21
-3.7379872834645669
0
LINE
8
BLACK
6
CONTINUOUS
10
6.2729698425196849
20
-3.7379872834645669
11
6.2739954724409444
21
-3.7392733858267717
0
LINE
8
BLACK
6
CONTINUOUS
10
6.2739954724409444
20
-3.7392733858267717
11
6.2744026377952755
21
-3.7396805511811024
0
LINE
8
BLACK
6
CONTINUOUS
10
6.2744026377952755
20
-3.7396805511811024
11
6.2744917322834644
21
-3.7398956692913385
0
LINE
8
BLACK
6
CONTINUOUS
10
6.2744917322834644
20
-3.7398956692913385
11
6.2749836614173224
21
-3.7405125196850393
0
LINE
8
BLACK
6
CONTINUOUS
10
6.2749836614173224
20
-3.7405125196850393
11
6.2752737795275593
21
-3.7417836614173225
0
LINE
8
BLACK
6
CONTINUOUS
10
6.2752737795275593
20
-3.7417836614173225
11
6.2754725590551184
21
-3.7422635433070863
0
LINE
8
BLACK
6
CONTINUOUS
10
6.2754725590551184
20
-3.7422635433070863
11
6.2754725590551184
21
-3.742654527559055
0
LINE
8
BLACK
6
CONTINUOUS
10
6.2754725590551184
20
-3.742654527559055
11
6.2757023622047239
21
-3.7436614173228344
0
LINE
8
BLACK
6
CONTINUOUS
10
6.2757023622047239
20
-3.7436614173228344
11
6.2754725590551184
21
-3.7446682677165355
0
LINE
8
BLACK
6
CONTINUOUS
10
6.2754725590551184
20
-3.7446682677165355
11
6.2754725590551184
21
-3.7450592913385825
0
LINE
8
BLACK
6
CONTINUOUS
10
6.2754725590551184
20
-3.7450592913385825
11
6.2752737795275593
21
-3.7455391338582675
0
LINE
8
BLACK
6
CONTINUOUS
10
6.2752737795275593
20
-3.7455391338582675
11
6.2749836614173224
21
-3.74681031496063
0
LINE
8
BLACK
6
CONTINUOUS
10
6.2749836614173224
20
-3.74681031496063
11
6.2744917322834644
21
-3.747427125984252
0
LINE
8
BLACK
6
CONTINUOUS
10
6.2744917322834644
20
-3.747427125984252
11
6.2744026377952755
21
-3.7476422834645668
0
LINE
8
BLACK
6
CONTINUOUS
10
6.2744026377952755
20
-3.7476422834645668
11
6.2739954724409444
21
-3.7480494094488188
0
LINE
8
BLACK
6
CONTINUOUS
10
6.2739954724409444
20
-3.7480494094488188
11
6.2729698425196849
21
-3.7493355511811024
0
LINE
8
BLACK
6
CONTINUOUS
10
6.2729698425196849
20
-3.7493355511811024
11
6.2724674015748034
21
-3.7495774803149606
0
LINE
8
BLACK
6
CONTINUOUS
10
6.2724674015748034
20
-3.7495774803149606
11
6.2724257480314956
21
-3.7496191732283464
0
LINE
8
BLACK
6
CONTINUOUS
10
6.2724257480314956
20
-3.7496191732283464
11
6.2721050393700786
21
-3.7497520078740156
0
LINE
8
BLACK
6
CONTINUOUS
10
6.2721050393700786
20
-3.7497520078740156
11
6.270059842519685
21
-3.7507369291338581
0
LINE
8
BLACK
6
CONTINUOUS
10
6.270059842519685
20
-3.7507369291338581
11
6.2684448818897636
21
-3.7508267716535433
0
LINE
8
BLACK
6
CONTINUOUS
10
6.2684448818897636
20
-3.7508267716535433
11
6.2399803149606301
21
-3.7508267716535433
0
LINE
8
BLACK
6
CONTINUOUS
10
6.2399803149606301
20
-3.7508267716535433
11
6.2383653543307087
21
-3.7507369291338581
0
LINE
8
BLACK
6
CONTINUOUS
10
6.2383653543307087
20
-3.7507369291338581
11
6.2363201181102363
21
-3.7497520078740156
0
LINE
8
BLACK
6
CONTINUOUS
10
6.2363201181102363
20
-3.7497520078740156
11
6.2359994488188972
21
-3.7496191732283464
0
LINE
8
BLACK
6
CONTINUOUS
10
6.2359994488188972
20
-3.7496191732283464
11
6.2359577559055115
21
-3.7495774803149606
0
LINE
8
BLACK
6
CONTINUOUS
10
6.2359577559055115
20
-3.7495774803149606
11
6.2354553543307087
21
-3.7493355511811024
0
LINE
8
BLACK
6
CONTINUOUS
10
6.2354553543307087
20
-3.7493355511811024
11
6.2344296850393697
21
-3.7480494094488188
0
LINE
8
BLACK
6
CONTINUOUS
10
6.2344296850393697
20
-3.7480494094488188
11
6.2340225590551182
21
-3.7476422834645668
0
LINE
8
BLACK
6
CONTINUOUS
10
6.2340225590551182
20
-3.7476422834645668
11
6.2339334251968506
21
-3.747427125984252
0
LINE
8
BLACK
6
CONTINUOUS
10
6.2339334251968506
20
-3.747427125984252
11
6.2334415354330703
21
-3.74681031496063
0
LINE
8
BLACK
6
CONTINUOUS
10
6.2334415354330703
20
-3.74681031496063
11
6.2331513779527556
21
-3.7455391338582675
0
LINE
8
BLACK
6
CONTINUOUS
10
6.2331513779527556
20
-3.7455391338582675
11
6.2329526377952753
21
-3.7450592913385825
0
LINE
8
BLACK
6
CONTINUOUS
10
6.2329526377952753
20
-3.7450592913385825
11
6.2329526377952753
21
-3.7446682677165355
0
LINE
8
BLACK
6
CONTINUOUS
10
6.2329526377952753
20
-3.7446682677165355
11
6.2327228346456689
21
-3.7436614173228344
0
LINE
8
BLACK
6
CONTINUOUS
10
6.2327228346456689
20
-3.7436614173228344
11
6.2329526377952753
21
-3.742654527559055
0
LINE
8
BLACK
6
CONTINUOUS
10
6.2329526377952753
20
-3.742654527559055
11
6.2329526377952753
21
-3.7422635433070863
0
LINE
8
BLACK
6
CONTINUOUS
10
6.2329526377952753
20
-3.7422635433070863
11
6.2331513779527556
21
-3.7417836614173225
0
LINE
8
BLACK
6
CONTINUOUS
10
6.2331513779527556
20
-3.7417836614173225
11
6.2334415354330703
21
-3.7405125196850393
0
LINE
8
BLACK
6
CONTINUOUS
10
6.2334415354330703
20
-3.7405125196850393
11
6.2339334251968506
21
-3.7398956692913385
0
LINE
8
BLACK
6
CONTINUOUS
10
6.2339334251968506
20
-3.7398956692913385
11
6.2340225590551182
21
-3.7396805511811024
0
LINE
8
BLACK
6
CONTINUOUS
10
6.2340225590551182
20
-3.7396805511811024
11
6.2344296850393697
21
-3.7392733858267717
0
LINE
8
BLACK
6
CONTINUOUS
10
6.2344296850393697
20
-3.7392733858267717
11
6.2354553543307087
21
-3.7379872834645669
0
LINE
8
BLACK
6
CONTINUOUS
10
6.2354553543307087
20
-3.7379872834645669
11
6.2359577559055115
21
-3.7377453149606299
0
LINE
8
BLACK
6
CONTINUOUS
10
6.2359577559055115
20
-3.7377453149606299
11
6.2359994488188972
21
-3.7377036614173229
0
LINE
8
BLACK
6
CONTINUOUS
10
6.2359994488188972
20
-3.7377036614173229
11
6.2363201181102363
21
-3.7375707874015749
0
LINE
8
BLACK
6
CONTINUOUS
10
6.2363201181102363
20
-3.7375707874015749
11
6.2383653543307087
21
-3.7365859055118111
0
LINE
8
BLACK
6
CONTINUOUS
10
6.2383653543307087
20
-3.7365859055118111
11
6.2399803149606301
21
-3.736496062992126
0
LINE
8
BLACK
6
CONTINUOUS
10
6.2399803149606301
20
-3.736496062992126
11
6.2684448818897636
21
-3.736496062992126
0
LINE
8
BLACK
6
CONTINUOUS
10
6.2684448818897636
20
-3.736496062992126
11
6.270059842519685
21
-3.7365859055118111
0
LINE
8
BLACK
6
CONTINUOUS
10
5.9385236220472439
20
-3.749566929133858
11
5.907027559055118
21
-3.749566929133858
0
LINE
8
BLACK
6
CONTINUOUS
10
5.907027559055118
20
-3.749566929133858
11
5.907027559055118
21
-3.7141338582677164
0
LINE
8
BLACK
6
CONTINUOUS
10
5.907027559055118
20
-3.7141338582677164
11
5.9385236220472439
21
-3.7141338582677164
0
LINE
8
BLACK
6
CONTINUOUS
10
5.9385236220472439
20
-3.7141338582677164
11
5.9385236220472439
21
-3.749566929133858
0
LINE
8
BLACK
6
CONTINUOUS
10
5.9936417322834643
20
-3.749566929133858
11
5.9621456692913384
21
-3.749566929133858
0
LINE
8
BLACK
6
CONTINUOUS
10
5.9621456692913384
20
-3.749566929133858
11
5.9621456692913384
21
-3.7141338582677164
0
LINE
8
BLACK
6
CONTINUOUS
10
5.9621456692913384
20
-3.7141338582677164
11
5.9936417322834643
21
-3.7141338582677164
0
LINE
8
BLACK
6
CONTINUOUS
10
5.9936417322834643
20
-3.7141338582677164
11
5.9936417322834643
21
-3.749566929133858
0
LINE
8
BLACK
6
CONTINUOUS
10
7.611122834645669
20
-3.7326488976377954
11
7.6131680314960626
21
-3.7336337795275591
0
LINE
8
BLACK
6
CONTINUOUS
10
7.6131680314960626
20
-3.7336337795275591
11
7.6134887401574804
21
-3.7337666535433072
0
LINE
8
BLACK
6
CONTINUOUS
10
7.6134887401574804
20
-3.7337666535433072
11
7.6135303937007874
21
-3.7338083070866142
0
LINE
8
BLACK
6
CONTINUOUS
10
7.6135303937007874
20
-3.7338083070866142
11
7.6140328346456689
21
-3.7340502755905511
0
LINE
8
BLACK
6
CONTINUOUS
10
7.6140328346456689
20
-3.7340502755905511
11
7.6150584645669293
21
-3.735336377952756
0
LINE
8
BLACK
6
CONTINUOUS
10
7.6150584645669293
20
-3.735336377952756
11
7.6154656299212595
21
-3.7357435433070867
0
LINE
8
BLACK
6
CONTINUOUS
10
7.6154656299212595
20
-3.7357435433070867
11
7.6155547244094484
21
-3.7359586614173228
0
LINE
8
BLACK
6
CONTINUOUS
10
7.6155547244094484
20
-3.7359586614173228
11
7.6160466535433073
21
-3.7365755118110235
0
LINE
8
BLACK
6
CONTINUOUS
10
7.6160466535433073
20
-3.7365755118110235
11
7.6163367716535433
21
-3.7378466535433068
0
LINE
8
BLACK
6
CONTINUOUS
10
7.6163367716535433
20
-3.7378466535433068
11
7.6165355511811024
21
-3.7383265354330706
0
LINE
8
BLACK
6
CONTINUOUS
10
7.6165355511811024
20
-3.7383265354330706
11
7.6165355511811024
21
-3.7387175196850393
0
LINE
8
BLACK
6
CONTINUOUS
10
7.6165355511811024
20
-3.7387175196850393
11
7.6167653543307088
21
-3.7397244094488187
0
LINE
8
BLACK
6
CONTINUOUS
10
7.6167653543307088
20
-3.7397244094488187
11
7.6165355511811024
21
-3.7407312598425198
0
LINE
8
BLACK
6
CONTINUOUS
10
7.6165355511811024
20
-3.7407312598425198
11
7.6165355511811024
21
-3.7411222834645668
0
LINE
8
BLACK
6
CONTINUOUS
10
7.6165355511811024
20
-3.7411222834645668
11
7.6163367716535433
21
-3.7416021259842518
0
LINE
8
BLACK
6
CONTINUOUS
10
7.6163367716535433
20
-3.7416021259842518
11
7.6160466535433073
21
-3.7428733070866143
0
LINE
8
BLACK
6
CONTINUOUS
10
7.6160466535433073
20
-3.7428733070866143
11
7.6155547244094484
21
-3.7434901181102362
0
LINE
8
BLACK
6
CONTINUOUS
10
7.6155547244094484
20
-3.7434901181102362
11
7.6154656299212595
21
-3.7437052755905511
0
LINE
8
BLACK
6
CONTINUOUS
10
7.6154656299212595
20
-3.7437052755905511
11
7.6150584645669293
21
-3.7441124015748031
0
LINE
8
BLACK
6
CONTINUOUS
10
7.6150584645669293
20
-3.7441124015748031
11
7.6140328346456689
21
-3.7453985433070867
0
LINE
8
BLACK
6
CONTINUOUS
10
7.6140328346456689
20
-3.7453985433070867
11
7.6135303937007874
21
-3.7456404724409449
0
LINE
8
BLACK
6
CONTINUOUS
10
7.6135303937007874
20
-3.7456404724409449
11
7.6134887401574804
21
-3.7456821653543306
0
LINE
8
BLACK
6
CONTINUOUS
10
7.6134887401574804
20
-3.7456821653543306
11
7.6131680314960626
21
-3.7458149999999999
0
LINE
8
BLACK
6
CONTINUOUS
10
7.6131680314960626
20
-3.7458149999999999
11
7.611122834645669
21
-3.7467999212598424
0
LINE
8
BLACK
6
CONTINUOUS
10
7.611122834645669
20
-3.7467999212598424
11
7.6095078740157476
21
-3.7468897637795275
0
LINE
8
BLACK
6
CONTINUOUS
10
7.6095078740157476
20
-3.7468897637795275
11
7.5810433070866141
21
-3.7468897637795275
0
LINE
8
BLACK
6
CONTINUOUS
10
7.5810433070866141
20
-3.7468897637795275
11
7.5794283464566927
21
-3.7467999212598424
0
LINE
8
BLACK
6
CONTINUOUS
10
7.5794283464566927
20
-3.7467999212598424
11
7.5773831102362204
21
-3.7458149999999999
0
LINE
8
BLACK
6
CONTINUOUS
10
7.5773831102362204
20
-3.7458149999999999
11
7.5770624409448821
21
-3.7456821653543306
0
LINE
8
BLACK
6
CONTINUOUS
10
7.5770624409448821
20
-3.7456821653543306
11
7.5770207480314955
21
-3.7456404724409449
0
LINE
8
BLACK
6
CONTINUOUS
10
7.5770207480314955
20
-3.7456404724409449
11
7.5765183464566928
21
-3.7453985433070867
0
LINE
8
BLACK
6
CONTINUOUS
10
7.5765183464566928
20
-3.7453985433070867
11
7.5754926771653546
21
-3.7441124015748031
0
LINE
8
BLACK
6
CONTINUOUS
10
7.5754926771653546
20
-3.7441124015748031
11
7.5750855511811022
21
-3.7437052755905511
0
LINE
8
BLACK
6
CONTINUOUS
10
7.5750855511811022
20
-3.7437052755905511
11
7.5749964173228346
21
-3.7434901181102362
0
LINE
8
BLACK
6
CONTINUOUS
10
7.5749964173228346
20
-3.7434901181102362
11
7.5745045275590552
21
-3.7428733070866143
0
LINE
8
BLACK
6
CONTINUOUS
10
7.5745045275590552
20
-3.7428733070866143
11
7.5742143700787397
21
-3.7416021259842518
0
LINE
8
BLACK
6
CONTINUOUS
10
7.5742143700787397
20
-3.7416021259842518
11
7.5740156299212593
21
-3.7411222834645668
0
LINE
8
BLACK
6
CONTINUOUS
10
7.5740156299212593
20
-3.7411222834645668
11
7.5740156299212593
21
-3.7407312598425198
0
LINE
8
BLACK
6
CONTINUOUS
10
7.5740156299212593
20
-3.7407312598425198
11
7.5737858267716538
21
-3.7397244094488187
0
LINE
8
BLACK
6
CONTINUOUS
10
7.5737858267716538
20
-3.7397244094488187
11
7.5740156299212593
21
-3.7387175196850393
0
LINE
8
BLACK
6
CONTINUOUS
10
7.5740156299212593
20
-3.7387175196850393
11
7.5740156299212593
21
-3.7383265354330706
0
LINE
8
BLACK
6
CONTINUOUS
10
7.5740156299212593
20
-3.7383265354330706
11
7.5742143700787397
21
-3.7378466535433068
0
LINE
8
BLACK
6
CONTINUOUS
10
7.5742143700787397
20
-3.7378466535433068
11
7.5745045275590552
21
-3.7365755118110235
0
LINE
8
BLACK
6
CONTINUOUS
10
7.5745045275590552
20
-3.7365755118110235
11
7.5749964173228346
21
-3.7359586614173228
0
LINE
8
BLACK
6
CONTINUOUS
10
7.5749964173228346
20
-3.7359586614173228
11
7.5750855511811022
21
-3.7357435433070867
0
LINE
8
BLACK
6
CONTINUOUS
10
7.5750855511811022
20
-3.7357435433070867
11
7.5754926771653546
21
-3.735336377952756
0
LINE
8
BLACK
6
CONTINUOUS
10
7.5754926771653546
20
-3.735336377952756
11
7.5765183464566928
21
-3.7340502755905511
0
LINE
8
BLACK
6
CONTINUOUS
10
7.5765183464566928
20
-3.7340502755905511
11
7.5770207480314955
21
-3.7338083070866142
0
LINE
8
BLACK
6
CONTINUOUS
10
7.5770207480314955
20
-3.7338083070866142
11
7.5770624409448821
21
-3.7337666535433072
0
LINE
8
BLACK
6
CONTINUOUS
10
7.5770624409448821
20
-3.7337666535433072
11
7.5773831102362204
21
-3.7336337795275591
0
LINE
8
BLACK
6
CONTINUOUS
10
7.5773831102362204
20
-3.7336337795275591
11
7.5794283464566927
21
-3.7326488976377954
0
LINE
8
BLACK
6
CONTINUOUS
10
7.5794283464566927
20
-3.7326488976377954
11
7.5810433070866141
21
-3.7325590551181103
0
LINE
8
BLACK
6
CONTINUOUS
10
7.5810433070866141
20
-3.7325590551181103
11
7.6095078740157476
21
-3.7325590551181103
0
LINE
8
BLACK
6
CONTINUOUS
10
7.6095078740157476
20
-3.7325590551181103
11
7.611122834645669
21
-3.7326488976377954
0
LINE
8
BLACK
6
CONTINUOUS
10
7.8054929133858266
20
-3.7326488976377954
11
7.8075381102362202
21
-3.7336337795275591
0
LINE
8
BLACK
6
CONTINUOUS
10
7.8075381102362202
20
-3.7336337795275591
11
7.8078588188976372
21
-3.7337666535433072
0
LINE
8
BLACK
6
CONTINUOUS
10
7.8078588188976372
20
-3.7337666535433072
11
7.8079004724409451
21
-3.7338083070866142
0
LINE
8
BLACK
6
CONTINUOUS
10
7.8079004724409451
20
-3.7338083070866142
11
7.8084029133858266
21
-3.7340502755905511
0
LINE
8
BLACK
6
CONTINUOUS
10
7.8084029133858266
20
-3.7340502755905511
11
7.809428543307086
21
-3.735336377952756
0
LINE
8
BLACK
6
CONTINUOUS
10
7.809428543307086
20
-3.735336377952756
11
7.8098357086614172
21
-3.7357435433070867
0
LINE
8
BLACK
6
CONTINUOUS
10
7.8098357086614172
20
-3.7357435433070867
11
7.809924803149606
21
-3.7359586614173228
0
LINE
8
BLACK
6
CONTINUOUS
10
7.809924803149606
20
-3.7359586614173228
11
7.8104167322834641
21
-3.7365755118110235
0
LINE
8
BLACK
6
CONTINUOUS
10
7.8104167322834641
20
-3.7365755118110235
11
7.8107068503937009
21
-3.7378466535433068
0
LINE
8
BLACK
6
CONTINUOUS
10
7.8107068503937009
20
-3.7378466535433068
11
7.81090562992126
21
-3.7383265354330706
0
LINE
8
BLACK
6
CONTINUOUS
10
7.81090562992126
20
-3.7383265354330706
11
7.81090562992126
21
-3.7387175196850393
0
LINE
8
BLACK
6
CONTINUOUS
10
7.81090562992126
20
-3.7387175196850393
11
7.8111354330708656
21
-3.7397244094488187
0
LINE
8
BLACK
6
CONTINUOUS
10
7.8111354330708656
20
-3.7397244094488187
11
7.81090562992126
21
-3.7407312598425198
0
LINE
8
BLACK
6
CONTINUOUS
10
7.81090562992126
20
-3.7407312598425198
11
7.81090562992126
21
-3.7411222834645668
0
LINE
8
BLACK
6
CONTINUOUS
10
7.81090562992126
20
-3.7411222834645668
11
7.8107068503937009
21
-3.7416021259842518
0
LINE
8
BLACK
6
CONTINUOUS
10
7.8107068503937009
20
-3.7416021259842518
11
7.8104167322834641
21
-3.7428733070866143
0
LINE
8
BLACK
6
CONTINUOUS
10
7.8104167322834641
20
-3.7428733070866143
11
7.809924803149606
21
-3.7434901181102362
0
LINE
8
BLACK
6
CONTINUOUS
10
7.809924803149606
20
-3.7434901181102362
11
7.8098357086614172
21
-3.7437052755905511
0
LINE
8
BLACK
6
CONTINUOUS
10
7.8098357086614172
20
-3.7437052755905511
11
7.809428543307086
21
-3.7441124015748031
0
LINE
8
BLACK
6
CONTINUOUS
10
7.809428543307086
20
-3.7441124015748031
11
7.8084029133858266
21
-3.7453985433070867
0
LINE
8
BLACK
6
CONTINUOUS
10
7.8084029133858266
20
-3.7453985433070867
11
7.8079004724409451
21
-3.7456404724409449
0
LINE
8
BLACK
6
CONTINUOUS
10
7.8079004724409451
20
-3.7456404724409449
11
7.8078588188976372
21
-3.7456821653543306
0
LINE
8
BLACK
6
CONTINUOUS
10
7.8078588188976372
20
-3.7456821653543306
11
7.8075381102362202
21
-3.7458149999999999
0
LINE
8
BLACK
6
CONTINUOUS
10
7.8075381102362202
20
-3.7458149999999999
11
7.8054929133858266
21
-3.7467999212598424
0
LINE
8
BLACK
6
CONTINUOUS
10
7.8054929133858266
20
-3.7467999212598424
11
7.8038779527559052
21
-3.7468897637795275
0
LINE
8
BLACK
6
CONTINUOUS
10
7.8038779527559052
20
-3.7468897637795275
11
7.7754133858267718
21
-3.7468897637795275
0
LINE
8
BLACK
6
CONTINUOUS
10
7.7754133858267718
20
-3.7468897637795275
11
7.7737984251968504
21
-3.7467999212598424
0
LINE
8
BLACK
6
CONTINUOUS
10
7.7737984251968504
20
-3.7467999212598424
11
7.771753188976378
21
-3.7458149999999999
0
LINE
8
BLACK
6
CONTINUOUS
10
7.771753188976378
20
-3.7458149999999999
11
7.7714325196850389
21
-3.7456821653543306
0
LINE
8
BLACK
6
CONTINUOUS
10
7.7714325196850389
20
-3.7456821653543306
11
7.7713908267716532
21
-3.7456404724409449
0
LINE
8
BLACK
6
CONTINUOUS
10
7.7713908267716532
20
-3.7456404724409449
11
7.7708884251968504
21
-3.7453985433070867
0
LINE
8
BLACK
6
CONTINUOUS
10
7.7708884251968504
20
-3.7453985433070867
11
7.7698627559055113
21
-3.7441124015748031
0
LINE
8
BLACK
6
CONTINUOUS
10
7.7698627559055113
20
-3.7441124015748031
11
7.7694556299212598
21
-3.7437052755905511
0
LINE
8
BLACK
6
CONTINUOUS
10
7.7694556299212598
20
-3.7437052755905511
11
7.7693664960629922
21
-3.7434901181102362
0
LINE
8
BLACK
6
CONTINUOUS
10
7.7693664960629922
20
-3.7434901181102362
11
7.768874606299212
21
-3.7428733070866143
0
LINE
8
BLACK
6
CONTINUOUS
10
7.768874606299212
20
-3.7428733070866143
11
7.7685844488188973
21
-3.7416021259842518
0
LINE
8
BLACK
6
CONTINUOUS
10
7.7685844488188973
20
-3.7416021259842518
11
7.768385708661417
21
-3.7411222834645668
0
LINE
8
BLACK
6
CONTINUOUS
10
7.768385708661417
20
-3.7411222834645668
11
7.768385708661417
21
-3.7407312598425198
0
LINE
8
BLACK
6
CONTINUOUS
10
7.768385708661417
20
-3.7407312598425198
11
7.7681559055118106
21
-3.7397244094488187
0
LINE
8
BLACK
6
CONTINUOUS
10
7.7681559055118106
20
-3.7397244094488187
11
7.768385708661417
21
-3.7387175196850393
0
LINE
8
BLACK
6
CONTINUOUS
10
7.768385708661417
20
-3.7387175196850393
11
7.768385708661417
21
-3.7383265354330706
0
LINE
8
BLACK
6
CONTINUOUS
10
7.768385708661417
20
-3.7383265354330706
11
7.7685844488188973
21
-3.7378466535433068
0
LINE
8
BLACK
6
CONTINUOUS
10
7.7685844488188973
20
-3.7378466535433068
11
7.768874606299212
21
-3.7365755118110235
0
LINE
8
BLACK
6
CONTINUOUS
10
7.768874606299212
20
-3.7365755118110235
11
7.7693664960629922
21
-3.7359586614173228
0
LINE
8
BLACK
6
CONTINUOUS
10
7.7693664960629922
20
-3.7359586614173228
11
7.7694556299212598
21
-3.7357435433070867
0
LINE
8
BLACK
6
CONTINUOUS
10
7.7694556299212598
20
-3.7357435433070867
11
7.7698627559055113
21
-3.735336377952756
0
LINE
8
BLACK
6
CONTINUOUS
10
7.7698627559055113
20
-3.735336377952756
11
7.7708884251968504
21
-3.7340502755905511
0
LINE
8
BLACK
6
CONTINUOUS
10
7.7708884251968504
20
-3.7340502755905511
11
7.7713908267716532
21
-3.7338083070866142
0
LINE
8
BLACK
6
CONTINUOUS
10
7.7713908267716532
20
-3.7338083070866142
11
7.7714325196850389
21
-3.7337666535433072
0
LINE
8
BLACK
6
CONTINUOUS
10
7.7714325196850389
20
-3.7337666535433072
11
7.771753188976378
21
-3.7336337795275591
0
LINE
8
BLACK
6
CONTINUOUS
10
7.771753188976378
20
-3.7336337795275591
11
7.7737984251968504
21
-3.7326488976377954
0
LINE
8
BLACK
6
CONTINUOUS
10
7.7737984251968504
20
-3.7326488976377954
11
7.7754133858267718
21
-3.7325590551181103
0
LINE
8
BLACK
6
CONTINUOUS
10
7.7754133858267718
20
-3.7325590551181103
11
7.8038779527559052
21
-3.7325590551181103
0
LINE
8
BLACK
6
CONTINUOUS
10
7.8038779527559052
20
-3.7325590551181103
11
7.8054929133858266
21
-3.7326488976377954
0
LINE
8
BLACK
6
CONTINUOUS
10
6.7322834645669287
20
-3.7389173228346455
11
6.7007874015748028
21
-3.7389173228346455
0
LINE
8
BLACK
6
CONTINUOUS
10
6.7007874015748028
20
-3.7389173228346455
11
6.7007874015748028
21
-3.7034842519685038
0
LINE
8
BLACK
6
CONTINUOUS
10
6.7007874015748028
20
-3.7034842519685038
11
6.7322834645669287
21
-3.7034842519685038
0
LINE
8
BLACK
6
CONTINUOUS
10
6.7322834645669287
20
-3.7034842519685038
11
6.7322834645669287
21
-3.7389173228346455
0
LINE
8
BLACK
6
CONTINUOUS
10
6.7874015748031491
20
-3.7389173228346455
11
6.7559055118110232
21
-3.7389173228346455
0
LINE
8
BLACK
6
CONTINUOUS
10
6.7559055118110232
20
-3.7389173228346455
11
6.7559055118110232
21
-3.7034842519685038
0
LINE
8
BLACK
6
CONTINUOUS
10
6.7559055118110232
20
-3.7034842519685038
11
6.7874015748031491
21
-3.7034842519685038
0
LINE
8
BLACK
6
CONTINUOUS
10
6.7874015748031491
20
-3.7034842519685038
11
6.7874015748031491
21
-3.7389173228346455
0
LINE
8
BLACK
6
CONTINUOUS
10
5.5892224409448819
20
-3.7336072834645671
11
5.5577263779527559
21
-3.7336072834645671
0
LINE
8
BLACK
6
CONTINUOUS
10
5.5577263779527559
20
-3.7336072834645671
11
5.5577263779527559
21
-3.6981742125984249
0
LINE
8
BLACK
6
CONTINUOUS
10
5.5577263779527559
20
-3.6981742125984249
11
5.5892224409448819
21
-3.6981742125984249
0
LINE
8
BLACK
6
CONTINUOUS
10
5.5892224409448819
20
-3.6981742125984249
11
5.5892224409448819
21
-3.7336072834645671
0
LINE
8
BLACK
6
CONTINUOUS
10
5.6443405511811022
20
-3.7336072834645671
11
5.6128444881889763
21
-3.7336072834645671
0
LINE
8
BLACK
6
CONTINUOUS
10
5.6128444881889763
20
-3.7336072834645671
11
5.6128444881889763
21
-3.6981742125984249
0
LINE
8
BLACK
6
CONTINUOUS
10
5.6128444881889763
20
-3.6981742125984249
11
5.6443405511811022
21
-3.6981742125984249
0
LINE
8
BLACK
6
CONTINUOUS
10
5.6443405511811022
20
-3.6981742125984249
11
5.6443405511811022
21
-3.7336072834645671
0
LINE
8
BLACK
6
CONTINUOUS
10
7.1493799212598423
20
-3.7326230314960629
11
7.1178838582677164
21
-3.7326230314960629
0
LINE
8
BLACK
6
CONTINUOUS
10
7.1178838582677164
20
-3.7326230314960629
11
7.1178838582677164
21
-3.6971899606299212
0
LINE
8
BLACK
6
CONTINUOUS
10
7.1178838582677164
20
-3.6971899606299212
11
7.1493799212598423
21
-3.6971899606299212
0
LINE
8
BLACK
6
CONTINUOUS
10
7.1493799212598423
20
-3.6971899606299212
11
7.1493799212598423
21
-3.7326230314960629
0
LINE
8
BLACK
6
CONTINUOUS
10
7.2044980314960627
20
-3.7326230314960629
11
7.1730019685039368
21
-3.7326230314960629
0
LINE
8
BLACK
6
CONTINUOUS
10
7.1730019685039368
20
-3.7326230314960629
11
7.1730019685039368
21
-3.6971899606299212
0
LINE
8
BLACK
6
CONTINUOUS
10
7.1730019685039368
20
-3.6971899606299212
11
7.2044980314960627
21
-3.6971899606299212
0
LINE
8
BLACK
6
CONTINUOUS
10
7.2044980314960627
20
-3.6971899606299212
11
7.2044980314960627
21
-3.7326230314960629
0
LINE
8
BLACK
6
CONTINUOUS
10
6.3624803149606297
20
-3.7298818897637793
11
6.3309842519685038
21
-3.7298818897637793
0
LINE
8
BLACK
6
CONTINUOUS
10
6.3309842519685038
20
-3.7298818897637793
11
6.3309842519685038
21
-3.6944488188976377
0
LINE
8
BLACK
6
CONTINUOUS
10
6.3309842519685038
20
-3.6944488188976377
11
6.3624803149606297
21
-3.6944488188976377
0
LINE
8
BLACK
6
CONTINUOUS
10
6.3624803149606297
20
-3.6944488188976377
11
6.3624803149606297
21
-3.7298818897637793
0
LINE
8
BLACK
6
CONTINUOUS
10
6.4175984251968501
20
-3.7298818897637793
11
6.3861023622047242
21
-3.7298818897637793
0
LINE
8
BLACK
6
CONTINUOUS
10
6.3861023622047242
20
-3.7298818897637793
11
6.3861023622047242
21
-3.6944488188976377
0
LINE
8
BLACK
6
CONTINUOUS
10
6.3861023622047242
20
-3.6944488188976377
11
6.4175984251968501
21
-3.6944488188976377
0
LINE
8
BLACK
6
CONTINUOUS
10
6.4175984251968501
20
-3.6944488188976377
11
6.4175984251968501
21
-3.7298818897637793
0
LINE
8
BLACK
6
CONTINUOUS
10
5.3514005511811025
20
-3.678799094488189
11
5.3517915748031495
21
-3.678799094488189
0
LINE
8
BLACK
6
CONTINUOUS
10
5.3517915748031495
20
-3.678799094488189
11
5.352271417322835
21
-3.6789978346456693
0
LINE
8
BLACK
6
CONTINUOUS
10
5.352271417322835
20
-3.6789978346456693
11
5.3535425984251965
21
-3.679287992125984
0
LINE
8
BLACK
6
CONTINUOUS
10
5.3535425984251965
20
-3.679287992125984
11
5.354159409448819
21
-3.6797798818897638
0
LINE
8
BLACK
6
CONTINUOUS
10
5.354159409448819
20
-3.6797798818897638
11
5.3543745669291338
21
-3.6798690157480314
0
LINE
8
BLACK
6
CONTINUOUS
10
5.3543745669291338
20
-3.6798690157480314
11
5.3547816929133853
21
-3.6802761417322833
0
LINE
8
BLACK
6
CONTINUOUS
10
5.3547816929133853
20
-3.6802761417322833
11
5.3560678346456694
21
-3.681301811023622
0
LINE
8
BLACK
6
CONTINUOUS
10
5.3560678346456694
20
-3.681301811023622
11
5.3563097637795272
21
-3.6818042125984252
0
LINE
8
BLACK
6
CONTINUOUS
10
5.3563097637795272
20
-3.6818042125984252
11
5.3563514566929129
21
-3.6818459055118109
0
LINE
8
BLACK
6
CONTINUOUS
10
5.3563514566929129
20
-3.6818459055118109
11
5.3564842913385826
21
-3.6821665748031496
0
LINE
8
BLACK
6
CONTINUOUS
10
5.3564842913385826
20
-3.6821665748031496
11
5.3574692125984251
21
-3.6842118110236219
0
LINE
8
BLACK
6
CONTINUOUS
10
5.3574692125984251
20
-3.6842118110236219
11
5.3575590551181103
21
-3.6858267716535433
0
LINE
8
BLACK
6
CONTINUOUS
10
5.3575590551181103
20
-3.6858267716535433
11
5.3575590551181103
21
-3.7142913385826772
0
LINE
8
BLACK
6
CONTINUOUS
10
5.3575590551181103
20
-3.7142913385826772
11
5.3574692125984251
21
-3.7159062992125982
0
LINE
8
BLACK
6
CONTINUOUS
10
5.3574692125984251
20
-3.7159062992125982
11
5.3564842913385826
21
-3.7179514960629922
0
LINE
8
BLACK
6
CONTINUOUS
10
5.3564842913385826
20
-3.7179514960629922
11
5.3563514566929129
21
-3.7182722047244092
0
LINE
8
BLACK
6
CONTINUOUS
10
5.3563514566929129
20
-3.7182722047244092
11
5.3563097637795272
21
-3.7183138582677167
0
LINE
8
BLACK
6
CONTINUOUS
10
5.3563097637795272
20
-3.7183138582677167
11
5.3560678346456694
21
-3.7188162992125982
0
LINE
8
BLACK
6
CONTINUOUS
10
5.3560678346456694
20
-3.7188162992125982
11
5.3547816929133853
21
-3.719841929133858
0
LINE
8
BLACK
6
CONTINUOUS
10
5.3547816929133853
20
-3.719841929133858
11
5.3543745669291338
21
-3.7202490944881887
0
LINE
8
BLACK
6
CONTINUOUS
10
5.3543745669291338
20
-3.7202490944881887
11
5.354159409448819
21
-3.720338188976378
0
LINE
8
BLACK
6
CONTINUOUS
10
5.354159409448819
20
-3.720338188976378
11
5.3535425984251965
21
-3.7208301181102361
0
LINE
8
BLACK
6
CONTINUOUS
10
5.3535425984251965
20
-3.7208301181102361
11
5.352271417322835
21
-3.7211202362204725
0
LINE
8
BLACK
6
CONTINUOUS
10
5.352271417322835
20
-3.7211202362204725
11
5.3517915748031495
21
-3.7213190157480316
0
LINE
8
BLACK
6
CONTINUOUS
10
5.3517915748031495
20
-3.7213190157480316
11
5.3514005511811025
21
-3.7213190157480316
0
LINE
8
BLACK
6
CONTINUOUS
10
5.3514005511811025
20
-3.7213190157480316
11
5.3503937007874018
21
-3.7215488188976376
0
LINE
8
BLACK
6
CONTINUOUS
10
5.3503937007874018
20
-3.7215488188976376
11
5.3493868503937003
21
-3.7213190157480316
0
LINE
8
BLACK
6
CONTINUOUS
10
5.3493868503937003
20
-3.7213190157480316
11
5.3489958267716533
21
-3.7213190157480316
0
LINE
8
BLACK
6
CONTINUOUS
10
5.3489958267716533
20
-3.7213190157480316
11
5.34851594488189
21
-3.7211202362204725
0
LINE
8
BLACK
6
CONTINUOUS
10
5.34851594488189
20
-3.7211202362204725
11
5.3472448031496063
21
-3.7208301181102361
0
LINE
8
BLACK
6
CONTINUOUS
10
5.3472448031496063
20
-3.7208301181102361
11
5.3466279527559051
21
-3.720338188976378
0
LINE
8
BLACK
6
CONTINUOUS
10
5.3466279527559051
20
-3.720338188976378
11
5.346412834645669
21
-3.7202490944881887
0
LINE
8
BLACK
6
CONTINUOUS
10
5.346412834645669
20
-3.7202490944881887
11
5.3460056692913387
21
-3.719841929133858
0
LINE
8
BLACK
6
CONTINUOUS
10
5.3460056692913387
20
-3.719841929133858
11
5.3447195669291334
21
-3.7188162992125982
0
LINE
8
BLACK
6
CONTINUOUS
10
5.3447195669291334
20
-3.7188162992125982
11
5.3444775984251969
21
-3.7183138582677167
0
LINE
8
BLACK
6
CONTINUOUS
10
5.3444775984251969
20
-3.7183138582677167
11
5.3444359448818899
21
-3.7182722047244092
0
LINE
8
BLACK
6
CONTINUOUS
10
5.3444359448818899
20
-3.7182722047244092
11
5.3443030708661414
21
-3.7179514960629922
0
LINE
8
BLACK
6
CONTINUOUS
10
5.3443030708661414
20
-3.7179514960629922
11
5.3433181889763777
21
-3.7159062992125982
0
LINE
8
BLACK
6
CONTINUOUS
10
5.3433181889763777
20
-3.7159062992125982
11
5.3432283464566925
21
-3.7142913385826772
0
LINE
8
BLACK
6
CONTINUOUS
10
5.3432283464566925
20
-3.7142913385826772
11
5.3432283464566925
21
-3.6858267716535433
0
LINE
8
BLACK
6
CONTINUOUS
10
5.3432283464566925
20
-3.6858267716535433
11
5.3433181889763777
21
-3.6842118110236219
0
LINE
8
BLACK
6
CONTINUOUS
10
5.3433181889763777
20
-3.6842118110236219
11
5.3443030708661414
21
-3.6821665748031496
0
LINE
8
BLACK
6
CONTINUOUS
10
5.3443030708661414
20
-3.6821665748031496
11
5.3444359448818899
21
-3.6818459055118109
0
LINE
8
BLACK
6
CONTINUOUS
10
5.3444359448818899
20
-3.6818459055118109
11
5.3444775984251969
21
-3.6818042125984252
0
LINE
8
BLACK
6
CONTINUOUS
10
5.3444775984251969
20
-3.6818042125984252
11
5.3447195669291334
21
-3.681301811023622
0
LINE
8
BLACK
6
CONTINUOUS
10
5.3447195669291334
20
-3.681301811023622
11
5.3460056692913387
21
-3.6802761417322833
0
LINE
8
BLACK
6
CONTINUOUS
10
5.3460056692913387
20
-3.6802761417322833
11
5.346412834645669
21
-3.6798690157480314
0
LINE
8
BLACK
6
CONTINUOUS
10
5.346412834645669
20
-3.6798690157480314
11
5.3466279527559051
21
-3.6797798818897638
0
LINE
8
BLACK
6
CONTINUOUS
10
5.3466279527559051
20
-3.6797798818897638
11
5.3472448031496063
21
-3.679287992125984
0
LINE
8
BLACK
6
CONTINUOUS
10
5.3472448031496063
20
-3.679287992125984
11
5.34851594488189
21
-3.6789978346456693
0
LINE
8
BLACK
6
CONTINUOUS
10
5.34851594488189
20
-3.6789978346456693
11
5.3489958267716533
21
-3.678799094488189
0
LINE
8
BLACK
6
CONTINUOUS
10
5.3489958267716533
20
-3.678799094488189
11
5.3493868503937003
21
-3.678799094488189
0
LINE
8
BLACK
6
CONTINUOUS
10
5.3493868503937003
20
-3.678799094488189
11
5.3503937007874018
21
-3.6785692913385826
0
LINE
8
BLACK
6
CONTINUOUS
10
5.3503937007874018
20
-3.6785692913385826
11
5.3514005511811025
21
-3.678799094488189
0
LINE
8
BLACK
6
CONTINUOUS
10
5.3769911023622043
20
-3.678799094488189
11
5.3773821259842522
21
-3.678799094488189
0
LINE
8
BLACK
6
CONTINUOUS
10
5.3773821259842522
20
-3.678799094488189
11
5.3778619685039368
21
-3.6789978346456693
0
LINE
8
BLACK
6
CONTINUOUS
10
5.3778619685039368
20
-3.6789978346456693
11
5.3791331496062993
21
-3.679287992125984
0
LINE
8
BLACK
6
CONTINUOUS
10
5.3791331496062993
20
-3.679287992125984
11
5.3797499606299208
21
-3.6797798818897638
0
LINE
8
BLACK
6
CONTINUOUS
10
5.3797499606299208
20
-3.6797798818897638
11
5.3799651181102357
21
-3.6798690157480314
0
LINE
8
BLACK
6
CONTINUOUS
10
5.3799651181102357
20
-3.6798690157480314
11
5.3803722440944881
21
-3.6802761417322833
0
LINE
8
BLACK
6
CONTINUOUS
10
5.3803722440944881
20
-3.6802761417322833
11
5.3816583858267713
21
-3.681301811023622
0
LINE
8
BLACK
6
CONTINUOUS
10
5.3816583858267713
20
-3.681301811023622
11
5.3819003149606299
21
-3.6818042125984252
0
LINE
8
BLACK
6
CONTINUOUS
10
5.3819003149606299
20
-3.6818042125984252
11
5.3819420078740157
21
-3.6818459055118109
0
LINE
8
BLACK
6
CONTINUOUS
10
5.3819420078740157
20
-3.6818459055118109
11
5.3820748425196845
21
-3.6821665748031496
0
LINE
8
BLACK
6
CONTINUOUS
10
5.3820748425196845
20
-3.6821665748031496
11
5.383059763779527
21
-3.6842118110236219
0
LINE
8
BLACK
6
CONTINUOUS
10
5.383059763779527
20
-3.6842118110236219
11
5.3831496062992121
21
-3.6858267716535433
0
LINE
8
BLACK
6
CONTINUOUS
10
5.3831496062992121
20
-3.6858267716535433
11
5.3831496062992121
21
-3.7142913385826772
0
LINE
8
BLACK
6
CONTINUOUS
10
5.3831496062992121
20
-3.7142913385826772
11
5.383059763779527
21
-3.7159062992125982
0
LINE
8
BLACK
6
CONTINUOUS
10
5.383059763779527
20
-3.7159062992125982
11
5.3820748425196845
21
-3.7179514960629922
0
LINE
8
BLACK
6
CONTINUOUS
10
5.3820748425196845
20
-3.7179514960629922
11
5.3819420078740157
21
-3.7182722047244092
0
LINE
8
BLACK
6
CONTINUOUS
10
5.3819420078740157
20
-3.7182722047244092
11
5.3819003149606299
21
-3.7183138582677167
0
LINE
8
BLACK
6
CONTINUOUS
10
5.3819003149606299
20
-3.7183138582677167
11
5.3816583858267713
21
-3.7188162992125982
0
LINE
8
BLACK
6
CONTINUOUS
10
5.3816583858267713
20
-3.7188162992125982
11
5.3803722440944881
21
-3.719841929133858
0
LINE
8
BLACK
6
CONTINUOUS
10
5.3803722440944881
20
-3.719841929133858
11
5.3799651181102357
21
-3.7202490944881887
0
LINE
8
BLACK
6
CONTINUOUS
10
5.3799651181102357
20
-3.7202490944881887
11
5.3797499606299208
21
-3.720338188976378
0
LINE
8
BLACK
6
CONTINUOUS
10
5.3797499606299208
20
-3.720338188976378
11
5.3791331496062993
21
-3.7208301181102361
0
LINE
8
BLACK
6
CONTINUOUS
10
5.3791331496062993
20
-3.7208301181102361
11
5.3778619685039368
21
-3.7211202362204725
0
LINE
8
BLACK
6
CONTINUOUS
10
5.3778619685039368
20
-3.7211202362204725
11
5.3773821259842522
21
-3.7213190157480316
0
LINE
8
BLACK
6
CONTINUOUS
10
5.3773821259842522
20
-3.7213190157480316
11
5.3769911023622043
21
-3.7213190157480316
0
LINE
8
BLACK
6
CONTINUOUS
10
5.3769911023622043
20
-3.7213190157480316
11
5.3759842519685037
21
-3.7215488188976376
0
LINE
8
BLACK
6
CONTINUOUS
10
5.3759842519685037
20
-3.7215488188976376
11
5.3749774015748031
21
-3.7213190157480316
0
LINE
8
BLACK
6
CONTINUOUS
10
5.3749774015748031
20
-3.7213190157480316
11
5.3745863779527561
21
-3.7213190157480316
0
LINE
8
BLACK
6
CONTINUOUS
10
5.3745863779527561
20
-3.7213190157480316
11
5.3741064960629918
21
-3.7211202362204725
0
LINE
8
BLACK
6
CONTINUOUS
10
5.3741064960629918
20
-3.7211202362204725
11
5.3728353543307081
21
-3.7208301181102361
0
LINE
8
BLACK
6
CONTINUOUS
10
5.3728353543307081
20
-3.7208301181102361
11
5.3722185039370078
21
-3.720338188976378
0
LINE
8
BLACK
6
CONTINUOUS
10
5.3722185039370078
20
-3.720338188976378
11
5.3720033858267717
21
-3.7202490944881887
0
LINE
8
BLACK
6
CONTINUOUS
10
5.3720033858267717
20
-3.7202490944881887
11
5.3715962204724406
21
-3.719841929133858
0
LINE
8
BLACK
6
CONTINUOUS
10
5.3715962204724406
20
-3.719841929133858
11
5.3703101181102362
21
-3.7188162992125982
0
LINE
8
BLACK
6
CONTINUOUS
10
5.3703101181102362
20
-3.7188162992125982
11
5.3700681496062987
21
-3.7183138582677167
0
LINE
8
BLACK
6
CONTINUOUS
10
5.3700681496062987
20
-3.7183138582677167
11
5.3700264960629918
21
-3.7182722047244092
0
LINE
8
BLACK
6
CONTINUOUS
10
5.3700264960629918
20
-3.7182722047244092
11
5.3698936220472442
21
-3.7179514960629922
0
LINE
8
BLACK
6
CONTINUOUS
10
5.3698936220472442
20
-3.7179514960629922
11
5.3689087401574804
21
-3.7159062992125982
0
LINE
8
BLACK
6
CONTINUOUS
10
5.3689087401574804
20
-3.7159062992125982
11
5.3688188976377953
21
-3.7142913385826772
0
LINE
8
BLACK
6
CONTINUOUS
10
5.3688188976377953
20
-3.7142913385826772
11
5.3688188976377953
21
-3.6858267716535433
0
LINE
8
BLACK
6
CONTINUOUS
10
5.3688188976377953
20
-3.6858267716535433
11
5.3689087401574804
21
-3.6842118110236219
0
LINE
8
BLACK
6
CONTINUOUS
10
5.3689087401574804
20
-3.6842118110236219
11
5.3698936220472442
21
-3.6821665748031496
0
LINE
8
BLACK
6
CONTINUOUS
10
5.3698936220472442
20
-3.6821665748031496
11
5.3700264960629918
21
-3.6818459055118109
0
LINE
8
BLACK
6
CONTINUOUS
10
5.3700264960629918
20
-3.6818459055118109
11
5.3700681496062987
21
-3.6818042125984252
0
LINE
8
BLACK
6
CONTINUOUS
10
5.3700681496062987
20
-3.6818042125984252
11
5.3703101181102362
21
-3.681301811023622
0
LINE
8
BLACK
6
CONTINUOUS
10
5.3703101181102362
20
-3.681301811023622
11
5.3715962204724406
21
-3.6802761417322833
0
LINE
8
BLACK
6
CONTINUOUS
10
5.3715962204724406
20
-3.6802761417322833
11
5.3720033858267717
21
-3.6798690157480314
0
LINE
8
BLACK
6
CONTINUOUS
10
5.3720033858267717
20
-3.6798690157480314
11
5.3722185039370078
21
-3.6797798818897638
0
LINE
8
BLACK
6
CONTINUOUS
10
5.3722185039370078
20
-3.6797798818897638
11
5.3728353543307081
21
-3.679287992125984
0
LINE
8
BLACK
6
CONTINUOUS
10
5.3728353543307081
20
-3.679287992125984
11
5.3741064960629918
21
-3.6789978346456693
0
LINE
8
BLACK
6
CONTINUOUS
10
5.3741064960629918
20
-3.6789978346456693
11
5.3745863779527561
21
-3.678799094488189
0
LINE
8
BLACK
6
CONTINUOUS
10
5.3745863779527561
20
-3.678799094488189
11
5.3749774015748031
21
-3.678799094488189
0
LINE
8
BLACK
6
CONTINUOUS
10
5.3749774015748031
20
-3.678799094488189
11
5.3759842519685037
21
-3.6785692913385826
0
LINE
8
BLACK
6
CONTINUOUS
10
5.3759842519685037
20
-3.6785692913385826
11
5.3769911023622043
21
-3.678799094488189
0
LINE
8
BLACK
6
CONTINUOUS
10
5.4025816535433071
20
-3.678799094488189
11
5.4029726771653541
21
-3.678799094488189
0
LINE
8
BLACK
6
CONTINUOUS
10
5.4029726771653541
20
-3.678799094488189
11
5.4034525196850396
21
-3.6789978346456693
0
LINE
8
BLACK
6
CONTINUOUS
10
5.4034525196850396
20
-3.6789978346456693
11
5.4047237007874012
21
-3.679287992125984
0
LINE
8
BLACK
6
CONTINUOUS
10
5.4047237007874012
20
-3.679287992125984
11
5.4053405118110236
21
-3.6797798818897638
0
LINE
8
BLACK
6
CONTINUOUS
10
5.4053405118110236
20
-3.6797798818897638
11
5.4055556692913385
21
-3.6798690157480314
0
LINE
8
BLACK
6
CONTINUOUS
10
5.4055556692913385
20
-3.6798690157480314
11
5.4059627952755909
21
-3.6802761417322833
0
LINE
8
BLACK
6
CONTINUOUS
10
5.4059627952755909
20
-3.6802761417322833
11
5.407248937007874
21
-3.681301811023622
0
LINE
8
BLACK
6
CONTINUOUS
10
5.407248937007874
20
-3.681301811023622
11
5.4074908661417318
21
-3.6818042125984252
0
LINE
8
BLACK
6
CONTINUOUS
10
5.4074908661417318
20
-3.6818042125984252
11
5.4075325590551184
21
-3.6818459055118109
0
LINE
8
BLACK
6
CONTINUOUS
10
5.4075325590551184
20
-3.6818459055118109
11
5.4076653937007872
21
-3.6821665748031496
0
LINE
8
BLACK
6
CONTINUOUS
10
5.4076653937007872
20
-3.6821665748031496
11
5.4086503149606298
21
-3.6842118110236219
0
LINE
8
BLACK
6
CONTINUOUS
10
5.4086503149606298
20
-3.6842118110236219
11
5.4087401574803149
21
-3.6858267716535433
0
LINE
8
BLACK
6
CONTINUOUS
10
5.4087401574803149
20
-3.6858267716535433
11
5.4087401574803149
21
-3.7142913385826772
0
LINE
8
BLACK
6
CONTINUOUS
10
5.4087401574803149
20
-3.7142913385826772
11
5.4086503149606298
21
-3.7159062992125982
0
LINE
8
BLACK
6
CONTINUOUS
10
5.4086503149606298
20
-3.7159062992125982
11
5.4076653937007872
21
-3.7179514960629922
0
LINE
8
BLACK
6
CONTINUOUS
10
5.4076653937007872
20
-3.7179514960629922
11
5.4075325590551184
21
-3.7182722047244092
0
LINE
8
BLACK
6
CONTINUOUS
10
5.4075325590551184
20
-3.7182722047244092
11
5.4074908661417318
21
-3.7183138582677167
0
LINE
8
BLACK
6
CONTINUOUS
10
5.4074908661417318
20
-3.7183138582677167
11
5.407248937007874
21
-3.7188162992125982
0
LINE
8
BLACK
6
CONTINUOUS
10
5.407248937007874
20
-3.7188162992125982
11
5.4059627952755909
21
-3.719841929133858
0
LINE
8
BLACK
6
CONTINUOUS
10
5.4059627952755909
20
-3.719841929133858
11
5.4055556692913385
21
-3.7202490944881887
0
LINE
8
BLACK
6
CONTINUOUS
10
5.4055556692913385
20
-3.7202490944881887
11
5.4053405118110236
21
-3.720338188976378
0
LINE
8
BLACK
6
CONTINUOUS
10
5.4053405118110236
20
-3.720338188976378
11
5.4047237007874012
21
-3.7208301181102361
0
LINE
8
BLACK
6
CONTINUOUS
10
5.4047237007874012
20
-3.7208301181102361
11
5.4034525196850396
21
-3.7211202362204725
0
LINE
8
BLACK
6
CONTINUOUS
10
5.4034525196850396
20
-3.7211202362204725
11
5.4029726771653541
21
-3.7213190157480316
0
LINE
8
BLACK
6
CONTINUOUS
10
5.4029726771653541
20
-3.7213190157480316
11
5.4025816535433071
21
-3.7213190157480316
0
LINE
8
BLACK
6
CONTINUOUS
10
5.4025816535433071
20
-3.7213190157480316
11
5.4015748031496065
21
-3.7215488188976376
0
LINE
8
BLACK
6
CONTINUOUS
10
5.4015748031496065
20
-3.7215488188976376
11
5.400567952755905
21
-3.7213190157480316
0
LINE
8
BLACK
6
CONTINUOUS
10
5.400567952755905
20
-3.7213190157480316
11
5.4001769291338579
21
-3.7213190157480316
0
LINE
8
BLACK
6
CONTINUOUS
10
5.4001769291338579
20
-3.7213190157480316
11
5.3996970472440946
21
-3.7211202362204725
0
LINE
8
BLACK
6
CONTINUOUS
10
5.3996970472440946
20
-3.7211202362204725
11
5.3984259055118109
21
-3.7208301181102361
0
LINE
8
BLACK
6
CONTINUOUS
10
5.3984259055118109
20
-3.7208301181102361
11
5.3978090551181097
21
-3.720338188976378
0
LINE
8
BLACK
6
CONTINUOUS
10
5.3978090551181097
20
-3.720338188976378
11
5.3975939370078736
21
-3.7202490944881887
0
LINE
8
BLACK
6
CONTINUOUS
10
5.3975939370078736
20
-3.7202490944881887
11
5.3971867716535433
21
-3.719841929133858
0
LINE
8
BLACK
6
CONTINUOUS
10
5.3971867716535433
20
-3.719841929133858
11
5.395900669291338
21
-3.7188162992125982
0
LINE
8
BLACK
6
CONTINUOUS
10
5.395900669291338
20
-3.7188162992125982
11
5.3956587007874015
21
-3.7183138582677167
0
LINE
8
BLACK
6
CONTINUOUS
10
5.3956587007874015
20
-3.7183138582677167
11
5.3956170472440945
21
-3.7182722047244092
0
LINE
8
BLACK
6
CONTINUOUS
10
5.3956170472440945
20
-3.7182722047244092
11
5.3954841732283461
21
-3.7179514960629922
0
LINE
8
BLACK
6
CONTINUOUS
10
5.3954841732283461
20
-3.7179514960629922
11
5.3944992913385823
21
-3.7159062992125982
0
LINE
8
BLACK
6
CONTINUOUS
10
5.3944992913385823
20
-3.7159062992125982
11
5.3944094488188972
21
-3.7142913385826772
0
LINE
8
BLACK
6
CONTINUOUS
10
5.3944094488188972
20
-3.7142913385826772
11
5.3944094488188972
21
-3.6858267716535433
0
LINE
8
BLACK
6
CONTINUOUS
10
5.3944094488188972
20
-3.6858267716535433
11
5.3944992913385823
21
-3.6842118110236219
0
LINE
8
BLACK
6
CONTINUOUS
10
5.3944992913385823
20
-3.6842118110236219
11
5.3954841732283461
21
-3.6821665748031496
0
LINE
8
BLACK
6
CONTINUOUS
10
5.3954841732283461
20
-3.6821665748031496
11
5.3956170472440945
21
-3.6818459055118109
0
LINE
8
BLACK
6
CONTINUOUS
10
5.3956170472440945
20
-3.6818459055118109
11
5.3956587007874015
21
-3.6818042125984252
0
LINE
8
BLACK
6
CONTINUOUS
10
5.3956587007874015
20
-3.6818042125984252
11
5.395900669291338
21
-3.681301811023622
0
LINE
8
BLACK
6
CONTINUOUS
10
5.395900669291338
20
-3.681301811023622
11
5.3971867716535433
21
-3.6802761417322833
0
LINE
8
BLACK
6
CONTINUOUS
10
5.3971867716535433
20
-3.6802761417322833
11
5.3975939370078736
21
-3.6798690157480314
0
LINE
8
BLACK
6
CONTINUOUS
10
5.3975939370078736
20
-3.6798690157480314
11
5.3978090551181097
21
-3.6797798818897638
0
LINE
8
BLACK
6
CONTINUOUS
10
5.3978090551181097
20
-3.6797798818897638
11
5.3984259055118109
21
-3.679287992125984
0
LINE
8
BLACK
6
CONTINUOUS
10
5.3984259055118109
20
-3.679287992125984
11
5.3996970472440946
21
-3.6789978346456693
0
LINE
8
BLACK
6
CONTINUOUS
10
5.3996970472440946
20
-3.6789978346456693
11
5.4001769291338579
21
-3.678799094488189
0
LINE
8
BLACK
6
CONTINUOUS
10
5.4001769291338579
20
-3.678799094488189
11
5.400567952755905
21
-3.678799094488189
0
LINE
8
BLACK
6
CONTINUOUS
10
5.400567952755905
20
-3.678799094488189
11
5.4015748031496065
21
-3.6785692913385826
0
LINE
8
BLACK
6
CONTINUOUS
10
5.4015748031496065
20
-3.6785692913385826
11
5.4025816535433071
21
-3.678799094488189
0
LINE
8
BLACK
6
CONTINUOUS
10
5.428172204724409
20
-3.678799094488189
11
5.4285632283464569
21
-3.678799094488189
0
LINE
8
BLACK
6
CONTINUOUS
10
5.4285632283464569
20
-3.678799094488189
11
5.4290430708661415
21
-3.6789978346456693
0
LINE
8
BLACK
6
CONTINUOUS
10
5.4290430708661415
20
-3.6789978346456693
11
5.4303142519685039
21
-3.679287992125984
0
LINE
8
BLACK
6
CONTINUOUS
10
5.4303142519685039
20
-3.679287992125984
11
5.4309310629921255
21
-3.6797798818897638
0
LINE
8
BLACK
6
CONTINUOUS
10
5.4309310629921255
20
-3.6797798818897638
11
5.4311462204724412
21
-3.6798690157480314
0
LINE
8
BLACK
6
CONTINUOUS
10
5.4311462204724412
20
-3.6798690157480314
11
5.4315533464566927
21
-3.6802761417322833
0
LINE
8
BLACK
6
CONTINUOUS
10
5.4315533464566927
20
-3.6802761417322833
11
5.4328394881889759
21
-3.681301811023622
0
LINE
8
BLACK
6
CONTINUOUS
10
5.4328394881889759
20
-3.681301811023622
11
5.4330814173228346
21
-3.6818042125984252
0
LINE
8
BLACK
6
CONTINUOUS
10
5.4330814173228346
20
-3.6818042125984252
11
5.4331231102362203
21
-3.6818459055118109
0
LINE
8
BLACK
6
CONTINUOUS
10
5.4331231102362203
20
-3.6818459055118109
11
5.43325594488189
21
-3.6821665748031496
0
LINE
8
BLACK
6
CONTINUOUS
10
5.43325594488189
20
-3.6821665748031496
11
5.4342408661417325
21
-3.6842118110236219
0
LINE
8
BLACK
6
CONTINUOUS
10
5.4342408661417325
20
-3.6842118110236219
11
5.4343307086614168
21
-3.6858267716535433
0
LINE
8
BLACK
6
CONTINUOUS
10
5.4343307086614168
20
-3.6858267716535433
11
5.4343307086614168
21
-3.7142913385826772
0
LINE
8
BLACK
6
CONTINUOUS
10
5.4343307086614168
20
-3.7142913385826772
11
5.4342408661417325
21
-3.7159062992125982
0
LINE
8
BLACK
6
CONTINUOUS
10
5.4342408661417325
20
-3.7159062992125982
11
5.43325594488189
21
-3.7179514960629922
0
LINE
8
BLACK
6
CONTINUOUS
10
5.43325594488189
20
-3.7179514960629922
11
5.4331231102362203
21
-3.7182722047244092
0
LINE
8
BLACK
6
CONTINUOUS
10
5.4331231102362203
20
-3.7182722047244092
11
5.4330814173228346
21
-3.7183138582677167
0
LINE
8
BLACK
6
CONTINUOUS
10
5.4330814173228346
20
-3.7183138582677167
11
5.4328394881889759
21
-3.7188162992125982
0
LINE
8
BLACK
6
CONTINUOUS
10
5.4328394881889759
20
-3.7188162992125982
11
5.4315533464566927
21
-3.719841929133858
0
LINE
8
BLACK
6
CONTINUOUS
10
5.4315533464566927
20
-3.719841929133858
11
5.4311462204724412
21
-3.7202490944881887
0
LINE
8
BLACK
6
CONTINUOUS
10
5.4311462204724412
20
-3.7202490944881887
11
5.4309310629921255
21
-3.720338188976378
0
LINE
8
BLACK
6
CONTINUOUS
10
5.4309310629921255
20
-3.720338188976378
11
5.4303142519685039
21
-3.7208301181102361
0
LINE
8
BLACK
6
CONTINUOUS
10
5.4303142519685039
20
-3.7208301181102361
11
5.4290430708661415
21
-3.7211202362204725
0
LINE
8
BLACK
6
CONTINUOUS
10
5.4290430708661415
20
-3.7211202362204725
11
5.4285632283464569
21
-3.7213190157480316
0
LINE
8
BLACK
6
CONTINUOUS
10
5.4285632283464569
20
-3.7213190157480316
11
5.428172204724409
21
-3.7213190157480316
0
LINE
8
BLACK
6
CONTINUOUS
10
5.428172204724409
20
-3.7213190157480316
11
5.4271653543307083
21
-3.7215488188976376
0
LINE
8
BLACK
6
CONTINUOUS
10
5.4271653543307083
20
-3.7215488188976376
11
5.4261585039370077
21
-3.7213190157480316
0
LINE
8
BLACK
6
CONTINUOUS
10
5.4261585039370077
20
-3.7213190157480316
11
5.4257674803149607
21
-3.7213190157480316
0
LINE
8
BLACK
6
CONTINUOUS
10
5.4257674803149607
20
-3.7213190157480316
11
5.4252875984251965
21
-3.7211202362204725
0
LINE
8
BLACK
6
CONTINUOUS
10
5.4252875984251965
20
-3.7211202362204725
11
5.4240164566929137
21
-3.7208301181102361
0
LINE
8
BLACK
6
CONTINUOUS
10
5.4240164566929137
20
-3.7208301181102361
11
5.4233996062992125
21
-3.720338188976378
0
LINE
8
BLACK
6
CONTINUOUS
10
5.4233996062992125
20
-3.720338188976378
11
5.4231844881889764
21
-3.7202490944881887
0
LINE
8
BLACK
6
CONTINUOUS
10
5.4231844881889764
20
-3.7202490944881887
11
5.4227773228346452
21
-3.719841929133858
0
LINE
8
BLACK
6
CONTINUOUS
10
5.4227773228346452
20
-3.719841929133858
11
5.4214912204724408
21
-3.7188162992125982
0
LINE
8
BLACK
6
CONTINUOUS
10
5.4214912204724408
20
-3.7188162992125982
11
5.4212492519685034
21
-3.7183138582677167
0
LINE
8
BLACK
6
CONTINUOUS
10
5.4212492519685034
20
-3.7183138582677167
11
5.4212075984251964
21
-3.7182722047244092
0
LINE
8
BLACK
6
CONTINUOUS
10
5.4212075984251964
20
-3.7182722047244092
11
5.4210747244094488
21
-3.7179514960629922
0
LINE
8
BLACK
6
CONTINUOUS
10
5.4210747244094488
20
-3.7179514960629922
11
5.4200898425196851
21
-3.7159062992125982
0
LINE
8
BLACK
6
CONTINUOUS
10
5.4200898425196851
20
-3.7159062992125982
11
5.4199999999999999
21
-3.7142913385826772
0
LINE
8
BLACK
6
CONTINUOUS
10
5.4199999999999999
20
-3.7142913385826772
11
5.4199999999999999
21
-3.6858267716535433
0
LINE
8
BLACK
6
CONTINUOUS
10
5.4199999999999999
20
-3.6858267716535433
11
5.4200898425196851
21
-3.6842118110236219
0
LINE
8
BLACK
6
CONTINUOUS
10
5.4200898425196851
20
-3.6842118110236219
11
5.4210747244094488
21
-3.6821665748031496
0
LINE
8
BLACK
6
CONTINUOUS
10
5.4210747244094488
20
-3.6821665748031496
11
5.4212075984251964
21
-3.6818459055118109
0
LINE
8
BLACK
6
CONTINUOUS
10
5.4212075984251964
20
-3.6818459055118109
11
5.4212492519685034
21
-3.6818042125984252
0
LINE
8
BLACK
6
CONTINUOUS
10
5.4212492519685034
20
-3.6818042125984252
11
5.4214912204724408
21
-3.681301811023622
0
LINE
8
BLACK
6
CONTINUOUS
10
5.4214912204724408
20
-3.681301811023622
11
5.4227773228346452
21
-3.6802761417322833
0
LINE
8
BLACK
6
CONTINUOUS
10
5.4227773228346452
20
-3.6802761417322833
11
5.4231844881889764
21
-3.6798690157480314
0
LINE
8
BLACK
6
CONTINUOUS
10
5.4231844881889764
20
-3.6798690157480314
11
5.4233996062992125
21
-3.6797798818897638
0
LINE
8
BLACK
6
CONTINUOUS
10
5.4233996062992125
20
-3.6797798818897638
11
5.4240164566929137
21
-3.679287992125984
0
LINE
8
BLACK
6
CONTINUOUS
10
5.4240164566929137
20
-3.679287992125984
11
5.4252875984251965
21
-3.6789978346456693
0
LINE
8
BLACK
6
CONTINUOUS
10
5.4252875984251965
20
-3.6789978346456693
11
5.4257674803149607
21
-3.678799094488189
0
LINE
8
BLACK
6
CONTINUOUS
10
5.4257674803149607
20
-3.678799094488189
11
5.4261585039370077
21
-3.678799094488189
0
LINE
8
BLACK
6
CONTINUOUS
10
5.4261585039370077
20
-3.678799094488189
11
5.4271653543307083
21
-3.6785692913385826
0
LINE
8
BLACK
6
CONTINUOUS
10
5.4271653543307083
20
-3.6785692913385826
11
5.428172204724409
21
-3.678799094488189
0
LINE
8
BLACK
6
CONTINUOUS
10
5.4537627559055117
20
-3.678799094488189
11
5.4541537795275588
21
-3.678799094488189
0
LINE
8
BLACK
6
CONTINUOUS
10
5.4541537795275588
20
-3.678799094488189
11
5.4546336220472442
21
-3.6789978346456693
0
LINE
8
BLACK
6
CONTINUOUS
10
5.4546336220472442
20
-3.6789978346456693
11
5.4559048031496058
21
-3.679287992125984
0
LINE
8
BLACK
6
CONTINUOUS
10
5.4559048031496058
20
-3.679287992125984
11
5.4565216141732282
21
-3.6797798818897638
0
LINE
8
BLACK
6
CONTINUOUS
10
5.4565216141732282
20
-3.6797798818897638
11
5.4567367716535431
21
-3.6798690157480314
0
LINE
8
BLACK
6
CONTINUOUS
10
5.4567367716535431
20
-3.6798690157480314
11
5.4571438976377955
21
-3.6802761417322833
0
LINE
8
BLACK
6
CONTINUOUS
10
5.4571438976377955
20
-3.6802761417322833
11
5.4584300393700786
21
-3.681301811023622
0
LINE
8
BLACK
6
CONTINUOUS
10
5.4584300393700786
20
-3.681301811023622
11
5.4586719685039373
21
-3.6818042125984252
0
LINE
8
BLACK
6
CONTINUOUS
10
5.4586719685039373
20
-3.6818042125984252
11
5.4587136614173231
21
-3.6818459055118109
0
LINE
8
BLACK
6
CONTINUOUS
10
5.4587136614173231
20
-3.6818459055118109
11
5.4588464960629919
21
-3.6821665748031496
0
LINE
8
BLACK
6
CONTINUOUS
10
5.4588464960629919
20
-3.6821665748031496
11
5.4598314173228344
21
-3.6842118110236219
0
LINE
8
BLACK
6
CONTINUOUS
10
5.4598314173228344
20
-3.6842118110236219
11
5.4599212598425195
21
-3.6858267716535433
0
LINE
8
BLACK
6
CONTINUOUS
10
5.4599212598425195
20
-3.6858267716535433
11
5.4599212598425195
21
-3.7142913385826772
0
LINE
8
BLACK
6
CONTINUOUS
10
5.4599212598425195
20
-3.7142913385826772
11
5.4598314173228344
21
-3.7159062992125982
0
LINE
8
BLACK
6
CONTINUOUS
10
5.4598314173228344
20
-3.7159062992125982
11
5.4588464960629919
21
-3.7179514960629922
0
LINE
8
BLACK
6
CONTINUOUS
10
5.4588464960629919
20
-3.7179514960629922
11
5.4587136614173231
21
-3.7182722047244092
0
LINE
8
BLACK
6
CONTINUOUS
10
5.4587136614173231
20
-3.7182722047244092
11
5.4586719685039373
21
-3.7183138582677167
0
LINE
8
BLACK
6
CONTINUOUS
10
5.4586719685039373
20
-3.7183138582677167
11
5.4584300393700786
21
-3.7188162992125982
0
LINE
8
BLACK
6
CONTINUOUS
10
5.4584300393700786
20
-3.7188162992125982
11
5.4571438976377955
21
-3.719841929133858
0
LINE
8
BLACK
6
CONTINUOUS
10
5.4571438976377955
20
-3.719841929133858
11
5.4567367716535431
21
-3.7202490944881887
0
LINE
8
BLACK
6
CONTINUOUS
10
5.4567367716535431
20
-3.7202490944881887
11
5.4565216141732282
21
-3.720338188976378
0
LINE
8
BLACK
6
CONTINUOUS
10
5.4565216141732282
20
-3.720338188976378
11
5.4559048031496058
21
-3.7208301181102361
0
LINE
8
BLACK
6
CONTINUOUS
10
5.4559048031496058
20
-3.7208301181102361
11
5.4546336220472442
21
-3.7211202362204725
0
LINE
8
BLACK
6
CONTINUOUS
10
5.4546336220472442
20
-3.7211202362204725
11
5.4541537795275588
21
-3.7213190157480316
0
LINE
8
BLACK
6
CONTINUOUS
10
5.4541537795275588
20
-3.7213190157480316
11
5.4537627559055117
21
-3.7213190157480316
0
LINE
8
BLACK
6
CONTINUOUS
10
5.4537627559055117
20
-3.7213190157480316
11
5.4527559055118111
21
-3.7215488188976376
0
LINE
8
BLACK
6
CONTINUOUS
10
5.4527559055118111
20
-3.7215488188976376
11
5.4517490551181105
21
-3.7213190157480316
0
LINE
8
BLACK
6
CONTINUOUS
10
5.4517490551181105
20
-3.7213190157480316
11
5.4513580314960626
21
-3.7213190157480316
0
LINE
8
BLACK
6
CONTINUOUS
10
5.4513580314960626
20
-3.7213190157480316
11
5.4508781496062992
21
-3.7211202362204725
0
LINE
8
BLACK
6
CONTINUOUS
10
5.4508781496062992
20
-3.7211202362204725
11
5.4496070078740155
21
-3.7208301181102361
0
LINE
8
BLACK
6
CONTINUOUS
10
5.4496070078740155
20
-3.7208301181102361
11
5.4489901574803152
21
-3.720338188976378
0
LINE
8
BLACK
6
CONTINUOUS
10
5.4489901574803152
20
-3.720338188976378
11
5.4487750393700782
21
-3.7202490944881887
0
LINE
8
BLACK
6
CONTINUOUS
10
5.4487750393700782
20
-3.7202490944881887
11
5.448367874015748
21
-3.719841929133858
0
LINE
8
BLACK
6
CONTINUOUS
10
5.448367874015748
20
-3.719841929133858
11
5.4470817716535436
21
-3.7188162992125982
0
LINE
8
BLACK
6
CONTINUOUS
10
5.4470817716535436
20
-3.7188162992125982
11
5.4468398031496061
21
-3.7183138582677167
0
LINE
8
BLACK
6
CONTINUOUS
10
5.4468398031496061
20
-3.7183138582677167
11
5.4467981496062992
21
-3.7182722047244092
0
LINE
8
BLACK
6
CONTINUOUS
10
5.4467981496062992
20
-3.7182722047244092
11
5.4466652755905507
21
-3.7179514960629922
0
LINE
8
BLACK
6
CONTINUOUS
10
5.4466652755905507
20
-3.7179514960629922
11
5.4456803937007869
21
-3.7159062992125982
0
LINE
8
BLACK
6
CONTINUOUS
10
5.4456803937007869
20
-3.7159062992125982
11
5.4455905511811018
21
-3.7142913385826772
0
LINE
8
BLACK
6
CONTINUOUS
10
5.4455905511811018
20
-3.7142913385826772
11
5.4455905511811018
21
-3.6858267716535433
0
LINE
8
BLACK
6
CONTINUOUS
10
5.4455905511811018
20
-3.6858267716535433
11
5.4456803937007869
21
-3.6842118110236219
0
LINE
8
BLACK
6
CONTINUOUS
10
5.4456803937007869
20
-3.6842118110236219
11
5.4466652755905507
21
-3.6821665748031496
0
LINE
8
BLACK
6
CONTINUOUS
10
5.4466652755905507
20
-3.6821665748031496
11
5.4467981496062992
21
-3.6818459055118109
0
LINE
8
BLACK
6
CONTINUOUS
10
5.4467981496062992
20
-3.6818459055118109
11
5.4468398031496061
21
-3.6818042125984252
0
LINE
8
BLACK
6
CONTINUOUS
10
5.4468398031496061
20
-3.6818042125984252
11
5.4470817716535436
21
-3.681301811023622
0
LINE
8
BLACK
6
CONTINUOUS
10
5.4470817716535436
20
-3.681301811023622
11
5.448367874015748
21
-3.6802761417322833
0
LINE
8
BLACK
6
CONTINUOUS
10
5.448367874015748
20
-3.6802761417322833
11
5.4487750393700782
21
-3.6798690157480314
0
LINE
8
BLACK
6
CONTINUOUS
10
5.4487750393700782
20
-3.6798690157480314
11
5.4489901574803152
21
-3.6797798818897638
0
LINE
8
BLACK
6
CONTINUOUS
10
5.4489901574803152
20
-3.6797798818897638
11
5.4496070078740155
21
-3.679287992125984
0
LINE
8
BLACK
6
CONTINUOUS
10
5.4496070078740155
20
-3.679287992125984
11
5.4508781496062992
21
-3.6789978346456693
0
LINE
8
BLACK
6
CONTINUOUS
10
5.4508781496062992
20
-3.6789978346456693
11
5.4513580314960626
21
-3.678799094488189
0
LINE
8
BLACK
6
CONTINUOUS
10
5.4513580314960626
20
-3.678799094488189
11
5.4517490551181105
21
-3.678799094488189
0
LINE
8
BLACK
6
CONTINUOUS
10
5.4517490551181105
20
-3.678799094488189
11
5.4527559055118111
21
-3.6785692913385826
0
LINE
8
BLACK
6
CONTINUOUS
10
5.4527559055118111
20
-3.6785692913385826
11
5.4537627559055117
21
-3.678799094488189
0
LINE
8
BLACK
6
CONTINUOUS
10
6.9045501574803145
20
-3.678799094488189
11
6.9049411811023624
21
-3.678799094488189
0
LINE
8
BLACK
6
CONTINUOUS
10
6.9049411811023624
20
-3.678799094488189
11
6.905421023622047
21
-3.6789978346456693
0
LINE
8
BLACK
6
CONTINUOUS
10
6.905421023622047
20
-3.6789978346456693
11
6.9066922047244095
21
-3.679287992125984
0
LINE
8
BLACK
6
CONTINUOUS
10
6.9066922047244095
20
-3.679287992125984
11
6.907309015748031
21
-3.6797798818897638
0
LINE
8
BLACK
6
CONTINUOUS
10
6.907309015748031
20
-3.6797798818897638
11
6.9075241732283459
21
-3.6798690157480314
0
LINE
8
BLACK
6
CONTINUOUS
10
6.9075241732283459
20
-3.6798690157480314
11
6.9079312992125983
21
-3.6802761417322833
0
LINE
8
BLACK
6
CONTINUOUS
10
6.9079312992125983
20
-3.6802761417322833
11
6.9092174409448814
21
-3.681301811023622
0
LINE
8
BLACK
6
CONTINUOUS
10
6.9092174409448814
20
-3.681301811023622
11
6.9094593700787401
21
-3.6818042125984252
0
LINE
8
BLACK
6
CONTINUOUS
10
6.9094593700787401
20
-3.6818042125984252
11
6.9095010629921259
21
-3.6818459055118109
0
LINE
8
BLACK
6
CONTINUOUS
10
6.9095010629921259
20
-3.6818459055118109
11
6.9096338976377947
21
-3.6821665748031496
0
LINE
8
BLACK
6
CONTINUOUS
10
6.9096338976377947
20
-3.6821665748031496
11
6.9106188188976381
21
-3.6842118110236219
0
LINE
8
BLACK
6
CONTINUOUS
10
6.9106188188976381
20
-3.6842118110236219
11
6.9107086614173223
21
-3.6858267716535433
0
LINE
8
BLACK
6
CONTINUOUS
10
6.9107086614173223
20
-3.6858267716535433
11
6.9107086614173223
21
-3.7142913385826772
0
LINE
8
BLACK
6
CONTINUOUS
10
6.9107086614173223
20
-3.7142913385826772
11
6.9106188188976381
21
-3.7159062992125982
0
LINE
8
BLACK
6
CONTINUOUS
10
6.9106188188976381
20
-3.7159062992125982
11
6.9096338976377947
21
-3.7179514960629922
0
LINE
8
BLACK
6
CONTINUOUS
10
6.9096338976377947
20
-3.7179514960629922
11
6.9095010629921259
21
-3.7182722047244092
0
LINE
8
BLACK
6
CONTINUOUS
10
6.9095010629921259
20
-3.7182722047244092
11
6.9094593700787401
21
-3.7183138582677167
0
LINE
8
BLACK
6
CONTINUOUS
10
6.9094593700787401
20
-3.7183138582677167
11
6.9092174409448814
21
-3.7188162992125982
0
LINE
8
BLACK
6
CONTINUOUS
10
6.9092174409448814
20
-3.7188162992125982
11
6.9079312992125983
21
-3.719841929133858
0
LINE
8
BLACK
6
CONTINUOUS
10
6.9079312992125983
20
-3.719841929133858
11
6.9075241732283459
21
-3.7202490944881887
0
LINE
8
BLACK
6
CONTINUOUS
10
6.9075241732283459
20
-3.7202490944881887
11
6.907309015748031
21
-3.720338188976378
0
LINE
8
BLACK
6
CONTINUOUS
10
6.907309015748031
20
-3.720338188976378
11
6.9066922047244095
21
-3.7208301181102361
0
LINE
8
BLACK
6
CONTINUOUS
10
6.9066922047244095
20
-3.7208301181102361
11
6.905421023622047
21
-3.7211202362204725
0
LINE
8
BLACK
6
CONTINUOUS
10
6.905421023622047
20
-3.7211202362204725
11
6.9049411811023624
21
-3.7213190157480316
0
LINE
8
BLACK
6
CONTINUOUS
10
6.9049411811023624
20
-3.7213190157480316
11
6.9045501574803145
21
-3.7213190157480316
0
LINE
8
BLACK
6
CONTINUOUS
10
6.9045501574803145
20
-3.7213190157480316
11
6.9035433070866139
21
-3.7215488188976376
0
LINE
8
BLACK
6
CONTINUOUS
10
6.9035433070866139
20
-3.7215488188976376
11
6.9025364566929133
21
-3.7213190157480316
0
LINE
8
BLACK
6
CONTINUOUS
10
6.9025364566929133
20
-3.7213190157480316
11
6.9021454330708663
21
-3.7213190157480316
0
LINE
8
BLACK
6
CONTINUOUS
10
6.9021454330708663
20
-3.7213190157480316
11
6.901665551181102
21
-3.7211202362204725
0
LINE
8
BLACK
6
CONTINUOUS
10
6.901665551181102
20
-3.7211202362204725
11
6.9003944094488183
21
-3.7208301181102361
0
LINE
8
BLACK
6
CONTINUOUS
10
6.9003944094488183
20
-3.7208301181102361
11
6.899777559055118
21
-3.720338188976378
0
LINE
8
BLACK
6
CONTINUOUS
10
6.899777559055118
20
-3.720338188976378
11
6.8995624409448819
21
-3.7202490944881887
0
LINE
8
BLACK
6
CONTINUOUS
10
6.8995624409448819
20
-3.7202490944881887
11
6.8991552755905508
21
-3.719841929133858
0
LINE
8
BLACK
6
CONTINUOUS
10
6.8991552755905508
20
-3.719841929133858
11
6.8978691732283464
21
-3.7188162992125982
0
LINE
8
BLACK
6
CONTINUOUS
10
6.8978691732283464
20
-3.7188162992125982
11
6.8976272047244089
21
-3.7183138582677167
0
LINE
8
BLACK
6
CONTINUOUS
10
6.8976272047244089
20
-3.7183138582677167
11
6.8975855511811019
21
-3.7182722047244092
0
LINE
8
BLACK
6
CONTINUOUS
10
6.8975855511811019
20
-3.7182722047244092
11
6.8974526771653544
21
-3.7179514960629922
0
LINE
8
BLACK
6
CONTINUOUS
10
6.8974526771653544
20
-3.7179514960629922
11
6.8964677952755906
21
-3.7159062992125982
0
LINE
8
BLACK
6
CONTINUOUS
10
6.8964677952755906
20
-3.7159062992125982
11
6.8963779527559055
21
-3.7142913385826772
0
LINE
8
BLACK
6
CONTINUOUS
10
6.8963779527559055
20
-3.7142913385826772
11
6.8963779527559055
21
-3.6858267716535433
0
LINE
8
BLACK
6
CONTINUOUS
10
6.8963779527559055
20
-3.6858267716535433
11
6.8964677952755906
21
-3.6842118110236219
0
LINE
8
BLACK
6
CONTINUOUS
10
6.8964677952755906
20
-3.6842118110236219
11
6.8974526771653544
21
-3.6821665748031496
0
LINE
8
BLACK
6
CONTINUOUS
10
6.8974526771653544
20
-3.6821665748031496
11
6.8975855511811019
21
-3.6818459055118109
0
LINE
8
BLACK
6
CONTINUOUS
10
6.8975855511811019
20
-3.6818459055118109
11
6.8976272047244089
21
-3.6818042125984252
0
LINE
8
BLACK
6
CONTINUOUS
10
6.8976272047244089
20
-3.6818042125984252
11
6.8978691732283464
21
-3.681301811023622
0
LINE
8
BLACK
6
CONTINUOUS
10
6.8978691732283464
20
-3.681301811023622
11
6.8991552755905508
21
-3.6802761417322833
0
LINE
8
BLACK
6
CONTINUOUS
10
6.8991552755905508
20
-3.6802761417322833
11
6.8995624409448819
21
-3.6798690157480314
0
LINE
8
BLACK
6
CONTINUOUS
10
6.8995624409448819
20
-3.6798690157480314
11
6.899777559055118
21
-3.6797798818897638
0
LINE
8
BLACK
6
CONTINUOUS
10
6.899777559055118
20
-3.6797798818897638
11
6.9003944094488183
21
-3.679287992125984
0
LINE
8
BLACK
6
CONTINUOUS
10
6.9003944094488183
20
-3.679287992125984
11
6.901665551181102
21
-3.6789978346456693
0
LINE
8
BLACK
6
CONTINUOUS
10
6.901665551181102
20
-3.6789978346456693
11
6.9021454330708663
21
-3.678799094488189
0
LINE
8
BLACK
6
CONTINUOUS
10
6.9021454330708663
20
-3.678799094488189
11
6.9025364566929133
21
-3.678799094488189
0
LINE
8
BLACK
6
CONTINUOUS
10
6.9025364566929133
20
-3.678799094488189
11
6.9035433070866139
21
-3.6785692913385826
0
LINE
8
BLACK
6
CONTINUOUS
10
6.9035433070866139
20
-3.6785692913385826
11
6.9045501574803145
21
-3.678799094488189
0
LINE
8
BLACK
6
CONTINUOUS
10
6.9301407086614173
20
-3.678799094488189
11
6.9305317322834643
21
-3.678799094488189
0
LINE
8
BLACK
6
CONTINUOUS
10
6.9305317322834643
20
-3.678799094488189
11
6.9310115748031498
21
-3.6789978346456693
0
LINE
8
BLACK
6
CONTINUOUS
10
6.9310115748031498
20
-3.6789978346456693
11
6.9322827559055114
21
-3.679287992125984
0
LINE
8
BLACK
6
CONTINUOUS
10
6.9322827559055114
20
-3.679287992125984
11
6.9328995669291338
21
-3.6797798818897638
0
LINE
8
BLACK
6
CONTINUOUS
10
6.9328995669291338
20
-3.6797798818897638
11
6.9331147244094486
21
-3.6798690157480314
0
LINE
8
BLACK
6
CONTINUOUS
10
6.9331147244094486
20
-3.6798690157480314
11
6.9335218503937011
21
-3.6802761417322833
0
LINE
8
BLACK
6
CONTINUOUS
10
6.9335218503937011
20
-3.6802761417322833
11
6.9348079921259842
21
-3.681301811023622
0
LINE
8
BLACK
6
CONTINUOUS
10
6.9348079921259842
20
-3.681301811023622
11
6.935049921259842
21
-3.6818042125984252
0
LINE
8
BLACK
6
CONTINUOUS
10
6.935049921259842
20
-3.6818042125984252
11
6.9350916141732286
21
-3.6818459055118109
0
LINE
8
BLACK
6
CONTINUOUS
10
6.9350916141732286
20
-3.6818459055118109
11
6.9352244488188974
21
-3.6821665748031496
0
LINE
8
BLACK
6
CONTINUOUS
10
6.9352244488188974
20
-3.6821665748031496
11
6.9362093700787399
21
-3.6842118110236219
0
LINE
8
BLACK
6
CONTINUOUS
10
6.9362093700787399
20
-3.6842118110236219
11
6.9362992125984251
21
-3.6858267716535433
0
LINE
8
BLACK
6
CONTINUOUS
10
6.9362992125984251
20
-3.6858267716535433
11
6.9362992125984251
21
-3.7142913385826772
0
LINE
8
BLACK
6
CONTINUOUS
10
6.9362992125984251
20
-3.7142913385826772
11
6.9362093700787399
21
-3.7159062992125982
0
LINE
8
BLACK
6
CONTINUOUS
10
6.9362093700787399
20
-3.7159062992125982
11
6.9352244488188974
21
-3.7179514960629922
0
LINE
8
BLACK
6
CONTINUOUS
10
6.9352244488188974
20
-3.7179514960629922
11
6.9350916141732286
21
-3.7182722047244092
0
LINE
8
BLACK
6
CONTINUOUS
10
6.9350916141732286
20
-3.7182722047244092
11
6.935049921259842
21
-3.7183138582677167
0
LINE
8
BLACK
6
CONTINUOUS
10
6.935049921259842
20
-3.7183138582677167
11
6.9348079921259842
21
-3.7188162992125982
0
LINE
8
BLACK
6
CONTINUOUS
10
6.9348079921259842
20
-3.7188162992125982
11
6.9335218503937011
21
-3.719841929133858
0
LINE
8
BLACK
6
CONTINUOUS
10
6.9335218503937011
20
-3.719841929133858
11
6.9331147244094486
21
-3.7202490944881887
0
LINE
8
BLACK
6
CONTINUOUS
10
6.9331147244094486
20
-3.7202490944881887
11
6.9328995669291338
21
-3.720338188976378
0
LINE
8
BLACK
6
CONTINUOUS
10
6.9328995669291338
20
-3.720338188976378
11
6.9322827559055114
21
-3.7208301181102361
0
LINE
8
BLACK
6
CONTINUOUS
10
6.9322827559055114
20
-3.7208301181102361
11
6.9310115748031498
21
-3.7211202362204725
0
LINE
8
BLACK
6
CONTINUOUS
10
6.9310115748031498
20
-3.7211202362204725
11
6.9305317322834643
21
-3.7213190157480316
0
LINE
8
BLACK
6
CONTINUOUS
10
6.9305317322834643
20
-3.7213190157480316
11
6.9301407086614173
21
-3.7213190157480316
0
LINE
8
BLACK
6
CONTINUOUS
10
6.9301407086614173
20
-3.7213190157480316
11
6.9291338582677167
21
-3.7215488188976376
0
LINE
8
BLACK
6
CONTINUOUS
10
6.9291338582677167
20
-3.7215488188976376
11
6.928127007874016
21
-3.7213190157480316
0
LINE
8
BLACK
6
CONTINUOUS
10
6.928127007874016
20
-3.7213190157480316
11
6.9277359842519681
21
-3.7213190157480316
0
LINE
8
BLACK
6
CONTINUOUS
10
6.9277359842519681
20
-3.7213190157480316
11
6.9272561023622048
21
-3.7211202362204725
0
LINE
8
BLACK
6
CONTINUOUS
10
6.9272561023622048
20
-3.7211202362204725
11
6.9259849606299211
21
-3.7208301181102361
0
LINE
8
BLACK
6
CONTINUOUS
10
6.9259849606299211
20
-3.7208301181102361
11
6.9253681102362199
21
-3.720338188976378
0
LINE
8
BLACK
6
CONTINUOUS
10
6.9253681102362199
20
-3.720338188976378
11
6.9251529921259838
21
-3.7202490944881887
0
LINE
8
BLACK
6
CONTINUOUS
10
6.9251529921259838
20
-3.7202490944881887
11
6.9247458267716535
21
-3.719841929133858
0
LINE
8
BLACK
6
CONTINUOUS
10
6.9247458267716535
20
-3.719841929133858
11
6.9234597244094482
21
-3.7188162992125982
0
LINE
8
BLACK
6
CONTINUOUS
10
6.9234597244094482
20
-3.7188162992125982
11
6.9232177559055117
21
-3.7183138582677167
0
LINE
8
BLACK
6
CONTINUOUS
10
6.9232177559055117
20
-3.7183138582677167
11
6.9231761023622047
21
-3.7182722047244092
0
LINE
8
BLACK
6
CONTINUOUS
10
6.9231761023622047
20
-3.7182722047244092
11
6.9230432283464562
21
-3.7179514960629922
0
LINE
8
BLACK
6
CONTINUOUS
10
6.9230432283464562
20
-3.7179514960629922
11
6.9220583464566925
21
-3.7159062992125982
0
LINE
8
BLACK
6
CONTINUOUS
10
6.9220583464566925
20
-3.7159062992125982
11
6.9219685039370074
21
-3.7142913385826772
0
LINE
8
BLACK
6
CONTINUOUS
10
6.9219685039370074
20
-3.7142913385826772
11
6.9219685039370074
21
-3.6858267716535433
0
LINE
8
BLACK
6
CONTINUOUS
10
6.9219685039370074
20
-3.6858267716535433
11
6.9220583464566925
21
-3.6842118110236219
0
LINE
8
BLACK
6
CONTINUOUS
10
6.9220583464566925
20
-3.6842118110236219
11
6.9230432283464562
21
-3.6821665748031496
0
LINE
8
BLACK
6
CONTINUOUS
10
6.9230432283464562
20
-3.6821665748031496
11
6.9231761023622047
21
-3.6818459055118109
0
LINE
8
BLACK
6
CONTINUOUS
10
6.9231761023622047
20
-3.6818459055118109
11
6.9232177559055117
21
-3.6818042125984252
0
LINE
8
BLACK
6
CONTINUOUS
10
6.9232177559055117
20
-3.6818042125984252
11
6.9234597244094482
21
-3.681301811023622
0
LINE
8
BLACK
6
CONTINUOUS
10
6.9234597244094482
20
-3.681301811023622
11
6.9247458267716535
21
-3.6802761417322833
0
LINE
8
BLACK
6
CONTINUOUS
10
6.9247458267716535
20
-3.6802761417322833
11
6.9251529921259838
21
-3.6798690157480314
0
LINE
8
BLACK
6
CONTINUOUS
10
6.9251529921259838
20
-3.6798690157480314
11
6.9253681102362199
21
-3.6797798818897638
0
LINE
8
BLACK
6
CONTINUOUS
10
6.9253681102362199
20
-3.6797798818897638
11
6.9259849606299211
21
-3.679287992125984
0
LINE
8
BLACK
6
CONTINUOUS
10
6.9259849606299211
20
-3.679287992125984
11
6.9272561023622048
21
-3.6789978346456693
0
LINE
8
BLACK
6
CONTINUOUS
10
6.9272561023622048
20
-3.6789978346456693
11
6.9277359842519681
21
-3.678799094488189
0
LINE
8
BLACK
6
CONTINUOUS
10
6.9277359842519681
20
-3.678799094488189
11
6.928127007874016
21
-3.678799094488189
0
LINE
8
BLACK
6
CONTINUOUS
10
6.928127007874016
20
-3.678799094488189
11
6.9291338582677167
21
-3.6785692913385826
0
LINE
8
BLACK
6
CONTINUOUS
10
6.9291338582677167
20
-3.6785692913385826
11
6.9301407086614173
21
-3.678799094488189
0
LINE
8
BLACK
6
CONTINUOUS
10
6.9557312598425192
20
-3.678799094488189
11
6.9561222834645671
21
-3.678799094488189
0
LINE
8
BLACK
6
CONTINUOUS
10
6.9561222834645671
20
-3.678799094488189
11
6.9566021259842516
21
-3.6789978346456693
0
LINE
8
BLACK
6
CONTINUOUS
10
6.9566021259842516
20
-3.6789978346456693
11
6.9578733070866141
21
-3.679287992125984
0
LINE
8
BLACK
6
CONTINUOUS
10
6.9578733070866141
20
-3.679287992125984
11
6.9584901181102357
21
-3.6797798818897638
0
LINE
8
BLACK
6
CONTINUOUS
10
6.9584901181102357
20
-3.6797798818897638
11
6.9587052755905514
21
-3.6798690157480314
0
LINE
8
BLACK
6
CONTINUOUS
10
6.9587052755905514
20
-3.6798690157480314
11
6.9591124015748029
21
-3.6802761417322833
0
LINE
8
BLACK
6
CONTINUOUS
10
6.9591124015748029
20
-3.6802761417322833
11
6.9603985433070861
21
-3.681301811023622
0
LINE
8
BLACK
6
CONTINUOUS
10
6.9603985433070861
20
-3.681301811023622
11
6.9606404724409447
21
-3.6818042125984252
0
LINE
8
BLACK
6
CONTINUOUS
10
6.9606404724409447
20
-3.6818042125984252
11
6.9606821653543305
21
-3.6818459055118109
0
LINE
8
BLACK
6
CONTINUOUS
10
6.9606821653543305
20
-3.6818459055118109
11
6.9608150000000002
21
-3.6821665748031496
0
LINE
8
BLACK
6
CONTINUOUS
10
6.9608150000000002
20
-3.6821665748031496
11
6.9617999212598427
21
-3.6842118110236219
0
LINE
8
BLACK
6
CONTINUOUS
10
6.9617999212598427
20
-3.6842118110236219
11
6.9618897637795278
21
-3.6858267716535433
0
LINE
8
BLACK
6
CONTINUOUS
10
6.9618897637795278
20
-3.6858267716535433
11
6.9618897637795278
21
-3.7142913385826772
0
LINE
8
BLACK
6
CONTINUOUS
10
6.9618897637795278
20
-3.7142913385826772
11
6.9617999212598427
21
-3.7159062992125982
0
LINE
8
BLACK
6
CONTINUOUS
10
6.9617999212598427
20
-3.7159062992125982
11
6.9608150000000002
21
-3.7179514960629922
0
LINE
8
BLACK
6
CONTINUOUS
10
6.9608150000000002
20
-3.7179514960629922
11
6.9606821653543305
21
-3.7182722047244092
0
LINE
8
BLACK
6
CONTINUOUS
10
6.9606821653543305
20
-3.7182722047244092
11
6.9606404724409447
21
-3.7183138582677167
0
LINE
8
BLACK
6
CONTINUOUS
10
6.9606404724409447
20
-3.7183138582677167
11
6.9603985433070861
21
-3.7188162992125982
0
LINE
8
BLACK
6
CONTINUOUS
10
6.9603985433070861
20
-3.7188162992125982
11
6.9591124015748029
21
-3.719841929133858
0
LINE
8
BLACK
6
CONTINUOUS
10
6.9591124015748029
20
-3.719841929133858
11
6.9587052755905514
21
-3.7202490944881887
0
LINE
8
BLACK
6
CONTINUOUS
10
6.9587052755905514
20
-3.7202490944881887
11
6.9584901181102357
21
-3.720338188976378
0
LINE
8
BLACK
6
CONTINUOUS
10
6.9584901181102357
20
-3.720338188976378
11
6.9578733070866141
21
-3.7208301181102361
0
LINE
8
BLACK
6
CONTINUOUS
10
6.9578733070866141
20
-3.7208301181102361
11
6.9566021259842516
21
-3.7211202362204725
0
LINE
8
BLACK
6
CONTINUOUS
10
6.9566021259842516
20
-3.7211202362204725
11
6.9561222834645671
21
-3.7213190157480316
0
LINE
8
BLACK
6
CONTINUOUS
10
6.9561222834645671
20
-3.7213190157480316
11
6.9557312598425192
21
-3.7213190157480316
0
LINE
8
BLACK
6
CONTINUOUS
10
6.9557312598425192
20
-3.7213190157480316
11
6.9547244094488185
21
-3.7215488188976376
0
LINE
8
BLACK
6
CONTINUOUS
10
6.9547244094488185
20
-3.7215488188976376
11
6.9537175590551179
21
-3.7213190157480316
0
LINE
8
BLACK
6
CONTINUOUS
10
6.9537175590551179
20
-3.7213190157480316
11
6.9533265354330709
21
-3.7213190157480316
0
LINE
8
BLACK
6
CONTINUOUS
10
6.9533265354330709
20
-3.7213190157480316
11
6.9528466535433067
21
-3.7211202362204725
0
LINE
8
BLACK
6
CONTINUOUS
10
6.9528466535433067
20
-3.7211202362204725
11
6.9515755118110238
21
-3.7208301181102361
0
LINE
8
BLACK
6
CONTINUOUS
10
6.9515755118110238
20
-3.7208301181102361
11
6.9509586614173227
21
-3.720338188976378
0
LINE
8
BLACK
6
CONTINUOUS
10
6.9509586614173227
20
-3.720338188976378
11
6.9507435433070865
21
-3.7202490944881887
0
LINE
8
BLACK
6
CONTINUOUS
10
6.9507435433070865
20
-3.7202490944881887
11
6.9503363779527554
21
-3.719841929133858
0
LINE
8
BLACK
6
CONTINUOUS
10
6.9503363779527554
20
-3.719841929133858
11
6.949050275590551
21
-3.7188162992125982
0
LINE
8
BLACK
6
CONTINUOUS
10
6.949050275590551
20
-3.7188162992125982
11
6.9488083070866145
21
-3.7183138582677167
0
LINE
8
BLACK
6
CONTINUOUS
10
6.9488083070866145
20
-3.7183138582677167
11
6.9487666535433066
21
-3.7182722047244092
0
LINE
8
BLACK
6
CONTINUOUS
10
6.9487666535433066
20
-3.7182722047244092
11
6.948633779527559
21
-3.7179514960629922
0
LINE
8
BLACK
6
CONTINUOUS
10
6.948633779527559
20
-3.7179514960629922
11
6.9476488976377953
21
-3.7159062992125982
0
LINE
8
BLACK
6
CONTINUOUS
10
6.9476488976377953
20
-3.7159062992125982
11
6.9475590551181101
21
-3.7142913385826772
0
LINE
8
BLACK
6
CONTINUOUS
10
6.9475590551181101
20
-3.7142913385826772
11
6.9475590551181101
21
-3.6858267716535433
0
LINE
8
BLACK
6
CONTINUOUS
10
6.9475590551181101
20
-3.6858267716535433
11
6.9476488976377953
21
-3.6842118110236219
0
LINE
8
BLACK
6
CONTINUOUS
10
6.9476488976377953
20
-3.6842118110236219
11
6.948633779527559
21
-3.6821665748031496
0
LINE
8
BLACK
6
CONTINUOUS
10
6.948633779527559
20
-3.6821665748031496
11
6.9487666535433066
21
-3.6818459055118109
0
LINE
8
BLACK
6
CONTINUOUS
10
6.9487666535433066
20
-3.6818459055118109
11
6.9488083070866145
21
-3.6818042125984252
0
LINE
8
BLACK
6
CONTINUOUS
10
6.9488083070866145
20
-3.6818042125984252
11
6.949050275590551
21
-3.681301811023622
0
LINE
8
BLACK
6
CONTINUOUS
10
6.949050275590551
20
-3.681301811023622
11
6.9503363779527554
21
-3.6802761417322833
0
LINE
8
BLACK
6
CONTINUOUS
10
6.9503363779527554
20
-3.6802761417322833
11
6.9507435433070865
21
-3.6798690157480314
0
LINE
8
BLACK
6
CONTINUOUS
10
6.9507435433070865
20
-3.6798690157480314
11
6.9509586614173227
21
-3.6797798818897638
0
LINE
8
BLACK
6
CONTINUOUS
10
6.9509586614173227
20
-3.6797798818897638
11
6.9515755118110238
21
-3.679287992125984
0
LINE
8
BLACK
6
CONTINUOUS
10
6.9515755118110238
20
-3.679287992125984
11
6.9528466535433067
21
-3.6789978346456693
0
LINE
8
BLACK
6
CONTINUOUS
10
6.9528466535433067
20
-3.6789978346456693
11
6.9533265354330709
21
-3.678799094488189
0
LINE
8
BLACK
6
CONTINUOUS
10
6.9533265354330709
20
-3.678799094488189
11
6.9537175590551179
21
-3.678799094488189
0
LINE
8
BLACK
6
CONTINUOUS
10
6.9537175590551179
20
-3.678799094488189
11
6.9547244094488185
21
-3.6785692913385826
0
LINE
8
BLACK
6
CONTINUOUS
10
6.9547244094488185
20
-3.6785692913385826
11
6.9557312598425192
21
-3.678799094488189
0
LINE
8
BLACK
6
CONTINUOUS
10
6.9813218110236219
20
-3.678799094488189
11
6.9817128346456689
21
-3.678799094488189
0
LINE
8
BLACK
6
CONTINUOUS
10
6.9817128346456689
20
-3.678799094488189
11
6.9821926771653544
21
-3.6789978346456693
0
LINE
8
BLACK
6
CONTINUOUS
10
6.9821926771653544
20
-3.6789978346456693
11
6.983463858267716
21
-3.679287992125984
0
LINE
8
BLACK
6
CONTINUOUS
10
6.983463858267716
20
-3.679287992125984
11
6.9840806692913384
21
-3.6797798818897638
0
LINE
8
BLACK
6
CONTINUOUS
10
6.9840806692913384
20
-3.6797798818897638
11
6.9842958267716533
21
-3.6798690157480314
0
LINE
8
BLACK
6
CONTINUOUS
10
6.9842958267716533
20
-3.6798690157480314
11
6.9847029527559057
21
-3.6802761417322833
0
LINE
8
BLACK
6
CONTINUOUS
10
6.9847029527559057
20
-3.6802761417322833
11
6.9859890944881888
21
-3.681301811023622
0
LINE
8
BLACK
6
CONTINUOUS
10
6.9859890944881888
20
-3.681301811023622
11
6.9862310236220475
21
-3.6818042125984252
0
LINE
8
BLACK
6
CONTINUOUS
10
6.9862310236220475
20
-3.6818042125984252
11
6.9862727165354332
21
-3.6818459055118109
0
LINE
8
BLACK
6
CONTINUOUS
10
6.9862727165354332
20
-3.6818459055118109
11
6.9864055511811021
21
-3.6821665748031496
0
LINE
8
BLACK
6
CONTINUOUS
10
6.9864055511811021
20
-3.6821665748031496
11
6.9873904724409446
21
-3.6842118110236219
0
LINE
8
BLACK
6
CONTINUOUS
10
6.9873904724409446
20
-3.6842118110236219
11
6.9874803149606297
21
-3.6858267716535433
0
LINE
8
BLACK
6
CONTINUOUS
10
6.9874803149606297
20
-3.6858267716535433
11
6.9874803149606297
21
-3.7142913385826772
0
LINE
8
BLACK
6
CONTINUOUS
10
6.9874803149606297
20
-3.7142913385826772
11
6.9873904724409446
21
-3.7159062992125982
0
LINE
8
BLACK
6
CONTINUOUS
10
6.9873904724409446
20
-3.7159062992125982
11
6.9864055511811021
21
-3.7179514960629922
0
LINE
8
BLACK
6
CONTINUOUS
10
6.9864055511811021
20
-3.7179514960629922
11
6.9862727165354332
21
-3.7182722047244092
0
LINE
8
BLACK
6
CONTINUOUS
10
6.9862727165354332
20
-3.7182722047244092
11
6.9862310236220475
21
-3.7183138582677167
0
LINE
8
BLACK
6
CONTINUOUS
10
6.9862310236220475
20
-3.7183138582677167
11
6.9859890944881888
21
-3.7188162992125982
0
LINE
8
BLACK
6
CONTINUOUS
10
6.9859890944881888
20
-3.7188162992125982
11
6.9847029527559057
21
-3.719841929133858
0
LINE
8
BLACK
6
CONTINUOUS
10
6.9847029527559057
20
-3.719841929133858
11
6.9842958267716533
21
-3.7202490944881887
0
LINE
8
BLACK
6
CONTINUOUS
10
6.9842958267716533
20
-3.7202490944881887
11
6.9840806692913384
21
-3.720338188976378
0
LINE
8
BLACK
6
CONTINUOUS
10
6.9840806692913384
20
-3.720338188976378
11
6.983463858267716
21
-3.7208301181102361
0
LINE
8
BLACK
6
CONTINUOUS
10
6.983463858267716
20
-3.7208301181102361
11
6.9821926771653544
21
-3.7211202362204725
0
LINE
8
BLACK
6
CONTINUOUS
10
6.9821926771653544
20
-3.7211202362204725
11
6.9817128346456689
21
-3.7213190157480316
0
LINE
8
BLACK
6
CONTINUOUS
10
6.9817128346456689
20
-3.7213190157480316
11
6.9813218110236219
21
-3.7213190157480316
0
LINE
8
BLACK
6
CONTINUOUS
10
6.9813218110236219
20
-3.7213190157480316
11
6.9803149606299213
21
-3.7215488188976376
0
LINE
8
BLACK
6
CONTINUOUS
10
6.9803149606299213
20
-3.7215488188976376
11
6.9793081102362207
21
-3.7213190157480316
0
LINE
8
BLACK
6
CONTINUOUS
10
6.9793081102362207
20
-3.7213190157480316
11
6.9789170866141728
21
-3.7213190157480316
0
LINE
8
BLACK
6
CONTINUOUS
10
6.9789170866141728
20
-3.7213190157480316
11
6.9784372047244094
21
-3.7211202362204725
0
LINE
8
BLACK
6
CONTINUOUS
10
6.9784372047244094
20
-3.7211202362204725
11
6.9771660629921257
21
-3.7208301181102361
0
LINE
8
BLACK
6
CONTINUOUS
10
6.9771660629921257
20
-3.7208301181102361
11
6.9765492125984254
21
-3.720338188976378
0
LINE
8
BLACK
6
CONTINUOUS
10
6.9765492125984254
20
-3.720338188976378
11
6.9763340944881884
21
-3.7202490944881887
0
LINE
8
BLACK
6
CONTINUOUS
10
6.9763340944881884
20
-3.7202490944881887
11
6.9759269291338581
21
-3.719841929133858
0
LINE
8
BLACK
6
CONTINUOUS
10
6.9759269291338581
20
-3.719841929133858
11
6.9746408267716538
21
-3.7188162992125982
0
LINE
8
BLACK
6
CONTINUOUS
10
6.9746408267716538
20
-3.7188162992125982
11
6.9743988582677163
21
-3.7183138582677167
0
LINE
8
BLACK
6
CONTINUOUS
10
6.9743988582677163
20
-3.7183138582677167
11
6.9743572047244093
21
-3.7182722047244092
0
LINE
8
BLACK
6
CONTINUOUS
10
6.9743572047244093
20
-3.7182722047244092
11
6.9742243307086609
21
-3.7179514960629922
0
LINE
8
BLACK
6
CONTINUOUS
10
6.9742243307086609
20
-3.7179514960629922
11
6.9732394488188971
21
-3.7159062992125982
0
LINE
8
BLACK
6
CONTINUOUS
10
6.9732394488188971
20
-3.7159062992125982
11
6.9731496062992129
21
-3.7142913385826772
0
LINE
8
BLACK
6
CONTINUOUS
10
6.9731496062992129
20
-3.7142913385826772
11
6.9731496062992129
21
-3.6858267716535433
0
LINE
8
BLACK
6
CONTINUOUS
10
6.9731496062992129
20
-3.6858267716535433
11
6.9732394488188971
21
-3.6842118110236219
0
LINE
8
BLACK
6
CONTINUOUS
10
6.9732394488188971
20
-3.6842118110236219
11
6.9742243307086609
21
-3.6821665748031496
0
LINE
8
BLACK
6
CONTINUOUS
10
6.9742243307086609
20
-3.6821665748031496
11
6.9743572047244093
21
-3.6818459055118109
0
LINE
8
BLACK
6
CONTINUOUS
10
6.9743572047244093
20
-3.6818459055118109
11
6.9743988582677163
21
-3.6818042125984252
0
LINE
8
BLACK
6
CONTINUOUS
10
6.9743988582677163
20
-3.6818042125984252
11
6.9746408267716538
21
-3.681301811023622
0
LINE
8
BLACK
6
CONTINUOUS
10
6.9746408267716538
20
-3.681301811023622
11
6.9759269291338581
21
-3.6802761417322833
0
LINE
8
BLACK
6
CONTINUOUS
10
6.9759269291338581
20
-3.6802761417322833
11
6.9763340944881884
21
-3.6798690157480314
0
LINE
8
BLACK
6
CONTINUOUS
10
6.9763340944881884
20
-3.6798690157480314
11
6.9765492125984254
21
-3.6797798818897638
0
LINE
8
BLACK
6
CONTINUOUS
10
6.9765492125984254
20
-3.6797798818897638
11
6.9771660629921257
21
-3.679287992125984
0
LINE
8
BLACK
6
CONTINUOUS
10
6.9771660629921257
20
-3.679287992125984
11
6.9784372047244094
21
-3.6789978346456693
0
LINE
8
BLACK
6
CONTINUOUS
10
6.9784372047244094
20
-3.6789978346456693
11
6.9789170866141728
21
-3.678799094488189
0
LINE
8
BLACK
6
CONTINUOUS
10
6.9789170866141728
20
-3.678799094488189
11
6.9793081102362207
21
-3.678799094488189
0
LINE
8
BLACK
6
CONTINUOUS
10
6.9793081102362207
20
-3.678799094488189
11
6.9803149606299213
21
-3.6785692913385826
0
LINE
8
BLACK
6
CONTINUOUS
10
6.9803149606299213
20
-3.6785692913385826
11
6.9813218110236219
21
-3.678799094488189
0
LINE
8
BLACK
6
CONTINUOUS
10
7.0069123622047247
20
-3.678799094488189
11
7.0073033858267717
21
-3.678799094488189
0
LINE
8
BLACK
6
CONTINUOUS
10
7.0073033858267717
20
-3.678799094488189
11
7.0077832283464563
21
-3.6789978346456693
0
LINE
8
BLACK
6
CONTINUOUS
10
7.0077832283464563
20
-3.6789978346456693
11
7.0090544094488187
21
-3.679287992125984
0
LINE
8
BLACK
6
CONTINUOUS
10
7.0090544094488187
20
-3.679287992125984
11
7.0096712204724412
21
-3.6797798818897638
0
LINE
8
BLACK
6
CONTINUOUS
10
7.0096712204724412
20
-3.6797798818897638
11
7.009886377952756
21
-3.6798690157480314
0
LINE
8
BLACK
6
CONTINUOUS
10
7.009886377952756
20
-3.6798690157480314
11
7.0102935039370076
21
-3.6802761417322833
0
LINE
8
BLACK
6
CONTINUOUS
10
7.0102935039370076
20
-3.6802761417322833
11
7.0115796456692916
21
-3.681301811023622
0
LINE
8
BLACK
6
CONTINUOUS
10
7.0115796456692916
20
-3.681301811023622
11
7.0118215748031494
21
-3.6818042125984252
0
LINE
8
BLACK
6
CONTINUOUS
10
7.0118215748031494
20
-3.6818042125984252
11
7.0118632677165351
21
-3.6818459055118109
0
LINE
8
BLACK
6
CONTINUOUS
10
7.0118632677165351
20
-3.6818459055118109
11
7.0119961023622048
21
-3.6821665748031496
0
LINE
8
BLACK
6
CONTINUOUS
10
7.0119961023622048
20
-3.6821665748031496
11
7.0129810236220473
21
-3.6842118110236219
0
LINE
8
BLACK
6
CONTINUOUS
10
7.0129810236220473
20
-3.6842118110236219
11
7.0130708661417325
21
-3.6858267716535433
0
LINE
8
BLACK
6
CONTINUOUS
10
7.0130708661417325
20
-3.6858267716535433
11
7.0130708661417325
21
-3.7142913385826772
0
LINE
8
BLACK
6
CONTINUOUS
10
7.0130708661417325
20
-3.7142913385826772
11
7.0129810236220473
21
-3.7159062992125982
0
LINE
8
BLACK
6
CONTINUOUS
10
7.0129810236220473
20
-3.7159062992125982
11
7.0119961023622048
21
-3.7179514960629922
0
LINE
8
BLACK
6
CONTINUOUS
10
7.0119961023622048
20
-3.7179514960629922
11
7.0118632677165351
21
-3.7182722047244092
0
LINE
8
BLACK
6
CONTINUOUS
10
7.0118632677165351
20
-3.7182722047244092
11
7.0118215748031494
21
-3.7183138582677167
0
LINE
8
BLACK
6
CONTINUOUS
10
7.0118215748031494
20
-3.7183138582677167
11
7.0115796456692916
21
-3.7188162992125982
0
LINE
8
BLACK
6
CONTINUOUS
10
7.0115796456692916
20
-3.7188162992125982
11
7.0102935039370076
21
-3.719841929133858
0
LINE
8
BLACK
6
CONTINUOUS
10
7.0102935039370076
20
-3.719841929133858
11
7.009886377952756
21
-3.7202490944881887
0
LINE
8
BLACK
6
CONTINUOUS
10
7.009886377952756
20
-3.7202490944881887
11
7.0096712204724412
21
-3.720338188976378
0
LINE
8
BLACK
6
CONTINUOUS
10
7.0096712204724412
20
-3.720338188976378
11
7.0090544094488187
21
-3.7208301181102361
0
LINE
8
BLACK
6
CONTINUOUS
10
7.0090544094488187
20
-3.7208301181102361
11
7.0077832283464563
21
-3.7211202362204725
0
LINE
8
BLACK
6
CONTINUOUS
10
7.0077832283464563
20
-3.7211202362204725
11
7.0073033858267717
21
-3.7213190157480316
0
LINE
8
BLACK
6
CONTINUOUS
10
7.0073033858267717
20
-3.7213190157480316
11
7.0069123622047247
21
-3.7213190157480316
0
LINE
8
BLACK
6
CONTINUOUS
10
7.0069123622047247
20
-3.7213190157480316
11
7.0059055118110232
21
-3.7215488188976376
0
LINE
8
BLACK
6
CONTINUOUS
10
7.0059055118110232
20
-3.7215488188976376
11
7.0048986614173225
21
-3.7213190157480316
0
LINE
8
BLACK
6
CONTINUOUS
10
7.0048986614173225
20
-3.7213190157480316
11
7.0045076377952755
21
-3.7213190157480316
0
LINE
8
BLACK
6
CONTINUOUS
10
7.0045076377952755
20
-3.7213190157480316
11
7.0040277559055113
21
-3.7211202362204725
0
LINE
8
BLACK
6
CONTINUOUS
10
7.0040277559055113
20
-3.7211202362204725
11
7.0027566141732285
21
-3.7208301181102361
0
LINE
8
BLACK
6
CONTINUOUS
10
7.0027566141732285
20
-3.7208301181102361
11
7.0021397637795273
21
-3.720338188976378
0
LINE
8
BLACK
6
CONTINUOUS
10
7.0021397637795273
20
-3.720338188976378
11
7.0019246456692912
21
-3.7202490944881887
0
LINE
8
BLACK
6
CONTINUOUS
10
7.0019246456692912
20
-3.7202490944881887
11
7.0015174803149609
21
-3.719841929133858
0
LINE
8
BLACK
6
CONTINUOUS
10
7.0015174803149609
20
-3.719841929133858
11
7.0002313779527556
21
-3.7188162992125982
0
LINE
8
BLACK
6
CONTINUOUS
10
7.0002313779527556
20
-3.7188162992125982
11
6.9999894094488191
21
-3.7183138582677167
0
LINE
8
BLACK
6
CONTINUOUS
10
6.9999894094488191
20
-3.7183138582677167
11
6.9999477559055112
21
-3.7182722047244092
0
LINE
8
BLACK
6
CONTINUOUS
10
6.9999477559055112
20
-3.7182722047244092
11
6.9998148818897636
21
-3.7179514960629922
0
LINE
8
BLACK
6
CONTINUOUS
10
6.9998148818897636
20
-3.7179514960629922
11
6.9988299999999999
21
-3.7159062992125982
0
LINE
8
BLACK
6
CONTINUOUS
10
6.9988299999999999
20
-3.7159062992125982
11
6.9987401574803147
21
-3.7142913385826772
0
LINE
8
BLACK
6
CONTINUOUS
10
6.9987401574803147
20
-3.7142913385826772
11
6.9987401574803147
21
-3.6858267716535433
0
LINE
8
BLACK
6
CONTINUOUS
10
6.9987401574803147
20
-3.6858267716535433
11
6.9988299999999999
21
-3.6842118110236219
0
LINE
8
BLACK
6
CONTINUOUS
10
6.9988299999999999
20
-3.6842118110236219
11
6.9998148818897636
21
-3.6821665748031496
0
LINE
8
BLACK
6
CONTINUOUS
10
6.9998148818897636
20
-3.6821665748031496
11
6.9999477559055112
21
-3.6818459055118109
0
LINE
8
BLACK
6
CONTINUOUS
10
6.9999477559055112
20
-3.6818459055118109
11
6.9999894094488191
21
-3.6818042125984252
0
LINE
8
BLACK
6
CONTINUOUS
10
6.9999894094488191
20
-3.6818042125984252
11
7.0002313779527556
21
-3.681301811023622
0
LINE
8
BLACK
6
CONTINUOUS
10
7.0002313779527556
20
-3.681301811023622
11
7.0015174803149609
21
-3.6802761417322833
0
LINE
8
BLACK
6
CONTINUOUS
10
7.0015174803149609
20
-3.6802761417322833
11
7.0019246456692912
21
-3.6798690157480314
0
LINE
8
BLACK
6
CONTINUOUS
10
7.0019246456692912
20
-3.6798690157480314
11
7.0021397637795273
21
-3.6797798818897638
0
LINE
8
BLACK
6
CONTINUOUS
10
7.0021397637795273
20
-3.6797798818897638
11
7.0027566141732285
21
-3.679287992125984
0
LINE
8
BLACK
6
CONTINUOUS
10
7.0027566141732285
20
-3.679287992125984
11
7.0040277559055113
21
-3.6789978346456693
0
LINE
8
BLACK
6
CONTINUOUS
10
7.0040277559055113
20
-3.6789978346456693
11
7.0045076377952755
21
-3.678799094488189
0
LINE
8
BLACK
6
CONTINUOUS
10
7.0045076377952755
20
-3.678799094488189
11
7.0048986614173225
21
-3.678799094488189
0
LINE
8
BLACK
6
CONTINUOUS
10
7.0048986614173225
20
-3.678799094488189
11
7.0059055118110232
21
-3.6785692913385826
0
LINE
8
BLACK
6
CONTINUOUS
10
7.0059055118110232
20
-3.6785692913385826
11
7.0069123622047247
21
-3.678799094488189
0
LINE
8
BLACK
6
CONTINUOUS
10
6.106853307086614
20
-3.6763975196850391
11
6.107244330708661
21
-3.6763975196850391
0
LINE
8
BLACK
6
CONTINUOUS
10
6.107244330708661
20
-3.6763975196850391
11
6.1077241732283465
21
-3.6765962598425195
0
LINE
8
BLACK
6
CONTINUOUS
10
6.1077241732283465
20
-3.6765962598425195
11
6.1089953543307089
21
-3.6768864173228346
0
LINE
8
BLACK
6
CONTINUOUS
10
6.1089953543307089
20
-3.6768864173228346
11
6.1096121653543305
21
-3.677378307086614
0
LINE
8
BLACK
6
CONTINUOUS
10
6.1096121653543305
20
-3.677378307086614
11
6.1098273228346454
21
-3.677467440944882
0
LINE
8
BLACK
6
CONTINUOUS
10
6.1098273228346454
20
-3.677467440944882
11
6.1102344488188978
21
-3.6778745669291339
0
LINE
8
BLACK
6
CONTINUOUS
10
6.1102344488188978
20
-3.6778745669291339
11
6.1115205905511809
21
-3.6789002362204726
0
LINE
8
BLACK
6
CONTINUOUS
10
6.1115205905511809
20
-3.6789002362204726
11
6.1117625196850396
21
-3.6794026377952753
0
LINE
8
BLACK
6
CONTINUOUS
10
6.1117625196850396
20
-3.6794026377952753
11
6.1118042125984253
21
-3.6794443307086615
0
LINE
8
BLACK
6
CONTINUOUS
10
6.1118042125984253
20
-3.6794443307086615
11
6.1119370472440941
21
-3.6797649999999997
0
LINE
8
BLACK
6
CONTINUOUS
10
6.1119370472440941
20
-3.6797649999999997
11
6.1129219685039367
21
-3.6818102362204725
0
LINE
8
BLACK
6
CONTINUOUS
10
6.1129219685039367
20
-3.6818102362204725
11
6.1130118110236218
21
-3.6834251968503935
0
LINE
8
BLACK
6
CONTINUOUS
10
6.1130118110236218
20
-3.6834251968503935
11
6.1130118110236218
21
-3.7118897637795274
0
LINE
8
BLACK
6
CONTINUOUS
10
6.1130118110236218
20
-3.7118897637795274
11
6.1129219685039367
21
-3.7135047244094488
0
LINE
8
BLACK
6
CONTINUOUS
10
6.1129219685039367
20
-3.7135047244094488
11
6.1119370472440941
21
-3.7155499212598424
0
LINE
8
BLACK
6
CONTINUOUS
10
6.1119370472440941
20
-3.7155499212598424
11
6.1118042125984253
21
-3.7158706299212598
0
LINE
8
BLACK
6
CONTINUOUS
10
6.1118042125984253
20
-3.7158706299212598
11
6.1117625196850396
21
-3.7159122834645668
0
LINE
8
BLACK
6
CONTINUOUS
10
6.1117625196850396
20
-3.7159122834645668
11
6.1115205905511809
21
-3.7164147244094488
0
LINE
8
BLACK
6
CONTINUOUS
10
6.1115205905511809
20
-3.7164147244094488
11
6.1102344488188978
21
-3.7174403543307086
0
LINE
8
BLACK
6
CONTINUOUS
10
6.1102344488188978
20
-3.7174403543307086
11
6.1098273228346454
21
-3.7178475196850393
0
LINE
8
BLACK
6
CONTINUOUS
10
6.1098273228346454
20
-3.7178475196850393
11
6.1096121653543305
21
-3.7179366141732282
0
LINE
8
BLACK
6
CONTINUOUS
10
6.1096121653543305
20
-3.7179366141732282
11
6.1089953543307089
21
-3.7184285433070867
0
LINE
8
BLACK
6
CONTINUOUS
10
6.1089953543307089
20
-3.7184285433070867
11
6.1077241732283465
21
-3.7187186614173227
0
LINE
8
BLACK
6
CONTINUOUS
10
6.1077241732283465
20
-3.7187186614173227
11
6.107244330708661
21
-3.7189174409448817
0
LINE
8
BLACK
6
CONTINUOUS
10
6.107244330708661
20
-3.7189174409448817
11
6.106853307086614
21
-3.7189174409448817
0
LINE
8
BLACK
6
CONTINUOUS
10
6.106853307086614
20
-3.7189174409448817
11
6.1058464566929134
21
-3.7191472440944882
0
LINE
8
BLACK
6
CONTINUOUS
10
6.1058464566929134
20
-3.7191472440944882
11
6.1048396062992127
21
-3.7189174409448817
0
LINE
8
BLACK
6
CONTINUOUS
10
6.1048396062992127
20
-3.7189174409448817
11
6.1044485826771648
21
-3.7189174409448817
0
LINE
8
BLACK
6
CONTINUOUS
10
6.1044485826771648
20
-3.7189174409448817
11
6.1039687007874015
21
-3.7187186614173227
0
LINE
8
BLACK
6
CONTINUOUS
10
6.1039687007874015
20
-3.7187186614173227
11
6.1026975590551178
21
-3.7184285433070867
0
LINE
8
BLACK
6
CONTINUOUS
10
6.1026975590551178
20
-3.7184285433070867
11
6.1020807086614175
21
-3.7179366141732282
0
LINE
8
BLACK
6
CONTINUOUS
10
6.1020807086614175
20
-3.7179366141732282
11
6.1018655905511814
21
-3.7178475196850393
0
LINE
8
BLACK
6
CONTINUOUS
10
6.1018655905511814
20
-3.7178475196850393
11
6.1014584251968502
21
-3.7174403543307086
0
LINE
8
BLACK
6
CONTINUOUS
10
6.1014584251968502
20
-3.7174403543307086
11
6.1001723228346458
21
-3.7164147244094488
0
LINE
8
BLACK
6
CONTINUOUS
10
6.1001723228346458
20
-3.7164147244094488
11
6.0999303543307084
21
-3.7159122834645668
0
LINE
8
BLACK
6
CONTINUOUS
10
6.0999303543307084
20
-3.7159122834645668
11
6.0998887007874014
21
-3.7158706299212598
0
LINE
8
BLACK
6
CONTINUOUS
10
6.0998887007874014
20
-3.7158706299212598
11
6.0997558267716538
21
-3.7155499212598424
0
LINE
8
BLACK
6
CONTINUOUS
10
6.0997558267716538
20
-3.7155499212598424
11
6.0987709448818892
21
-3.7135047244094488
0
LINE
8
BLACK
6
CONTINUOUS
10
6.0987709448818892
20
-3.7135047244094488
11
6.098681102362205
21
-3.7118897637795274
0
LINE
8
BLACK
6
CONTINUOUS
10
6.098681102362205
20
-3.7118897637795274
11
6.098681102362205
21
-3.6834251968503935
0
LINE
8
BLACK
6
CONTINUOUS
10
6.098681102362205
20
-3.6834251968503935
11
6.0987709448818892
21
-3.6818102362204725
0
LINE
8
BLACK
6
CONTINUOUS
10
6.0987709448818892
20
-3.6818102362204725
11
6.0997558267716538
21
-3.6797649999999997
0
LINE
8
BLACK
6
CONTINUOUS
10
6.0997558267716538
20
-3.6797649999999997
11
6.0998887007874014
21
-3.6794443307086615
0
LINE
8
BLACK
6
CONTINUOUS
10
6.0998887007874014
20
-3.6794443307086615
11
6.0999303543307084
21
-3.6794026377952753
0
LINE
8
BLACK
6
CONTINUOUS
10
6.0999303543307084
20
-3.6794026377952753
11
6.1001723228346458
21
-3.6789002362204726
0
LINE
8
BLACK
6
CONTINUOUS
10
6.1001723228346458
20
-3.6789002362204726
11
6.1014584251968502
21
-3.6778745669291339
0
LINE
8
BLACK
6
CONTINUOUS
10
6.1014584251968502
20
-3.6778745669291339
11
6.1018655905511814
21
-3.677467440944882
0
LINE
8
BLACK
6
CONTINUOUS
10
6.1018655905511814
20
-3.677467440944882
11
6.1020807086614175
21
-3.677378307086614
0
LINE
8
BLACK
6
CONTINUOUS
10
6.1020807086614175
20
-3.677378307086614
11
6.1026975590551178
21
-3.6768864173228346
0
LINE
8
BLACK
6
CONTINUOUS
10
6.1026975590551178
20
-3.6768864173228346
11
6.1039687007874015
21
-3.6765962598425195
0
LINE
8
BLACK
6
CONTINUOUS
10
6.1039687007874015
20
-3.6765962598425195
11
6.1044485826771648
21
-3.6763975196850391
0
LINE
8
BLACK
6
CONTINUOUS
10
6.1044485826771648
20
-3.6763975196850391
11
6.1048396062992127
21
-3.6763975196850391
0
LINE
8
BLACK
6
CONTINUOUS
10
6.1048396062992127
20
-3.6763975196850391
11
6.1058464566929134
21
-3.6761677165354332
0
LINE
8
BLACK
6
CONTINUOUS
10
6.1058464566929134
20
-3.6761677165354332
11
6.106853307086614
21
-3.6763975196850391
0
LINE
8
BLACK
6
CONTINUOUS
10
6.1324438582677168
20
-3.6763975196850391
11
6.1328348818897638
21
-3.6763975196850391
0
LINE
8
BLACK
6
CONTINUOUS
10
6.1328348818897638
20
-3.6763975196850391
11
6.1333147244094484
21
-3.6765962598425195
0
LINE
8
BLACK
6
CONTINUOUS
10
6.1333147244094484
20
-3.6765962598425195
11
6.1345859055118108
21
-3.6768864173228346
0
LINE
8
BLACK
6
CONTINUOUS
10
6.1345859055118108
20
-3.6768864173228346
11
6.1352027165354333
21
-3.677378307086614
0
LINE
8
BLACK
6
CONTINUOUS
10
6.1352027165354333
20
-3.677378307086614
11
6.1354178740157481
21
-3.677467440944882
0
LINE
8
BLACK
6
CONTINUOUS
10
6.1354178740157481
20
-3.677467440944882
11
6.1358249999999996
21
-3.6778745669291339
0
LINE
8
BLACK
6
CONTINUOUS
10
6.1358249999999996
20
-3.6778745669291339
11
6.1371111417322837
21
-3.6789002362204726
0
LINE
8
BLACK
6
CONTINUOUS
10
6.1371111417322837
20
-3.6789002362204726
11
6.1373530708661415
21
-3.6794026377952753
0
LINE
8
BLACK
6
CONTINUOUS
10
6.1373530708661415
20
-3.6794026377952753
11
6.1373947637795272
21
-3.6794443307086615
0
LINE
8
BLACK
6
CONTINUOUS
10
6.1373947637795272
20
-3.6794443307086615
11
6.1375275984251969
21
-3.6797649999999997
0
LINE
8
BLACK
6
CONTINUOUS
10
6.1375275984251969
20
-3.6797649999999997
11
6.1385125196850394
21
-3.6818102362204725
0
LINE
8
BLACK
6
CONTINUOUS
10
6.1385125196850394
20
-3.6818102362204725
11
6.1386023622047245
21
-3.6834251968503935
0
LINE
8
BLACK
6
CONTINUOUS
10
6.1386023622047245
20
-3.6834251968503935
11
6.1386023622047245
21
-3.7118897637795274
0
LINE
8
BLACK
6
CONTINUOUS
10
6.1386023622047245
20
-3.7118897637795274
11
6.1385125196850394
21
-3.7135047244094488
0
LINE
8
BLACK
6
CONTINUOUS
10
6.1385125196850394
20
-3.7135047244094488
11
6.1375275984251969
21
-3.7155499212598424
0
LINE
8
BLACK
6
CONTINUOUS
10
6.1375275984251969
20
-3.7155499212598424
11
6.1373947637795272
21
-3.7158706299212598
0
LINE
8
BLACK
6
CONTINUOUS
10
6.1373947637795272
20
-3.7158706299212598
11
6.1373530708661415
21
-3.7159122834645668
0
LINE
8
BLACK
6
CONTINUOUS
10
6.1373530708661415
20
-3.7159122834645668
11
6.1371111417322837
21
-3.7164147244094488
0
LINE
8
BLACK
6
CONTINUOUS
10
6.1371111417322837
20
-3.7164147244094488
11
6.1358249999999996
21
-3.7174403543307086
0
LINE
8
BLACK
6
CONTINUOUS
10
6.1358249999999996
20
-3.7174403543307086
11
6.1354178740157481
21
-3.7178475196850393
0
LINE
8
BLACK
6
CONTINUOUS
10
6.1354178740157481
20
-3.7178475196850393
11
6.1352027165354333
21
-3.7179366141732282
0
LINE
8
BLACK
6
CONTINUOUS
10
6.1352027165354333
20
-3.7179366141732282
11
6.1345859055118108
21
-3.7184285433070867
0
LINE
8
BLACK
6
CONTINUOUS
10
6.1345859055118108
20
-3.7184285433070867
11
6.1333147244094484
21
-3.7187186614173227
0
LINE
8
BLACK
6
CONTINUOUS
10
6.1333147244094484
20
-3.7187186614173227
11
6.1328348818897638
21
-3.7189174409448817
0
LINE
8
BLACK
6
CONTINUOUS
10
6.1328348818897638
20
-3.7189174409448817
11
6.1324438582677168
21
-3.7189174409448817
0
LINE
8
BLACK
6
CONTINUOUS
10
6.1324438582677168
20
-3.7189174409448817
11
6.1314370078740152
21
-3.7191472440944882
0
LINE
8
BLACK
6
CONTINUOUS
10
6.1314370078740152
20
-3.7191472440944882
11
6.1304301574803146
21
-3.7189174409448817
0
LINE
8
BLACK
6
CONTINUOUS
10
6.1304301574803146
20
-3.7189174409448817
11
6.1300391338582676
21
-3.7189174409448817
0
LINE
8
BLACK
6
CONTINUOUS
10
6.1300391338582676
20
-3.7189174409448817
11
6.1295592519685034
21
-3.7187186614173227
0
LINE
8
BLACK
6
CONTINUOUS
10
6.1295592519685034
20
-3.7187186614173227
11
6.1282881102362206
21
-3.7184285433070867
0
LINE
8
BLACK
6
CONTINUOUS
10
6.1282881102362206
20
-3.7184285433070867
11
6.1276712598425194
21
-3.7179366141732282
0
LINE
8
BLACK
6
CONTINUOUS
10
6.1276712598425194
20
-3.7179366141732282
11
6.1274561417322833
21
-3.7178475196850393
0
LINE
8
BLACK
6
CONTINUOUS
10
6.1274561417322833
20
-3.7178475196850393
11
6.127048976377953
21
-3.7174403543307086
0
LINE
8
BLACK
6
CONTINUOUS
10
6.127048976377953
20
-3.7174403543307086
11
6.1257628740157477
21
-3.7164147244094488
0
LINE
8
BLACK
6
CONTINUOUS
10
6.1257628740157477
20
-3.7164147244094488
11
6.1255209055118112
21
-3.7159122834645668
0
LINE
8
BLACK
6
CONTINUOUS
10
6.1255209055118112
20
-3.7159122834645668
11
6.1254792519685042
21
-3.7158706299212598
0
LINE
8
BLACK
6
CONTINUOUS
10
6.1254792519685042
20
-3.7158706299212598
11
6.1253463779527557
21
-3.7155499212598424
0
LINE
8
BLACK
6
CONTINUOUS
10
6.1253463779527557
20
-3.7155499212598424
11
6.124361496062992
21
-3.7135047244094488
0
LINE
8
BLACK
6
CONTINUOUS
10
6.124361496062992
20
-3.7135047244094488
11
6.1242716535433068
21
-3.7118897637795274
0
LINE
8
BLACK
6
CONTINUOUS
10
6.1242716535433068
20
-3.7118897637795274
11
6.1242716535433068
21
-3.6834251968503935
0
LINE
8
BLACK
6
CONTINUOUS
10
6.1242716535433068
20
-3.6834251968503935
11
6.124361496062992
21
-3.6818102362204725
0
LINE
8
BLACK
6
CONTINUOUS
10
6.124361496062992
20
-3.6818102362204725
11
6.1253463779527557
21
-3.6797649999999997
0
LINE
8
BLACK
6
CONTINUOUS
10
6.1253463779527557
20
-3.6797649999999997
11
6.1254792519685042
21
-3.6794443307086615
0
LINE
8
BLACK
6
CONTINUOUS
10
6.1254792519685042
20
-3.6794443307086615
11
6.1255209055118112
21
-3.6794026377952753
0
LINE
8
BLACK
6
CONTINUOUS
10
6.1255209055118112
20
-3.6794026377952753
11
6.1257628740157477
21
-3.6789002362204726
0
LINE
8
BLACK
6
CONTINUOUS
10
6.1257628740157477
20
-3.6789002362204726
11
6.127048976377953
21
-3.6778745669291339
0
LINE
8
BLACK
6
CONTINUOUS
10
6.127048976377953
20
-3.6778745669291339
11
6.1274561417322833
21
-3.677467440944882
0
LINE
8
BLACK
6
CONTINUOUS
10
6.1274561417322833
20
-3.677467440944882
11
6.1276712598425194
21
-3.677378307086614
0
LINE
8
BLACK
6
CONTINUOUS
10
6.1276712598425194
20
-3.677378307086614
11
6.1282881102362206
21
-3.6768864173228346
0
LINE
8
BLACK
6
CONTINUOUS
10
6.1282881102362206
20
-3.6768864173228346
11
6.1295592519685034
21
-3.6765962598425195
0
LINE
8
BLACK
6
CONTINUOUS
10
6.1295592519685034
20
-3.6765962598425195
11
6.1300391338582676
21
-3.6763975196850391
0
LINE
8
BLACK
6
CONTINUOUS
10
6.1300391338582676
20
-3.6763975196850391
11
6.1304301574803146
21
-3.6763975196850391
0
LINE
8
BLACK
6
CONTINUOUS
10
6.1304301574803146
20
-3.6763975196850391
11
6.1314370078740152
21
-3.6761677165354332
0
LINE
8
BLACK
6
CONTINUOUS
10
6.1314370078740152
20
-3.6761677165354332
11
6.1324438582677168
21
-3.6763975196850391
0
LINE
8
BLACK
6
CONTINUOUS
10
6.1580344094488186
20
-3.6763975196850391
11
6.1584254330708657
21
-3.6763975196850391
0
LINE
8
BLACK
6
CONTINUOUS
10
6.1584254330708657
20
-3.6763975196850391
11
6.1589052755905511
21
-3.6765962598425195
0
LINE
8
BLACK
6
CONTINUOUS
10
6.1589052755905511
20
-3.6765962598425195
11
6.1601764566929136
21
-3.6768864173228346
0
LINE
8
BLACK
6
CONTINUOUS
10
6.1601764566929136
20
-3.6768864173228346
11
6.1607932677165351
21
-3.677378307086614
0
LINE
8
BLACK
6
CONTINUOUS
10
6.1607932677165351
20
-3.677378307086614
11
6.16100842519685
21
-3.677467440944882
0
LINE
8
BLACK
6
CONTINUOUS
10
6.16100842519685
20
-3.677467440944882
11
6.1614155511811024
21
-3.6778745669291339
0
LINE
8
BLACK
6
CONTINUOUS
10
6.1614155511811024
20
-3.6778745669291339
11
6.1627016929133855
21
-3.6789002362204726
0
LINE
8
BLACK
6
CONTINUOUS
10
6.1627016929133855
20
-3.6789002362204726
11
6.1629436220472442
21
-3.6794026377952753
0
LINE
8
BLACK
6
CONTINUOUS
10
6.1629436220472442
20
-3.6794026377952753
11
6.16298531496063
21
-3.6794443307086615
0
LINE
8
BLACK
6
CONTINUOUS
10
6.16298531496063
20
-3.6794443307086615
11
6.1631181496062988
21
-3.6797649999999997
0
LINE
8
BLACK
6
CONTINUOUS
10
6.1631181496062988
20
-3.6797649999999997
11
6.1641030708661413
21
-3.6818102362204725
0
LINE
8
BLACK
6
CONTINUOUS
10
6.1641030708661413
20
-3.6818102362204725
11
6.1641929133858264
21
-3.6834251968503935
0
LINE
8
BLACK
6
CONTINUOUS
10
6.1641929133858264
20
-3.6834251968503935
11
6.1641929133858264
21
-3.7118897637795274
0
LINE
8
BLACK
6
CONTINUOUS
10
6.1641929133858264
20
-3.7118897637795274
11
6.1641030708661413
21
-3.7135047244094488
0
LINE
8
BLACK
6
CONTINUOUS
10
6.1641030708661413
20
-3.7135047244094488
11
6.1631181496062988
21
-3.7155499212598424
0
LINE
8
BLACK
6
CONTINUOUS
10
6.1631181496062988
20
-3.7155499212598424
11
6.16298531496063
21
-3.7158706299212598
0
LINE
8
BLACK
6
CONTINUOUS
10
6.16298531496063
20
-3.7158706299212598
11
6.1629436220472442
21
-3.7159122834645668
0
LINE
8
BLACK
6
CONTINUOUS
10
6.1629436220472442
20
-3.7159122834645668
11
6.1627016929133855
21
-3.7164147244094488
0
LINE
8
BLACK
6
CONTINUOUS
10
6.1627016929133855
20
-3.7164147244094488
11
6.1614155511811024
21
-3.7174403543307086
0
LINE
8
BLACK
6
CONTINUOUS
10
6.1614155511811024
20
-3.7174403543307086
11
6.16100842519685
21
-3.7178475196850393
0
LINE
8
BLACK
6
CONTINUOUS
10
6.16100842519685
20
-3.7178475196850393
11
6.1607932677165351
21
-3.7179366141732282
0
LINE
8
BLACK
6
CONTINUOUS
10
6.1607932677165351
20
-3.7179366141732282
11
6.1601764566929136
21
-3.7184285433070867
0
LINE
8
BLACK
6
CONTINUOUS
10
6.1601764566929136
20
-3.7184285433070867
11
6.1589052755905511
21
-3.7187186614173227
0
LINE
8
BLACK
6
CONTINUOUS
10
6.1589052755905511
20
-3.7187186614173227
11
6.1584254330708657
21
-3.7189174409448817
0
LINE
8
BLACK
6
CONTINUOUS
10
6.1584254330708657
20
-3.7189174409448817
11
6.1580344094488186
21
-3.7189174409448817
0
LINE
8
BLACK
6
CONTINUOUS
10
6.1580344094488186
20
-3.7189174409448817
11
6.157027559055118
21
-3.7191472440944882
0
LINE
8
BLACK
6
CONTINUOUS
10
6.157027559055118
20
-3.7191472440944882
11
6.1560207086614174
21
-3.7189174409448817
0
LINE
8
BLACK
6
CONTINUOUS
10
6.1560207086614174
20
-3.7189174409448817
11
6.1556296850393704
21
-3.7189174409448817
0
LINE
8
BLACK
6
CONTINUOUS
10
6.1556296850393704
20
-3.7189174409448817
11
6.1551498031496061
21
-3.7187186614173227
0
LINE
8
BLACK
6
CONTINUOUS
10
6.1551498031496061
20
-3.7187186614173227
11
6.1538786614173224
21
-3.7184285433070867
0
LINE
8
BLACK
6
CONTINUOUS
10
6.1538786614173224
20
-3.7184285433070867
11
6.1532618110236221
21
-3.7179366141732282
0
LINE
8
BLACK
6
CONTINUOUS
10
6.1532618110236221
20
-3.7179366141732282
11
6.153046692913386
21
-3.7178475196850393
0
LINE
8
BLACK
6
CONTINUOUS
10
6.153046692913386
20
-3.7178475196850393
11
6.1526395275590549
21
-3.7174403543307086
0
LINE
8
BLACK
6
CONTINUOUS
10
6.1526395275590549
20
-3.7174403543307086
11
6.1513534251968505
21
-3.7164147244094488
0
LINE
8
BLACK
6
CONTINUOUS
10
6.1513534251968505
20
-3.7164147244094488
11
6.151111456692913
21
-3.7159122834645668
0
LINE
8
BLACK
6
CONTINUOUS
10
6.151111456692913
20
-3.7159122834645668
11
6.1510698031496061
21
-3.7158706299212598
0
LINE
8
BLACK
6
CONTINUOUS
10
6.1510698031496061
20
-3.7158706299212598
11
6.1509369291338585
21
-3.7155499212598424
0
LINE
8
BLACK
6
CONTINUOUS
10
6.1509369291338585
20
-3.7155499212598424
11
6.1499520472440947
21
-3.7135047244094488
0
LINE
8
BLACK
6
CONTINUOUS
10
6.1499520472440947
20
-3.7135047244094488
11
6.1498622047244096
21
-3.7118897637795274
0
LINE
8
BLACK
6
CONTINUOUS
10
6.1498622047244096
20
-3.7118897637795274
11
6.1498622047244096
21
-3.6834251968503935
0
LINE
8
BLACK
6
CONTINUOUS
10
6.1498622047244096
20
-3.6834251968503935
11
6.1499520472440947
21
-3.6818102362204725
0
LINE
8
BLACK
6
CONTINUOUS
10
6.1499520472440947
20
-3.6818102362204725
11
6.1509369291338585
21
-3.6797649999999997
0
LINE
8
BLACK
6
CONTINUOUS
10
6.1509369291338585
20
-3.6797649999999997
11
6.1510698031496061
21
-3.6794443307086615
0
LINE
8
BLACK
6
CONTINUOUS
10
6.1510698031496061
20
-3.6794443307086615
11
6.151111456692913
21
-3.6794026377952753
0
LINE
8
BLACK
6
CONTINUOUS
10
6.151111456692913
20
-3.6794026377952753
11
6.1513534251968505
21
-3.6789002362204726
0
LINE
8
BLACK
6
CONTINUOUS
10
6.1513534251968505
20
-3.6789002362204726
11
6.1526395275590549
21
-3.6778745669291339
0
LINE
8
BLACK
6
CONTINUOUS
10
6.1526395275590549
20
-3.6778745669291339
11
6.153046692913386
21
-3.677467440944882
0
LINE
8
BLACK
6
CONTINUOUS
10
6.153046692913386
20
-3.677467440944882
11
6.1532618110236221
21
-3.677378307086614
0
LINE
8
BLACK
6
CONTINUOUS
10
6.1532618110236221
20
-3.677378307086614
11
6.1538786614173224
21
-3.6768864173228346
0
LINE
8
BLACK
6
CONTINUOUS
10
6.1538786614173224
20
-3.6768864173228346
11
6.1551498031496061
21
-3.6765962598425195
0
LINE
8
BLACK
6
CONTINUOUS
10
6.1551498031496061
20
-3.6765962598425195
11
6.1556296850393704
21
-3.6763975196850391
0
LINE
8
BLACK
6
CONTINUOUS
10
6.1556296850393704
20
-3.6763975196850391
11
6.1560207086614174
21
-3.6763975196850391
0
LINE
8
BLACK
6
CONTINUOUS
10
6.1560207086614174
20
-3.6763975196850391
11
6.157027559055118
21
-3.6761677165354332
0
LINE
8
BLACK
6
CONTINUOUS
10
6.157027559055118
20
-3.6761677165354332
11
6.1580344094488186
21
-3.6763975196850391
0
LINE
8
BLACK
6
CONTINUOUS
10
6.1836249606299214
20
-3.6763975196850391
11
6.1840159842519684
21
-3.6763975196850391
0
LINE
8
BLACK
6
CONTINUOUS
10
6.1840159842519684
20
-3.6763975196850391
11
6.184495826771653
21
-3.6765962598425195
0
LINE
8
BLACK
6
CONTINUOUS
10
6.184495826771653
20
-3.6765962598425195
11
6.1857670078740155
21
-3.6768864173228346
0
LINE
8
BLACK
6
CONTINUOUS
10
6.1857670078740155
20
-3.6768864173228346
11
6.1863838188976379
21
-3.677378307086614
0
LINE
8
BLACK
6
CONTINUOUS
10
6.1863838188976379
20
-3.677378307086614
11
6.1865989763779528
21
-3.677467440944882
0
LINE
8
BLACK
6
CONTINUOUS
10
6.1865989763779528
20
-3.677467440944882
11
6.1870061023622043
21
-3.6778745669291339
0
LINE
8
BLACK
6
CONTINUOUS
10
6.1870061023622043
20
-3.6778745669291339
11
6.1882922440944883
21
-3.6789002362204726
0
LINE
8
BLACK
6
CONTINUOUS
10
6.1882922440944883
20
-3.6789002362204726
11
6.1885341732283461
21
-3.6794026377952753
0
LINE
8
BLACK
6
CONTINUOUS
10
6.1885341732283461
20
-3.6794026377952753
11
6.1885758661417318
21
-3.6794443307086615
0
LINE
8
BLACK
6
CONTINUOUS
10
6.1885758661417318
20
-3.6794443307086615
11
6.1887087007874015
21
-3.6797649999999997
0
LINE
8
BLACK
6
CONTINUOUS
10
6.1887087007874015
20
-3.6797649999999997
11
6.189693622047244
21
-3.6818102362204725
0
LINE
8
BLACK
6
CONTINUOUS
10
6.189693622047244
20
-3.6818102362204725
11
6.1897834645669292
21
-3.6834251968503935
0
LINE
8
BLACK
6
CONTINUOUS
10
6.1897834645669292
20
-3.6834251968503935
11
6.1897834645669292
21
-3.7118897637795274
0
LINE
8
BLACK
6
CONTINUOUS
10
6.1897834645669292
20
-3.7118897637795274
11
6.189693622047244
21
-3.7135047244094488
0
LINE
8
BLACK
6
CONTINUOUS
10
6.189693622047244
20
-3.7135047244094488
11
6.1887087007874015
21
-3.7155499212598424
0
LINE
8
BLACK
6
CONTINUOUS
10
6.1887087007874015
20
-3.7155499212598424
11
6.1885758661417318
21
-3.7158706299212598
0
LINE
8
BLACK
6
CONTINUOUS
10
6.1885758661417318
20
-3.7158706299212598
11
6.1885341732283461
21
-3.7159122834645668
0
LINE
8
BLACK
6
CONTINUOUS
10
6.1885341732283461
20
-3.7159122834645668
11
6.1882922440944883
21
-3.7164147244094488
0
LINE
8
BLACK
6
CONTINUOUS
10
6.1882922440944883
20
-3.7164147244094488
11
6.1870061023622043
21
-3.7174403543307086
0
LINE
8
BLACK
6
CONTINUOUS
10
6.1870061023622043
20
-3.7174403543307086
11
6.1865989763779528
21
-3.7178475196850393
0
LINE
8
BLACK
6
CONTINUOUS
10
6.1865989763779528
20
-3.7178475196850393
11
6.1863838188976379
21
-3.7179366141732282
0
LINE
8
BLACK
6
CONTINUOUS
10
6.1863838188976379
20
-3.7179366141732282
11
6.1857670078740155
21
-3.7184285433070867
0
LINE
8
BLACK
6
CONTINUOUS
10
6.1857670078740155
20
-3.7184285433070867
11
6.184495826771653
21
-3.7187186614173227
0
LINE
8
BLACK
6
CONTINUOUS
10
6.184495826771653
20
-3.7187186614173227
11
6.1840159842519684
21
-3.7189174409448817
0
LINE
8
BLACK
6
CONTINUOUS
10
6.1840159842519684
20
-3.7189174409448817
11
6.1836249606299214
21
-3.7189174409448817
0
LINE
8
BLACK
6
CONTINUOUS
10
6.1836249606299214
20
-3.7189174409448817
11
6.1826181102362208
21
-3.7191472440944882
0
LINE
8
BLACK
6
CONTINUOUS
10
6.1826181102362208
20
-3.7191472440944882
11
6.1816112598425192
21
-3.7189174409448817
0
LINE
8
BLACK
6
CONTINUOUS
10
6.1816112598425192
20
-3.7189174409448817
11
6.1812202362204722
21
-3.7189174409448817
0
LINE
8
BLACK
6
CONTINUOUS
10
6.1812202362204722
20
-3.7189174409448817
11
6.1807403543307089
21
-3.7187186614173227
0
LINE
8
BLACK
6
CONTINUOUS
10
6.1807403543307089
20
-3.7187186614173227
11
6.1794692125984252
21
-3.7184285433070867
0
LINE
8
BLACK
6
CONTINUOUS
10
6.1794692125984252
20
-3.7184285433070867
11
6.178852362204724
21
-3.7179366141732282
0
LINE
8
BLACK
6
CONTINUOUS
10
6.178852362204724
20
-3.7179366141732282
11
6.1786372440944879
21
-3.7178475196850393
0
LINE
8
BLACK
6
CONTINUOUS
10
6.1786372440944879
20
-3.7178475196850393
11
6.1782300787401576
21
-3.7174403543307086
0
LINE
8
BLACK
6
CONTINUOUS
10
6.1782300787401576
20
-3.7174403543307086
11
6.1769439763779523
21
-3.7164147244094488
0
LINE
8
BLACK
6
CONTINUOUS
10
6.1769439763779523
20
-3.7164147244094488
11
6.1767020078740158
21
-3.7159122834645668
0
LINE
8
BLACK
6
CONTINUOUS
10
6.1767020078740158
20
-3.7159122834645668
11
6.1766603543307088
21
-3.7158706299212598
0
LINE
8
BLACK
6
CONTINUOUS
10
6.1766603543307088
20
-3.7158706299212598
11
6.1765274803149603
21
-3.7155499212598424
0
LINE
8
BLACK
6
CONTINUOUS
10
6.1765274803149603
20
-3.7155499212598424
11
6.1755425984251966
21
-3.7135047244094488
0
LINE
8
BLACK
6
CONTINUOUS
10
6.1755425984251966
20
-3.7135047244094488
11
6.1754527559055115
21
-3.7118897637795274
0
LINE
8
BLACK
6
CONTINUOUS
10
6.1754527559055115
20
-3.7118897637795274
11
6.1754527559055115
21
-3.6834251968503935
0
LINE
8
BLACK
6
CONTINUOUS
10
6.1754527559055115
20
-3.6834251968503935
11
6.1755425984251966
21
-3.6818102362204725
0
LINE
8
BLACK
6
CONTINUOUS
10
6.1755425984251966
20
-3.6818102362204725
11
6.1765274803149603
21
-3.6797649999999997
0
LINE
8
BLACK
6
CONTINUOUS
10
6.1765274803149603
20
-3.6797649999999997
11
6.1766603543307088
21
-3.6794443307086615
0
LINE
8
BLACK
6
CONTINUOUS
10
6.1766603543307088
20
-3.6794443307086615
11
6.1767020078740158
21
-3.6794026377952753
0
LINE
8
BLACK
6
CONTINUOUS
10
6.1767020078740158
20
-3.6794026377952753
11
6.1769439763779523
21
-3.6789002362204726
0
LINE
8
BLACK
6
CONTINUOUS
10
6.1769439763779523
20
-3.6789002362204726
11
6.1782300787401576
21
-3.6778745669291339
0
LINE
8
BLACK
6
CONTINUOUS
10
6.1782300787401576
20
-3.6778745669291339
11
6.1786372440944879
21
-3.677467440944882
0
LINE
8
BLACK
6
CONTINUOUS
10
6.1786372440944879
20
-3.677467440944882
11
6.178852362204724
21
-3.677378307086614
0
LINE
8
BLACK
6
CONTINUOUS
10
6.178852362204724
20
-3.677378307086614
11
6.1794692125984252
21
-3.6768864173228346
0
LINE
8
BLACK
6
CONTINUOUS
10
6.1794692125984252
20
-3.6768864173228346
11
6.1807403543307089
21
-3.6765962598425195
0
LINE
8
BLACK
6
CONTINUOUS
10
6.1807403543307089
20
-3.6765962598425195
11
6.1812202362204722
21
-3.6763975196850391
0
LINE
8
BLACK
6
CONTINUOUS
10
6.1812202362204722
20
-3.6763975196850391
11
6.1816112598425192
21
-3.6763975196850391
0
LINE
8
BLACK
6
CONTINUOUS
10
6.1816112598425192
20
-3.6763975196850391
11
6.1826181102362208
21
-3.6761677165354332
0
LINE
8
BLACK
6
CONTINUOUS
10
6.1826181102362208
20
-3.6761677165354332
11
6.1836249606299214
21
-3.6763975196850391
0
LINE
8
BLACK
6
CONTINUOUS
10
6.2092155118110233
20
-3.6763975196850391
11
6.2096065354330703
21
-3.6763975196850391
0
LINE
8
BLACK
6
CONTINUOUS
10
6.2096065354330703
20
-3.6763975196850391
11
6.2100863779527558
21
-3.6765962598425195
0
LINE
8
BLACK
6
CONTINUOUS
10
6.2100863779527558
20
-3.6765962598425195
11
6.2113575590551182
21
-3.6768864173228346
0
LINE
8
BLACK
6
CONTINUOUS
10
6.2113575590551182
20
-3.6768864173228346
11
6.2119743700787398
21
-3.677378307086614
0
LINE
8
BLACK
6
CONTINUOUS
10
6.2119743700787398
20
-3.677378307086614
11
6.2121895275590546
21
-3.677467440944882
0
LINE
8
BLACK
6
CONTINUOUS
10
6.2121895275590546
20
-3.677467440944882
11
6.212596653543307
21
-3.6778745669291339
0
LINE
8
BLACK
6
CONTINUOUS
10
6.212596653543307
20
-3.6778745669291339
11
6.2138827952755902
21
-3.6789002362204726
0
LINE
8
BLACK
6
CONTINUOUS
10
6.2138827952755902
20
-3.6789002362204726
11
6.2141247244094489
21
-3.6794026377952753
0
LINE
8
BLACK
6
CONTINUOUS
10
6.2141247244094489
20
-3.6794026377952753
11
6.2141664173228346
21
-3.6794443307086615
0
LINE
8
BLACK
6
CONTINUOUS
10
6.2141664173228346
20
-3.6794443307086615
11
6.2142992519685034
21
-3.6797649999999997
0
LINE
8
BLACK
6
CONTINUOUS
10
6.2142992519685034
20
-3.6797649999999997
11
6.2152841732283459
21
-3.6818102362204725
0
LINE
8
BLACK
6
CONTINUOUS
10
6.2152841732283459
20
-3.6818102362204725
11
6.2153740157480311
21
-3.6834251968503935
0
LINE
8
BLACK
6
CONTINUOUS
10
6.2153740157480311
20
-3.6834251968503935
11
6.2153740157480311
21
-3.7118897637795274
0
LINE
8
BLACK
6
CONTINUOUS
10
6.2153740157480311
20
-3.7118897637795274
11
6.2152841732283459
21
-3.7135047244094488
0
LINE
8
BLACK
6
CONTINUOUS
10
6.2152841732283459
20
-3.7135047244094488
11
6.2142992519685034
21
-3.7155499212598424
0
LINE
8
BLACK
6
CONTINUOUS
10
6.2142992519685034
20
-3.7155499212598424
11
6.2141664173228346
21
-3.7158706299212598
0
LINE
8
BLACK
6
CONTINUOUS
10
6.2141664173228346
20
-3.7158706299212598
11
6.2141247244094489
21
-3.7159122834645668
0
LINE
8
BLACK
6
CONTINUOUS
10
6.2141247244094489
20
-3.7159122834645668
11
6.2138827952755902
21
-3.7164147244094488
0
LINE
8
BLACK
6
CONTINUOUS
10
6.2138827952755902
20
-3.7164147244094488
11
6.212596653543307
21
-3.7174403543307086
0
LINE
8
BLACK
6
CONTINUOUS
10
6.212596653543307
20
-3.7174403543307086
11
6.2121895275590546
21
-3.7178475196850393
0
LINE
8
BLACK
6
CONTINUOUS
10
6.2121895275590546
20
-3.7178475196850393
11
6.2119743700787398
21
-3.7179366141732282
0
LINE
8
BLACK
6
CONTINUOUS
10
6.2119743700787398
20
-3.7179366141732282
11
6.2113575590551182
21
-3.7184285433070867
0
LINE
8
BLACK
6
CONTINUOUS
10
6.2113575590551182
20
-3.7184285433070867
11
6.2100863779527558
21
-3.7187186614173227
0
LINE
8
BLACK
6
CONTINUOUS
10
6.2100863779527558
20
-3.7187186614173227
11
6.2096065354330703
21
-3.7189174409448817
0
LINE
8
BLACK
6
CONTINUOUS
10
6.2096065354330703
20
-3.7189174409448817
11
6.2092155118110233
21
-3.7189174409448817
0
LINE
8
BLACK
6
CONTINUOUS
10
6.2092155118110233
20
-3.7189174409448817
11
6.2082086614173226
21
-3.7191472440944882
0
LINE
8
BLACK
6
CONTINUOUS
10
6.2082086614173226
20
-3.7191472440944882
11
6.207201811023622
21
-3.7189174409448817
0
LINE
8
BLACK
6
CONTINUOUS
10
6.207201811023622
20
-3.7189174409448817
11
6.206810787401575
21
-3.7189174409448817
0
LINE
8
BLACK
6
CONTINUOUS
10
6.206810787401575
20
-3.7189174409448817
11
6.2063309055118108
21
-3.7187186614173227
0
LINE
8
BLACK
6
CONTINUOUS
10
6.2063309055118108
20
-3.7187186614173227
11
6.2050597637795271
21
-3.7184285433070867
0
LINE
8
BLACK
6
CONTINUOUS
10
6.2050597637795271
20
-3.7184285433070867
11
6.2044429133858268
21
-3.7179366141732282
0
LINE
8
BLACK
6
CONTINUOUS
10
6.2044429133858268
20
-3.7179366141732282
11
6.2042277952755907
21
-3.7178475196850393
0
LINE
8
BLACK
6
CONTINUOUS
10
6.2042277952755907
20
-3.7178475196850393
11
6.2038206299212595
21
-3.7174403543307086
0
LINE
8
BLACK
6
CONTINUOUS
10
6.2038206299212595
20
-3.7174403543307086
11
6.2025345275590551
21
-3.7164147244094488
0
LINE
8
BLACK
6
CONTINUOUS
10
6.2025345275590551
20
-3.7164147244094488
11
6.2022925590551177
21
-3.7159122834645668
0
LINE
8
BLACK
6
CONTINUOUS
10
6.2022925590551177
20
-3.7159122834645668
11
6.2022509055118107
21
-3.7158706299212598
0
LINE
8
BLACK
6
CONTINUOUS
10
6.2022509055118107
20
-3.7158706299212598
11
6.2021180314960631
21
-3.7155499212598424
0
LINE
8
BLACK
6
CONTINUOUS
10
6.2021180314960631
20
-3.7155499212598424
11
6.2011331496062994
21
-3.7135047244094488
0
LINE
8
BLACK
6
CONTINUOUS
10
6.2011331496062994
20
-3.7135047244094488
11
6.2010433070866142
21
-3.7118897637795274
0
LINE
8
BLACK
6
CONTINUOUS
10
6.2010433070866142
20
-3.7118897637795274
11
6.2010433070866142
21
-3.6834251968503935
0
LINE
8
BLACK
6
CONTINUOUS
10
6.2010433070866142
20
-3.6834251968503935
11
6.2011331496062994
21
-3.6818102362204725
0
LINE
8
BLACK
6
CONTINUOUS
10
6.2011331496062994
20
-3.6818102362204725
11
6.2021180314960631
21
-3.6797649999999997
0
LINE
8
BLACK
6
CONTINUOUS
10
6.2021180314960631
20
-3.6797649999999997
11
6.2022509055118107
21
-3.6794443307086615
0
LINE
8
BLACK
6
CONTINUOUS
10
6.2022509055118107
20
-3.6794443307086615
11
6.2022925590551177
21
-3.6794026377952753
0
LINE
8
BLACK
6
CONTINUOUS
10
6.2022925590551177
20
-3.6794026377952753
11
6.2025345275590551
21
-3.6789002362204726
0
LINE
8
BLACK
6
CONTINUOUS
10
6.2025345275590551
20
-3.6789002362204726
11
6.2038206299212595
21
-3.6778745669291339
0
LINE
8
BLACK
6
CONTINUOUS
10
6.2038206299212595
20
-3.6778745669291339
11
6.2042277952755907
21
-3.677467440944882
0
LINE
8
BLACK
6
CONTINUOUS
10
6.2042277952755907
20
-3.677467440944882
11
6.2044429133858268
21
-3.677378307086614
0
LINE
8
BLACK
6
CONTINUOUS
10
6.2044429133858268
20
-3.677378307086614
11
6.2050597637795271
21
-3.6768864173228346
0
LINE
8
BLACK
6
CONTINUOUS
10
6.2050597637795271
20
-3.6768864173228346
11
6.2063309055118108
21
-3.6765962598425195
0
LINE
8
BLACK
6
CONTINUOUS
10
6.2063309055118108
20
-3.6765962598425195
11
6.206810787401575
21
-3.6763975196850391
0
LINE
8
BLACK
6
CONTINUOUS
10
6.206810787401575
20
-3.6763975196850391
11
6.207201811023622
21
-3.6763975196850391
0
LINE
8
BLACK
6
CONTINUOUS
10
6.207201811023622
20
-3.6763975196850391
11
6.2082086614173226
21
-3.6761677165354332
0
LINE
8
BLACK
6
CONTINUOUS
10
6.2082086614173226
20
-3.6761677165354332
11
6.2092155118110233
21
-3.6763975196850391
0
LINE
8
BLACK
6
CONTINUOUS
10
7.6422863779527557
20
-3.6724605118110234
11
7.6426774015748027
21
-3.6724605118110234
0
LINE
8
BLACK
6
CONTINUOUS
10
7.6426774015748027
20
-3.6724605118110234
11
7.6431572440944882
21
-3.6726592519685037
0
LINE
8
BLACK
6
CONTINUOUS
10
7.6431572440944882
20
-3.6726592519685037
11
7.6444284251968506
21
-3.6729494094488189
0
LINE
8
BLACK
6
CONTINUOUS
10
7.6444284251968506
20
-3.6729494094488189
11
7.6450452362204722
21
-3.6734412992125982
0
LINE
8
BLACK
6
CONTINUOUS
10
7.6450452362204722
20
-3.6734412992125982
11
7.645260393700787
21
-3.6735304330708662
0
LINE
8
BLACK
6
CONTINUOUS
10
7.645260393700787
20
-3.6735304330708662
11
7.6456675196850394
21
-3.6739375590551182
0
LINE
8
BLACK
6
CONTINUOUS
10
7.6456675196850394
20
-3.6739375590551182
11
7.6469536614173226
21
-3.6749632283464564
0
LINE
8
BLACK
6
CONTINUOUS
10
7.6469536614173226
20
-3.6749632283464564
11
7.6471955905511813
21
-3.6754656299212596
0
LINE
8
BLACK
6
CONTINUOUS
10
7.6471955905511813
20
-3.6754656299212596
11
7.647237283464567
21
-3.6755073228346458
0
LINE
8
BLACK
6
CONTINUOUS
10
7.647237283464567
20
-3.6755073228346458
11
7.6473701181102358
21
-3.675827992125984
0
LINE
8
BLACK
6
CONTINUOUS
10
7.6473701181102358
20
-3.675827992125984
11
7.6483550393700783
21
-3.6778732283464568
0
LINE
8
BLACK
6
CONTINUOUS
10
7.6483550393700783
20
-3.6778732283464568
11
7.6484448818897635
21
-3.6794881889763777
0
LINE
8
BLACK
6
CONTINUOUS
10
7.6484448818897635
20
-3.6794881889763777
11
7.6484448818897635
21
-3.7079527559055117
0
LINE
8
BLACK
6
CONTINUOUS
10
7.6484448818897635
20
-3.7079527559055117
11
7.6483550393700783
21
-3.709567716535433
0
LINE
8
BLACK
6
CONTINUOUS
10
7.6483550393700783
20
-3.709567716535433
11
7.6473701181102358
21
-3.7116129133858267
0
LINE
8
BLACK
6
CONTINUOUS
10
7.6473701181102358
20
-3.7116129133858267
11
7.647237283464567
21
-3.7119336220472441
0
LINE
8
BLACK
6
CONTINUOUS
10
7.647237283464567
20
-3.7119336220472441
11
7.6471955905511813
21
-3.7119752755905511
0
LINE
8
BLACK
6
CONTINUOUS
10
7.6471955905511813
20
-3.7119752755905511
11
7.6469536614173226
21
-3.712477716535433
0
LINE
8
BLACK
6
CONTINUOUS
10
7.6469536614173226
20
-3.712477716535433
11
7.6456675196850394
21
-3.7135033464566929
0
LINE
8
BLACK
6
CONTINUOUS
10
7.6456675196850394
20
-3.7135033464566929
11
7.645260393700787
21
-3.7139105118110236
0
LINE
8
BLACK
6
CONTINUOUS
10
7.645260393700787
20
-3.7139105118110236
11
7.6450452362204722
21
-3.7139996062992124
0
LINE
8
BLACK
6
CONTINUOUS
10
7.6450452362204722
20
-3.7139996062992124
11
7.6444284251968506
21
-3.714491535433071
0
LINE
8
BLACK
6
CONTINUOUS
10
7.6444284251968506
20
-3.714491535433071
11
7.6431572440944882
21
-3.7147816535433069
0
LINE
8
BLACK
6
CONTINUOUS
10
7.6431572440944882
20
-3.7147816535433069
11
7.6426774015748027
21
-3.714980433070866
0
LINE
8
BLACK
6
CONTINUOUS
10
7.6426774015748027
20
-3.714980433070866
11
7.6422863779527557
21
-3.714980433070866
0
LINE
8
BLACK
6
CONTINUOUS
10
7.6422863779527557
20
-3.714980433070866
11
7.641279527559055
21
-3.7152102362204724
0
LINE
8
BLACK
6
CONTINUOUS
10
7.641279527559055
20
-3.7152102362204724
11
7.6402726771653544
21
-3.714980433070866
0
LINE
8
BLACK
6
CONTINUOUS
10
7.6402726771653544
20
-3.714980433070866
11
7.6398816535433065
21
-3.714980433070866
0
LINE
8
BLACK
6
CONTINUOUS
10
7.6398816535433065
20
-3.714980433070866
11
7.6394017716535432
21
-3.7147816535433069
0
LINE
8
BLACK
6
CONTINUOUS
10
7.6394017716535432
20
-3.7147816535433069
11
7.6381306299212595
21
-3.714491535433071
0
LINE
8
BLACK
6
CONTINUOUS
10
7.6381306299212595
20
-3.714491535433071
11
7.6375137795275592
21
-3.7139996062992124
0
LINE
8
BLACK
6
CONTINUOUS
10
7.6375137795275592
20
-3.7139996062992124
11
7.6372986614173231
21
-3.7139105118110236
0
LINE
8
BLACK
6
CONTINUOUS
10
7.6372986614173231
20
-3.7139105118110236
11
7.6368914960629919
21
-3.7135033464566929
0
LINE
8
BLACK
6
CONTINUOUS
10
7.6368914960629919
20
-3.7135033464566929
11
7.6356053937007875
21
-3.712477716535433
0
LINE
8
BLACK
6
CONTINUOUS
10
7.6356053937007875
20
-3.712477716535433
11
7.6353634251968501
21
-3.7119752755905511
0
LINE
8
BLACK
6
CONTINUOUS
10
7.6353634251968501
20
-3.7119752755905511
11
7.6353217716535431
21
-3.7119336220472441
0
LINE
8
BLACK
6
CONTINUOUS
10
7.6353217716535431
20
-3.7119336220472441
11
7.6351888976377955
21
-3.7116129133858267
0
LINE
8
BLACK
6
CONTINUOUS
10
7.6351888976377955
20
-3.7116129133858267
11
7.6342040157480318
21
-3.709567716535433
0
LINE
8
BLACK
6
CONTINUOUS
10
7.6342040157480318
20
-3.709567716535433
11
7.6341141732283466
21
-3.7079527559055117
0
LINE
8
BLACK
6
CONTINUOUS
10
7.6341141732283466
20
-3.7079527559055117
11
7.6341141732283466
21
-3.6794881889763777
0
LINE
8
BLACK
6
CONTINUOUS
10
7.6341141732283466
20
-3.6794881889763777
11
7.6342040157480318
21
-3.6778732283464568
0
LINE
8
BLACK
6
CONTINUOUS
10
7.6342040157480318
20
-3.6778732283464568
11
7.6351888976377955
21
-3.675827992125984
0
LINE
8
BLACK
6
CONTINUOUS
10
7.6351888976377955
20
-3.675827992125984
11
7.6353217716535431
21
-3.6755073228346458
0
LINE
8
BLACK
6
CONTINUOUS
10
7.6353217716535431
20
-3.6755073228346458
11
7.6353634251968501
21
-3.6754656299212596
0
LINE
8
BLACK
6
CONTINUOUS
10
7.6353634251968501
20
-3.6754656299212596
11
7.6356053937007875
21
-3.6749632283464564
0
LINE
8
BLACK
6
CONTINUOUS
10
7.6356053937007875
20
-3.6749632283464564
11
7.6368914960629919
21
-3.6739375590551182
0
LINE
8
BLACK
6
CONTINUOUS
10
7.6368914960629919
20
-3.6739375590551182
11
7.6372986614173231
21
-3.6735304330708662
0
LINE
8
BLACK
6
CONTINUOUS
10
7.6372986614173231
20
-3.6735304330708662
11
7.6375137795275592
21
-3.6734412992125982
0
LINE
8
BLACK
6
CONTINUOUS
10
7.6375137795275592
20
-3.6734412992125982
11
7.6381306299212595
21
-3.6729494094488189
0
LINE
8
BLACK
6
CONTINUOUS
10
7.6381306299212595
20
-3.6729494094488189
11
7.6394017716535432
21
-3.6726592519685037
0
LINE
8
BLACK
6
CONTINUOUS
10
7.6394017716535432
20
-3.6726592519685037
11
7.6398816535433065
21
-3.6724605118110234
0
LINE
8
BLACK
6
CONTINUOUS
10
7.6398816535433065
20
-3.6724605118110234
11
7.6402726771653544
21
-3.6724605118110234
0
LINE
8
BLACK
6
CONTINUOUS
10
7.6402726771653544
20
-3.6724605118110234
11
7.641279527559055
21
-3.6722307086614174
0
LINE
8
BLACK
6
CONTINUOUS
10
7.641279527559055
20
-3.6722307086614174
11
7.6422863779527557
21
-3.6724605118110234
0
LINE
8
BLACK
6
CONTINUOUS
10
7.6678769291338584
20
-3.6724605118110234
11
7.6682679527559054
21
-3.6724605118110234
0
LINE
8
BLACK
6
CONTINUOUS
10
7.6682679527559054
20
-3.6724605118110234
11
7.66874779527559
21
-3.6726592519685037
0
LINE
8
BLACK
6
CONTINUOUS
10
7.66874779527559
20
-3.6726592519685037
11
7.6700189763779525
21
-3.6729494094488189
0
LINE
8
BLACK
6
CONTINUOUS
10
7.6700189763779525
20
-3.6729494094488189
11
7.6706357874015749
21
-3.6734412992125982
0
LINE
8
BLACK
6
CONTINUOUS
10
7.6706357874015749
20
-3.6734412992125982
11
7.6708509448818898
21
-3.6735304330708662
0
LINE
8
BLACK
6
CONTINUOUS
10
7.6708509448818898
20
-3.6735304330708662
11
7.6712580708661413
21
-3.6739375590551182
0
LINE
8
BLACK
6
CONTINUOUS
10
7.6712580708661413
20
-3.6739375590551182
11
7.6725442125984253
21
-3.6749632283464564
0
LINE
8
BLACK
6
CONTINUOUS
10
7.6725442125984253
20
-3.6749632283464564
11
7.6727861417322831
21
-3.6754656299212596
0
LINE
8
BLACK
6
CONTINUOUS
10
7.6727861417322831
20
-3.6754656299212596
11
7.6728278346456689
21
-3.6755073228346458
0
LINE
8
BLACK
6
CONTINUOUS
10
7.6728278346456689
20
-3.6755073228346458
11
7.6729606692913386
21
-3.675827992125984
0
LINE
8
BLACK
6
CONTINUOUS
10
7.6729606692913386
20
-3.675827992125984
11
7.6739455905511811
21
-3.6778732283464568
0
LINE
8
BLACK
6
CONTINUOUS
10
7.6739455905511811
20
-3.6778732283464568
11
7.6740354330708662
21
-3.6794881889763777
0
LINE
8
BLACK
6
CONTINUOUS
10
7.6740354330708662
20
-3.6794881889763777
11
7.6740354330708662
21
-3.7079527559055117
0
LINE
8
BLACK
6
CONTINUOUS
10
7.6740354330708662
20
-3.7079527559055117
11
7.6739455905511811
21
-3.709567716535433
0
LINE
8
BLACK
6
CONTINUOUS
10
7.6739455905511811
20
-3.709567716535433
11
7.6729606692913386
21
-3.7116129133858267
0
LINE
8
BLACK
6
CONTINUOUS
10
7.6729606692913386
20
-3.7116129133858267
11
7.6728278346456689
21
-3.7119336220472441
0
LINE
8
BLACK
6
CONTINUOUS
10
7.6728278346456689
20
-3.7119336220472441
11
7.6727861417322831
21
-3.7119752755905511
0
LINE
8
BLACK
6
CONTINUOUS
10
7.6727861417322831
20
-3.7119752755905511
11
7.6725442125984253
21
-3.712477716535433
0
LINE
8
BLACK
6
CONTINUOUS
10
7.6725442125984253
20
-3.712477716535433
11
7.6712580708661413
21
-3.7135033464566929
0
LINE
8
BLACK
6
CONTINUOUS
10
7.6712580708661413
20
-3.7135033464566929
11
7.6708509448818898
21
-3.7139105118110236
0
LINE
8
BLACK
6
CONTINUOUS
10
7.6708509448818898
20
-3.7139105118110236
11
7.6706357874015749
21
-3.7139996062992124
0
LINE
8
BLACK
6
CONTINUOUS
10
7.6706357874015749
20
-3.7139996062992124
11
7.6700189763779525
21
-3.714491535433071
0
LINE
8
BLACK
6
CONTINUOUS
10
7.6700189763779525
20
-3.714491535433071
11
7.66874779527559
21
-3.7147816535433069
0
LINE
8
BLACK
6
CONTINUOUS
10
7.66874779527559
20
-3.7147816535433069
11
7.6682679527559054
21
-3.714980433070866
0
LINE
8
BLACK
6
CONTINUOUS
10
7.6682679527559054
20
-3.714980433070866
11
7.6678769291338584
21
-3.714980433070866
0
LINE
8
BLACK
6
CONTINUOUS
10
7.6678769291338584
20
-3.714980433070866
11
7.6668700787401569
21
-3.7152102362204724
0
LINE
8
BLACK
6
CONTINUOUS
10
7.6668700787401569
20
-3.7152102362204724
11
7.6658632283464563
21
-3.714980433070866
0
LINE
8
BLACK
6
CONTINUOUS
10
7.6658632283464563
20
-3.714980433070866
11
7.6654722047244093
21
-3.714980433070866
0
LINE
8
BLACK
6
CONTINUOUS
10
7.6654722047244093
20
-3.714980433070866
11
7.6649923228346459
21
-3.7147816535433069
0
LINE
8
BLACK
6
CONTINUOUS
10
7.6649923228346459
20
-3.7147816535433069
11
7.6637211811023622
21
-3.714491535433071
0
LINE
8
BLACK
6
CONTINUOUS
10
7.6637211811023622
20
-3.714491535433071
11
7.663104330708661
21
-3.7139996062992124
0
LINE
8
BLACK
6
CONTINUOUS
10
7.663104330708661
20
-3.7139996062992124
11
7.6628892125984249
21
-3.7139105118110236
0
LINE
8
BLACK
6
CONTINUOUS
10
7.6628892125984249
20
-3.7139105118110236
11
7.6624820472440947
21
-3.7135033464566929
0
LINE
8
BLACK
6
CONTINUOUS
10
7.6624820472440947
20
-3.7135033464566929
11
7.6611959448818894
21
-3.712477716535433
0
LINE
8
BLACK
6
CONTINUOUS
10
7.6611959448818894
20
-3.712477716535433
11
7.6609539763779528
21
-3.7119752755905511
0
LINE
8
BLACK
6
CONTINUOUS
10
7.6609539763779528
20
-3.7119752755905511
11
7.6609123228346458
21
-3.7119336220472441
0
LINE
8
BLACK
6
CONTINUOUS
10
7.6609123228346458
20
-3.7119336220472441
11
7.6607794488188974
21
-3.7116129133858267
0
LINE
8
BLACK
6
CONTINUOUS
10
7.6607794488188974
20
-3.7116129133858267
11
7.6597945669291336
21
-3.709567716535433
0
LINE
8
BLACK
6
CONTINUOUS
10
7.6597945669291336
20
-3.709567716535433
11
7.6597047244094485
21
-3.7079527559055117
0
LINE
8
BLACK
6
CONTINUOUS
10
7.6597047244094485
20
-3.7079527559055117
11
7.6597047244094485
21
-3.6794881889763777
0
LINE
8
BLACK
6
CONTINUOUS
10
7.6597047244094485
20
-3.6794881889763777
11
7.6597945669291336
21
-3.6778732283464568
0
LINE
8
BLACK
6
CONTINUOUS
10
7.6597945669291336
20
-3.6778732283464568
11
7.6607794488188974
21
-3.675827992125984
0
LINE
8
BLACK
6
CONTINUOUS
10
7.6607794488188974
20
-3.675827992125984
11
7.6609123228346458
21
-3.6755073228346458
0
LINE
8
BLACK
6
CONTINUOUS
10
7.6609123228346458
20
-3.6755073228346458
11
7.6609539763779528
21
-3.6754656299212596
0
LINE
8
BLACK
6
CONTINUOUS
10
7.6609539763779528
20
-3.6754656299212596
11
7.6611959448818894
21
-3.6749632283464564
0
LINE
8
BLACK
6
CONTINUOUS
10
7.6611959448818894
20
-3.6749632283464564
11
7.6624820472440947
21
-3.6739375590551182
0
LINE
8
BLACK
6
CONTINUOUS
10
7.6624820472440947
20
-3.6739375590551182
11
7.6628892125984249
21
-3.6735304330708662
0
LINE
8
BLACK
6
CONTINUOUS
10
7.6628892125984249
20
-3.6735304330708662
11
7.663104330708661
21
-3.6734412992125982
0
LINE
8
BLACK
6
CONTINUOUS
10
7.663104330708661
20
-3.6734412992125982
11
7.6637211811023622
21
-3.6729494094488189
0
LINE
8
BLACK
6
CONTINUOUS
10
7.6637211811023622
20
-3.6729494094488189
11
7.6649923228346459
21
-3.6726592519685037
0
LINE
8
BLACK
6
CONTINUOUS
10
7.6649923228346459
20
-3.6726592519685037
11
7.6654722047244093
21
-3.6724605118110234
0
LINE
8
BLACK
6
CONTINUOUS
10
7.6654722047244093
20
-3.6724605118110234
11
7.6658632283464563
21
-3.6724605118110234
0
LINE
8
BLACK
6
CONTINUOUS
10
7.6658632283464563
20
-3.6724605118110234
11
7.6668700787401569
21
-3.6722307086614174
0
LINE
8
BLACK
6
CONTINUOUS
10
7.6668700787401569
20
-3.6722307086614174
11
7.6678769291338584
21
-3.6724605118110234
0
LINE
8
BLACK
6
CONTINUOUS
10
7.6934674803149603
20
-3.6724605118110234
11
7.6938585039370073
21
-3.6724605118110234
0
LINE
8
BLACK
6
CONTINUOUS
10
7.6938585039370073
20
-3.6724605118110234
11
7.6943383464566928
21
-3.6726592519685037
0
LINE
8
BLACK
6
CONTINUOUS
10
7.6943383464566928
20
-3.6726592519685037
11
7.6956095275590553
21
-3.6729494094488189
0
LINE
8
BLACK
6
CONTINUOUS
10
7.6956095275590553
20
-3.6729494094488189
11
7.6962263385826768
21
-3.6734412992125982
0
LINE
8
BLACK
6
CONTINUOUS
10
7.6962263385826768
20
-3.6734412992125982
11
7.6964414960629917
21
-3.6735304330708662
0
LINE
8
BLACK
6
CONTINUOUS
10
7.6964414960629917
20
-3.6735304330708662
11
7.6968486220472441
21
-3.6739375590551182
0
LINE
8
BLACK
6
CONTINUOUS
10
7.6968486220472441
20
-3.6739375590551182
11
7.6981347637795272
21
-3.6749632283464564
0
LINE
8
BLACK
6
CONTINUOUS
10
7.6981347637795272
20
-3.6749632283464564
11
7.6983766929133859
21
-3.6754656299212596
0
LINE
8
BLACK
6
CONTINUOUS
10
7.6983766929133859
20
-3.6754656299212596
11
7.6984183858267716
21
-3.6755073228346458
0
LINE
8
BLACK
6
CONTINUOUS
10
7.6984183858267716
20
-3.6755073228346458
11
7.6985512204724404
21
-3.675827992125984
0
LINE
8
BLACK
6
CONTINUOUS
10
7.6985512204724404
20
-3.675827992125984
11
7.699536141732283
21
-3.6778732283464568
0
LINE
8
BLACK
6
CONTINUOUS
10
7.699536141732283
20
-3.6778732283464568
11
7.6996259842519681
21
-3.6794881889763777
0
LINE
8
BLACK
6
CONTINUOUS
10
7.6996259842519681
20
-3.6794881889763777
11
7.6996259842519681
21
-3.7079527559055117
0
LINE
8
BLACK
6
CONTINUOUS
10
7.6996259842519681
20
-3.7079527559055117
11
7.699536141732283
21
-3.709567716535433
0
LINE
8
BLACK
6
CONTINUOUS
10
7.699536141732283
20
-3.709567716535433
11
7.6985512204724404
21
-3.7116129133858267
0
LINE
8
BLACK
6
CONTINUOUS
10
7.6985512204724404
20
-3.7116129133858267
11
7.6984183858267716
21
-3.7119336220472441
0
LINE
8
BLACK
6
CONTINUOUS
10
7.6984183858267716
20
-3.7119336220472441
11
7.6983766929133859
21
-3.7119752755905511
0
LINE
8
BLACK
6
CONTINUOUS
10
7.6983766929133859
20
-3.7119752755905511
11
7.6981347637795272
21
-3.712477716535433
0
LINE
8
BLACK
6
CONTINUOUS
10
7.6981347637795272
20
-3.712477716535433
11
7.6968486220472441
21
-3.7135033464566929
0
LINE
8
BLACK
6
CONTINUOUS
10
7.6968486220472441
20
-3.7135033464566929
11
7.6964414960629917
21
-3.7139105118110236
0
LINE
8
BLACK
6
CONTINUOUS
10
7.6964414960629917
20
-3.7139105118110236
11
7.6962263385826768
21
-3.7139996062992124
0
LINE
8
BLACK
6
CONTINUOUS
10
7.6962263385826768
20
-3.7139996062992124
11
7.6956095275590553
21
-3.714491535433071
0
LINE
8
BLACK
6
CONTINUOUS
10
7.6956095275590553
20
-3.714491535433071
11
7.6943383464566928
21
-3.7147816535433069
0
LINE
8
BLACK
6
CONTINUOUS
10
7.6943383464566928
20
-3.7147816535433069
11
7.6938585039370073
21
-3.714980433070866
0
LINE
8
BLACK
6
CONTINUOUS
10
7.6938585039370073
20
-3.714980433070866
11
7.6934674803149603
21
-3.714980433070866
0
LINE
8
BLACK
6
CONTINUOUS
10
7.6934674803149603
20
-3.714980433070866
11
7.6924606299212597
21
-3.7152102362204724
0
LINE
8
BLACK
6
CONTINUOUS
10
7.6924606299212597
20
-3.7152102362204724
11
7.691453779527559
21
-3.714980433070866
0
LINE
8
BLACK
6
CONTINUOUS
10
7.691453779527559
20
-3.714980433070866
11
7.691062755905512
21
-3.714980433070866
0
LINE
8
BLACK
6
CONTINUOUS
10
7.691062755905512
20
-3.714980433070866
11
7.6905828740157478
21
-3.7147816535433069
0
LINE
8
BLACK
6
CONTINUOUS
10
7.6905828740157478
20
-3.7147816535433069
11
7.6893117322834641
21
-3.714491535433071
0
LINE
8
BLACK
6
CONTINUOUS
10
7.6893117322834641
20
-3.714491535433071
11
7.6886948818897638
21
-3.7139996062992124
0
LINE
8
BLACK
6
CONTINUOUS
10
7.6886948818897638
20
-3.7139996062992124
11
7.6884797637795277
21
-3.7139105118110236
0
LINE
8
BLACK
6
CONTINUOUS
10
7.6884797637795277
20
-3.7139105118110236
11
7.6880725984251965
21
-3.7135033464566929
0
LINE
8
BLACK
6
CONTINUOUS
10
7.6880725984251965
20
-3.7135033464566929
11
7.6867864960629921
21
-3.712477716535433
0
LINE
8
BLACK
6
CONTINUOUS
10
7.6867864960629921
20
-3.712477716535433
11
7.6865445275590547
21
-3.7119752755905511
0
LINE
8
BLACK
6
CONTINUOUS
10
7.6865445275590547
20
-3.7119752755905511
11
7.6865028740157477
21
-3.7119336220472441
0
LINE
8
BLACK
6
CONTINUOUS
10
7.6865028740157477
20
-3.7119336220472441
11
7.6863700000000001
21
-3.7116129133858267
0
LINE
8
BLACK
6
CONTINUOUS
10
7.6863700000000001
20
-3.7116129133858267
11
7.6853851181102364
21
-3.709567716535433
0
LINE
8
BLACK
6
CONTINUOUS
10
7.6853851181102364
20
-3.709567716535433
11
7.6852952755905513
21
-3.7079527559055117
0
LINE
8
BLACK
6
CONTINUOUS
10
7.6852952755905513
20
-3.7079527559055117
11
7.6852952755905513
21
-3.6794881889763777
0
LINE
8
BLACK
6
CONTINUOUS
10
7.6852952755905513
20
-3.6794881889763777
11
7.6853851181102364
21
-3.6778732283464568
0
LINE
8
BLACK
6
CONTINUOUS
10
7.6853851181102364
20
-3.6778732283464568
11
7.6863700000000001
21
-3.675827992125984
0
LINE
8
BLACK
6
CONTINUOUS
10
7.6863700000000001
20
-3.675827992125984
11
7.6865028740157477
21
-3.6755073228346458
0
LINE
8
BLACK
6
CONTINUOUS
10
7.6865028740157477
20
-3.6755073228346458
11
7.6865445275590547
21
-3.6754656299212596
0
LINE
8
BLACK
6
CONTINUOUS
10
7.6865445275590547
20
-3.6754656299212596
11
7.6867864960629921
21
-3.6749632283464564
0
LINE
8
BLACK
6
CONTINUOUS
10
7.6867864960629921
20
-3.6749632283464564
11
7.6880725984251965
21
-3.6739375590551182
0
LINE
8
BLACK
6
CONTINUOUS
10
7.6880725984251965
20
-3.6739375590551182
11
7.6884797637795277
21
-3.6735304330708662
0
LINE
8
BLACK
6
CONTINUOUS
10
7.6884797637795277
20
-3.6735304330708662
11
7.6886948818897638
21
-3.6734412992125982
0
LINE
8
BLACK
6
CONTINUOUS
10
7.6886948818897638
20
-3.6734412992125982
11
7.6893117322834641
21
-3.6729494094488189
0
LINE
8
BLACK
6
CONTINUOUS
10
7.6893117322834641
20
-3.6729494094488189
11
7.6905828740157478
21
-3.6726592519685037
0
LINE
8
BLACK
6
CONTINUOUS
10
7.6905828740157478
20
-3.6726592519685037
11
7.691062755905512
21
-3.6724605118110234
0
LINE
8
BLACK
6
CONTINUOUS
10
7.691062755905512
20
-3.6724605118110234
11
7.691453779527559
21
-3.6724605118110234
0
LINE
8
BLACK
6
CONTINUOUS
10
7.691453779527559
20
-3.6724605118110234
11
7.6924606299212597
21
-3.6722307086614174
0
LINE
8
BLACK
6
CONTINUOUS
10
7.6924606299212597
20
-3.6722307086614174
11
7.6934674803149603
21
-3.6724605118110234
0
LINE
8
BLACK
6
CONTINUOUS
10
7.7190580314960631
20
-3.6724605118110234
11
7.7194490551181101
21
-3.6724605118110234
0
LINE
8
BLACK
6
CONTINUOUS
10
7.7194490551181101
20
-3.6724605118110234
11
7.7199288976377947
21
-3.6726592519685037
0
LINE
8
BLACK
6
CONTINUOUS
10
7.7199288976377947
20
-3.6726592519685037
11
7.7212000787401571
21
-3.6729494094488189
0
LINE
8
BLACK
6
CONTINUOUS
10
7.7212000787401571
20
-3.6729494094488189
11
7.7218168897637796
21
-3.6734412992125982
0
LINE
8
BLACK
6
CONTINUOUS
10
7.7218168897637796
20
-3.6734412992125982
11
7.7220320472440944
21
-3.6735304330708662
0
LINE
8
BLACK
6
CONTINUOUS
10
7.7220320472440944
20
-3.6735304330708662
11
7.7224391732283459
21
-3.6739375590551182
0
LINE
8
BLACK
6
CONTINUOUS
10
7.7224391732283459
20
-3.6739375590551182
11
7.72372531496063
21
-3.6749632283464564
0
LINE
8
BLACK
6
CONTINUOUS
10
7.72372531496063
20
-3.6749632283464564
11
7.7239672440944878
21
-3.6754656299212596
0
LINE
8
BLACK
6
CONTINUOUS
10
7.7239672440944878
20
-3.6754656299212596
11
7.7240089370078735
21
-3.6755073228346458
0
LINE
8
BLACK
6
CONTINUOUS
10
7.7240089370078735
20
-3.6755073228346458
11
7.7241417716535432
21
-3.675827992125984
0
LINE
8
BLACK
6
CONTINUOUS
10
7.7241417716535432
20
-3.675827992125984
11
7.7251266929133857
21
-3.6778732283464568
0
LINE
8
BLACK
6
CONTINUOUS
10
7.7251266929133857
20
-3.6778732283464568
11
7.7252165354330709
21
-3.6794881889763777
0
LINE
8
BLACK
6
CONTINUOUS
10
7.7252165354330709
20
-3.6794881889763777
11
7.7252165354330709
21
-3.7079527559055117
0
LINE
8
BLACK
6
CONTINUOUS
10
7.7252165354330709
20
-3.7079527559055117
11
7.7251266929133857
21
-3.709567716535433
0
LINE
8
BLACK
6
CONTINUOUS
10
7.7251266929133857
20
-3.709567716535433
11
7.7241417716535432
21
-3.7116129133858267
0
LINE
8
BLACK
6
CONTINUOUS
10
7.7241417716535432
20
-3.7116129133858267
11
7.7240089370078735
21
-3.7119336220472441
0
LINE
8
BLACK
6
CONTINUOUS
10
7.7240089370078735
20
-3.7119336220472441
11
7.7239672440944878
21
-3.7119752755905511
0
LINE
8
BLACK
6
CONTINUOUS
10
7.7239672440944878
20
-3.7119752755905511
11
7.72372531496063
21
-3.712477716535433
0
LINE
8
BLACK
6
CONTINUOUS
10
7.72372531496063
20
-3.712477716535433
11
7.7224391732283459
21
-3.7135033464566929
0
LINE
8
BLACK
6
CONTINUOUS
10
7.7224391732283459
20
-3.7135033464566929
11
7.7220320472440944
21
-3.7139105118110236
0
LINE
8
BLACK
6
CONTINUOUS
10
7.7220320472440944
20
-3.7139105118110236
11
7.7218168897637796
21
-3.7139996062992124
0
LINE
8
BLACK
6
CONTINUOUS
10
7.7218168897637796
20
-3.7139996062992124
11
7.7212000787401571
21
-3.714491535433071
0
LINE
8
BLACK
6
CONTINUOUS
10
7.7212000787401571
20
-3.714491535433071
11
7.7199288976377947
21
-3.7147816535433069
0
LINE
8
BLACK
6
CONTINUOUS
10
7.7199288976377947
20
-3.7147816535433069
11
7.7194490551181101
21
-3.714980433070866
0
LINE
8
BLACK
6
CONTINUOUS
10
7.7194490551181101
20
-3.714980433070866
11
7.7190580314960631
21
-3.714980433070866
0
LINE
8
BLACK
6
CONTINUOUS
10
7.7190580314960631
20
-3.714980433070866
11
7.7180511811023624
21
-3.7152102362204724
0
LINE
8
BLACK
6
CONTINUOUS
10
7.7180511811023624
20
-3.7152102362204724
11
7.7170443307086609
21
-3.714980433070866
0
LINE
8
BLACK
6
CONTINUOUS
10
7.7170443307086609
20
-3.714980433070866
11
7.7166533070866139
21
-3.714980433070866
0
LINE
8
BLACK
6
CONTINUOUS
10
7.7166533070866139
20
-3.714980433070866
11
7.7161734251968506
21
-3.7147816535433069
0
LINE
8
BLACK
6
CONTINUOUS
10
7.7161734251968506
20
-3.7147816535433069
11
7.7149022834645669
21
-3.714491535433071
0
LINE
8
BLACK
6
CONTINUOUS
10
7.7149022834645669
20
-3.714491535433071
11
7.7142854330708657
21
-3.7139996062992124
0
LINE
8
BLACK
6
CONTINUOUS
10
7.7142854330708657
20
-3.7139996062992124
11
7.7140703149606296
21
-3.7139105118110236
0
LINE
8
BLACK
6
CONTINUOUS
10
7.7140703149606296
20
-3.7139105118110236
11
7.7136631496062993
21
-3.7135033464566929
0
LINE
8
BLACK
6
CONTINUOUS
10
7.7136631496062993
20
-3.7135033464566929
11
7.712377047244094
21
-3.712477716535433
0
LINE
8
BLACK
6
CONTINUOUS
10
7.712377047244094
20
-3.712477716535433
11
7.7121350787401575
21
-3.7119752755905511
0
LINE
8
BLACK
6
CONTINUOUS
10
7.7121350787401575
20
-3.7119752755905511
11
7.7120934251968505
21
-3.7119336220472441
0
LINE
8
BLACK
6
CONTINUOUS
10
7.7120934251968505
20
-3.7119336220472441
11
7.711960551181102
21
-3.7116129133858267
0
LINE
8
BLACK
6
CONTINUOUS
10
7.711960551181102
20
-3.7116129133858267
11
7.7109756692913383
21
-3.709567716535433
0
LINE
8
BLACK
6
CONTINUOUS
10
7.7109756692913383
20
-3.709567716535433
11
7.7108858267716531
21
-3.7079527559055117
0
LINE
8
BLACK
6
CONTINUOUS
10
7.7108858267716531
20
-3.7079527559055117
11
7.7108858267716531
21
-3.6794881889763777
0
LINE
8
BLACK
6
CONTINUOUS
10
7.7108858267716531
20
-3.6794881889763777
11
7.7109756692913383
21
-3.6778732283464568
0
LINE
8
BLACK
6
CONTINUOUS
10
7.7109756692913383
20
-3.6778732283464568
11
7.711960551181102
21
-3.675827992125984
0
LINE
8
BLACK
6
CONTINUOUS
10
7.711960551181102
20
-3.675827992125984
11
7.7120934251968505
21
-3.6755073228346458
0
LINE
8
BLACK
6
CONTINUOUS
10
7.7120934251968505
20
-3.6755073228346458
11
7.7121350787401575
21
-3.6754656299212596
0
LINE
8
BLACK
6
CONTINUOUS
10
7.7121350787401575
20
-3.6754656299212596
11
7.712377047244094
21
-3.6749632283464564
0
LINE
8
BLACK
6
CONTINUOUS
10
7.712377047244094
20
-3.6749632283464564
11
7.7136631496062993
21
-3.6739375590551182
0
LINE
8
BLACK
6
CONTINUOUS
10
7.7136631496062993
20
-3.6739375590551182
11
7.7140703149606296
21
-3.6735304330708662
0
LINE
8
BLACK
6
CONTINUOUS
10
7.7140703149606296
20
-3.6735304330708662
11
7.7142854330708657
21
-3.6734412992125982
0
LINE
8
BLACK
6
CONTINUOUS
10
7.7142854330708657
20
-3.6734412992125982
11
7.7149022834645669
21
-3.6729494094488189
0
LINE
8
BLACK
6
CONTINUOUS
10
7.7149022834645669
20
-3.6729494094488189
11
7.7161734251968506
21
-3.6726592519685037
0
LINE
8
BLACK
6
CONTINUOUS
10
7.7161734251968506
20
-3.6726592519685037
11
7.7166533070866139
21
-3.6724605118110234
0
LINE
8
BLACK
6
CONTINUOUS
10
7.7166533070866139
20
-3.6724605118110234
11
7.7170443307086609
21
-3.6724605118110234
0
LINE
8
BLACK
6
CONTINUOUS
10
7.7170443307086609
20
-3.6724605118110234
11
7.7180511811023624
21
-3.6722307086614174
0
LINE
8
BLACK
6
CONTINUOUS
10
7.7180511811023624
20
-3.6722307086614174
11
7.7190580314960631
21
-3.6724605118110234
0
LINE
8
BLACK
6
CONTINUOUS
10
7.7446485826771649
20
-3.6724605118110234
11
7.7450396062992128
21
-3.6724605118110234
0
LINE
8
BLACK
6
CONTINUOUS
10
7.7450396062992128
20
-3.6724605118110234
11
7.7455194488188974
21
-3.6726592519685037
0
LINE
8
BLACK
6
CONTINUOUS
10
7.7455194488188974
20
-3.6726592519685037
11
7.7467906299212599
21
-3.6729494094488189
0
LINE
8
BLACK
6
CONTINUOUS
10
7.7467906299212599
20
-3.6729494094488189
11
7.7474074409448814
21
-3.6734412992125982
0
LINE
8
BLACK
6
CONTINUOUS
10
7.7474074409448814
20
-3.6734412992125982
11
7.7476225984251963
21
-3.6735304330708662
0
LINE
8
BLACK
6
CONTINUOUS
10
7.7476225984251963
20
-3.6735304330708662
11
7.7480297244094487
21
-3.6739375590551182
0
LINE
8
BLACK
6
CONTINUOUS
10
7.7480297244094487
20
-3.6739375590551182
11
7.7493158661417318
21
-3.6749632283464564
0
LINE
8
BLACK
6
CONTINUOUS
10
7.7493158661417318
20
-3.6749632283464564
11
7.7495577952755905
21
-3.6754656299212596
0
LINE
8
BLACK
6
CONTINUOUS
10
7.7495577952755905
20
-3.6754656299212596
11
7.7495994881889763
21
-3.6755073228346458
0
LINE
8
BLACK
6
CONTINUOUS
10
7.7495994881889763
20
-3.6755073228346458
11
7.7497323228346451
21
-3.675827992125984
0
LINE
8
BLACK
6
CONTINUOUS
10
7.7497323228346451
20
-3.675827992125984
11
7.7507172440944876
21
-3.6778732283464568
0
LINE
8
BLACK
6
CONTINUOUS
10
7.7507172440944876
20
-3.6778732283464568
11
7.7508070866141727
21
-3.6794881889763777
0
LINE
8
BLACK
6
CONTINUOUS
10
7.7508070866141727
20
-3.6794881889763777
11
7.7508070866141727
21
-3.7079527559055117
0
LINE
8
BLACK
6
CONTINUOUS
10
7.7508070866141727
20
-3.7079527559055117
11
7.7507172440944876
21
-3.709567716535433
0
LINE
8
BLACK
6
CONTINUOUS
10
7.7507172440944876
20
-3.709567716535433
11
7.7497323228346451
21
-3.7116129133858267
0
LINE
8
BLACK
6
CONTINUOUS
10
7.7497323228346451
20
-3.7116129133858267
11
7.7495994881889763
21
-3.7119336220472441
0
LINE
8
BLACK
6
CONTINUOUS
10
7.7495994881889763
20
-3.7119336220472441
11
7.7495577952755905
21
-3.7119752755905511
0
LINE
8
BLACK
6
CONTINUOUS
10
7.7495577952755905
20
-3.7119752755905511
11
7.7493158661417318
21
-3.712477716535433
0
LINE
8
BLACK
6
CONTINUOUS
10
7.7493158661417318
20
-3.712477716535433
11
7.7480297244094487
21
-3.7135033464566929
0
LINE
8
BLACK
6
CONTINUOUS
10
7.7480297244094487
20
-3.7135033464566929
11
7.7476225984251963
21
-3.7139105118110236
0
LINE
8
BLACK
6
CONTINUOUS
10
7.7476225984251963
20
-3.7139105118110236
11
7.7474074409448814
21
-3.7139996062992124
0
LINE
8
BLACK
6
CONTINUOUS
10
7.7474074409448814
20
-3.7139996062992124
11
7.7467906299212599
21
-3.714491535433071
0
LINE
8
BLACK
6
CONTINUOUS
10
7.7467906299212599
20
-3.714491535433071
11
7.7455194488188974
21
-3.7147816535433069
0
LINE
8
BLACK
6
CONTINUOUS
10
7.7455194488188974
20
-3.7147816535433069
11
7.7450396062992128
21
-3.714980433070866
0
LINE
8
BLACK
6
CONTINUOUS
10
7.7450396062992128
20
-3.714980433070866
11
7.7446485826771649
21
-3.714980433070866
0
LINE
8
BLACK
6
CONTINUOUS
10
7.7446485826771649
20
-3.714980433070866
11
7.7436417322834643
21
-3.7152102362204724
0
LINE
8
BLACK
6
CONTINUOUS
10
7.7436417322834643
20
-3.7152102362204724
11
7.7426348818897637
21
-3.714980433070866
0
LINE
8
BLACK
6
CONTINUOUS
10
7.7426348818897637
20
-3.714980433070866
11
7.7422438582677167
21
-3.714980433070866
0
LINE
8
BLACK
6
CONTINUOUS
10
7.7422438582677167
20
-3.714980433070866
11
7.7417639763779524
21
-3.7147816535433069
0
LINE
8
BLACK
6
CONTINUOUS
10
7.7417639763779524
20
-3.7147816535433069
11
7.7404928346456687
21
-3.714491535433071
0
LINE
8
BLACK
6
CONTINUOUS
10
7.7404928346456687
20
-3.714491535433071
11
7.7398759842519684
21
-3.7139996062992124
0
LINE
8
BLACK
6
CONTINUOUS
10
7.7398759842519684
20
-3.7139996062992124
11
7.7396608661417323
21
-3.7139105118110236
0
LINE
8
BLACK
6
CONTINUOUS
10
7.7396608661417323
20
-3.7139105118110236
11
7.7392537007874012
21
-3.7135033464566929
0
LINE
8
BLACK
6
CONTINUOUS
10
7.7392537007874012
20
-3.7135033464566929
11
7.7379675984251968
21
-3.712477716535433
0
LINE
8
BLACK
6
CONTINUOUS
10
7.7379675984251968
20
-3.712477716535433
11
7.7377256299212593
21
-3.7119752755905511
0
LINE
8
BLACK
6
CONTINUOUS
10
7.7377256299212593
20
-3.7119752755905511
11
7.7376839763779524
21
-3.7119336220472441
0
LINE
8
BLACK
6
CONTINUOUS
10
7.7376839763779524
20
-3.7119336220472441
11
7.7375511023622048
21
-3.7116129133858267
0
LINE
8
BLACK
6
CONTINUOUS
10
7.7375511023622048
20
-3.7116129133858267
11
7.736566220472441
21
-3.709567716535433
0
LINE
8
BLACK
6
CONTINUOUS
10
7.736566220472441
20
-3.709567716535433
11
7.7364763779527559
21
-3.7079527559055117
0
LINE
8
BLACK
6
CONTINUOUS
10
7.7364763779527559
20
-3.7079527559055117
11
7.7364763779527559
21
-3.6794881889763777
0
LINE
8
BLACK
6
CONTINUOUS
10
7.7364763779527559
20
-3.6794881889763777
11
7.736566220472441
21
-3.6778732283464568
0
LINE
8
BLACK
6
CONTINUOUS
10
7.736566220472441
20
-3.6778732283464568
11
7.7375511023622048
21
-3.675827992125984
0
LINE
8
BLACK
6
CONTINUOUS
10
7.7375511023622048
20
-3.675827992125984
11
7.7376839763779524
21
-3.6755073228346458
0
LINE
8
BLACK
6
CONTINUOUS
10
7.7376839763779524
20
-3.6755073228346458
11
7.7377256299212593
21
-3.6754656299212596
0
LINE
8
BLACK
6
CONTINUOUS
10
7.7377256299212593
20
-3.6754656299212596
11
7.7379675984251968
21
-3.6749632283464564
0
LINE
8
BLACK
6
CONTINUOUS
10
7.7379675984251968
20
-3.6749632283464564
11
7.7392537007874012
21
-3.6739375590551182
0
LINE
8
BLACK
6
CONTINUOUS
10
7.7392537007874012
20
-3.6739375590551182
11
7.7396608661417323
21
-3.6735304330708662
0
LINE
8
BLACK
6
CONTINUOUS
10
7.7396608661417323
20
-3.6735304330708662
11
7.7398759842519684
21
-3.6734412992125982
0
LINE
8
BLACK
6
CONTINUOUS
10
7.7398759842519684
20
-3.6734412992125982
11
7.7404928346456687
21
-3.6729494094488189
0
LINE
8
BLACK
6
CONTINUOUS
10
7.7404928346456687
20
-3.6729494094488189
11
7.7417639763779524
21
-3.6726592519685037
0
LINE
8
BLACK
6
CONTINUOUS
10
7.7417639763779524
20
-3.6726592519685037
11
7.7422438582677167
21
-3.6724605118110234
0
LINE
8
BLACK
6
CONTINUOUS
10
7.7422438582677167
20
-3.6724605118110234
11
7.7426348818897637
21
-3.6724605118110234
0
LINE
8
BLACK
6
CONTINUOUS
10
7.7426348818897637
20
-3.6724605118110234
11
7.7436417322834643
21
-3.6722307086614174
0
LINE
8
BLACK
6
CONTINUOUS
10
7.7436417322834643
20
-3.6722307086614174
11
7.7446485826771649
21
-3.6724605118110234
0
LINE
8
BLACK
6
CONTINUOUS
10
7.9294846456692909
20
-3.7041716535433071
11
7.866492519685039
21
-3.7041716535433071
0
LINE
8
BLACK
6
CONTINUOUS
10
7.866492519685039
20
-3.7041716535433071
11
7.866492519685039
21
-3.6742503937007873
0
LINE
8
BLACK
6
CONTINUOUS
10
7.866492519685039
20
-3.6742503937007873
11
7.9294846456692909
21
-3.6742503937007873
0
LINE
8
BLACK
6
CONTINUOUS
10
7.9294846456692909
20
-3.6742503937007873
11
7.9294846456692909
21
-3.7041716535433071
0
LINE
8
BLACK
6
CONTINUOUS
10
8.229878346456692
20
-3.7041716535433071
11
8.1668862204724402
21
-3.7041716535433071
0
LINE
8
BLACK
6
CONTINUOUS
10
8.1668862204724402
20
-3.7041716535433071
11
8.1668862204724402
21
-3.6742503937007873
0
LINE
8
BLACK
6
CONTINUOUS
10
8.1668862204724402
20
-3.6742503937007873
11
8.229878346456692
21
-3.6742503937007873
0
LINE
8
BLACK
6
CONTINUOUS
10
8.229878346456692
20
-3.6742503937007873
11
8.229878346456692
21
-3.7041716535433071
0
LINE
8
BLACK
6
CONTINUOUS
10
5.5892224409448819
20
-3.6633858267716533
11
5.5577263779527559
21
-3.6633858267716533
0
LINE
8
BLACK
6
CONTINUOUS
10
5.5577263779527559
20
-3.6633858267716533
11
5.5577263779527559
21
-3.6279527559055116
0
LINE
8
BLACK
6
CONTINUOUS
10
5.5577263779527559
20
-3.6279527559055116
11
5.5892224409448819
21
-3.6279527559055116
0
LINE
8
BLACK
6
CONTINUOUS
10
5.5892224409448819
20
-3.6279527559055116
11
5.5892224409448819
21
-3.6633858267716533
0
LINE
8
BLACK
6
CONTINUOUS
10
5.6443405511811022
20
-3.6633858267716533
11
5.6128444881889763
21
-3.6633858267716533
0
LINE
8
BLACK
6
CONTINUOUS
10
5.6128444881889763
20
-3.6633858267716533
11
5.6128444881889763
21
-3.6279527559055116
0
LINE
8
BLACK
6
CONTINUOUS
10
5.6128444881889763
20
-3.6279527559055116
11
5.6443405511811022
21
-3.6279527559055116
0
LINE
8
BLACK
6
CONTINUOUS
10
5.6443405511811022
20
-3.6279527559055116
11
5.6443405511811022
21
-3.6633858267716533
0
LINE
8
BLACK
6
CONTINUOUS
10
7.1496062992125982
20
-3.6633858267716533
11
7.1181102362204722
21
-3.6633858267716533
0
LINE
8
BLACK
6
CONTINUOUS
10
7.1181102362204722
20
-3.6633858267716533
11
7.1181102362204722
21
-3.6279527559055116
0
LINE
8
BLACK
6
CONTINUOUS
10
7.1181102362204722
20
-3.6279527559055116
11
7.1496062992125982
21
-3.6279527559055116
0
LINE
8
BLACK
6
CONTINUOUS
10
7.1496062992125982
20
-3.6279527559055116
11
7.1496062992125982
21
-3.6633858267716533
0
LINE
8
BLACK
6
CONTINUOUS
10
7.2047244094488185
20
-3.6633858267716533
11
7.1732283464566926
21
-3.6633858267716533
0
LINE
8
BLACK
6
CONTINUOUS
10
7.1732283464566926
20
-3.6633858267716533
11
7.1732283464566926
21
-3.6279527559055116
0
LINE
8
BLACK
6
CONTINUOUS
10
7.1732283464566926
20
-3.6279527559055116
11
7.2047244094488185
21
-3.6279527559055116
0
LINE
8
BLACK
6
CONTINUOUS
10
7.2047244094488185
20
-3.6279527559055116
11
7.2047244094488185
21
-3.6633858267716533
0
LINE
8
BLACK
6
CONTINUOUS
10
6.3624803149606297
20
-3.659015748031496
11
6.3309842519685038
21
-3.659015748031496
0
LINE
8
BLACK
6
CONTINUOUS
10
6.3309842519685038
20
-3.659015748031496
11
6.3309842519685038
21
-3.6235826771653543
0
LINE
8
BLACK
6
CONTINUOUS
10
6.3309842519685038
20
-3.6235826771653543
11
6.3624803149606297
21
-3.6235826771653543
0
LINE
8
BLACK
6
CONTINUOUS
10
6.3624803149606297
20
-3.6235826771653543
11
6.3624803149606297
21
-3.659015748031496
0
LINE
8
BLACK
6
CONTINUOUS
10
6.4175984251968501
20
-3.659015748031496
11
6.3861023622047242
21
-3.659015748031496
0
LINE
8
BLACK
6
CONTINUOUS
10
6.3861023622047242
20
-3.659015748031496
11
6.3861023622047242
21
-3.6235826771653543
0
LINE
8
BLACK
6
CONTINUOUS
10
6.3861023622047242
20
-3.6235826771653543
11
6.4175984251968501
21
-3.6235826771653543
0
LINE
8
BLACK
6
CONTINUOUS
10
6.4175984251968501
20
-3.6235826771653543
11
6.4175984251968501
21
-3.659015748031496
0
LINE
8
BLACK
6
CONTINUOUS
10
7.9294846456692909
20
-3.6541716535433069
11
7.866492519685039
21
-3.6541716535433069
0
LINE
8
BLACK
6
CONTINUOUS
10
7.866492519685039
20
-3.6541716535433069
11
7.866492519685039
21
-3.6242503937007875
0
LINE
8
BLACK
6
CONTINUOUS
10
7.866492519685039
20
-3.6242503937007875
11
7.9294846456692909
21
-3.6242503937007875
0
LINE
8
BLACK
6
CONTINUOUS
10
7.9294846456692909
20
-3.6242503937007875
11
7.9294846456692909
21
-3.6541716535433069
0
LINE
8
BLACK
6
CONTINUOUS
10
8.229878346456692
20
-3.6541716535433069
11
8.1668862204724402
21
-3.6541716535433069
0
LINE
8
BLACK
6
CONTINUOUS
10
8.1668862204724402
20
-3.6541716535433069
11
8.1668862204724402
21
-3.6242503937007875
0
LINE
8
BLACK
6
CONTINUOUS
10
8.1668862204724402
20
-3.6242503937007875
11
8.229878346456692
21
-3.6242503937007875
0
LINE
8
BLACK
6
CONTINUOUS
10
8.229878346456692
20
-3.6242503937007875
11
8.229878346456692
21
-3.6541716535433069
0
LINE
8
BLACK
6
CONTINUOUS
10
7.5428704724409448
20
-3.6254314960629919
11
7.5074374015748031
21
-3.6254314960629919
0
LINE
8
BLACK
6
CONTINUOUS
10
7.5074374015748031
20
-3.6254314960629919
11
7.5074374015748031
21
-3.5939354330708659
0
LINE
8
BLACK
6
CONTINUOUS
10
7.5074374015748031
20
-3.5939354330708659
11
7.5428704724409448
21
-3.5939354330708659
0
LINE
8
BLACK
6
CONTINUOUS
10
7.5428704724409448
20
-3.5939354330708659
11
7.5428704724409448
21
-3.6254314960629919
0
LINE
8
BLACK
6
CONTINUOUS
10
7.6137366141732281
20
-3.6254314960629919
11
7.5783035433070864
21
-3.6254314960629919
0
LINE
8
BLACK
6
CONTINUOUS
10
7.5783035433070864
20
-3.6254314960629919
11
7.5783035433070864
21
-3.5939354330708659
0
LINE
8
BLACK
6
CONTINUOUS
10
7.5783035433070864
20
-3.5939354330708659
11
7.6137366141732281
21
-3.5939354330708659
0
LINE
8
BLACK
6
CONTINUOUS
10
7.6137366141732281
20
-3.5939354330708659
11
7.6137366141732281
21
-3.6254314960629919
0
LINE
8
BLACK
6
CONTINUOUS
10
7.6846027559055115
20
-3.6254314960629919
11
7.6491696850393698
21
-3.6254314960629919
0
LINE
8
BLACK
6
CONTINUOUS
10
7.6491696850393698
20
-3.6254314960629919
11
7.6491696850393698
21
-3.5939354330708659
0
LINE
8
BLACK
6
CONTINUOUS
10
7.6491696850393698
20
-3.5939354330708659
11
7.6846027559055115
21
-3.5939354330708659
0
LINE
8
BLACK
6
CONTINUOUS
10
7.6846027559055115
20
-3.5939354330708659
11
7.6846027559055115
21
-3.6254314960629919
0
LINE
8
BLACK
6
CONTINUOUS
10
7.9294846456692909
20
-3.604171653543307
11
7.866492519685039
21
-3.604171653543307
0
LINE
8
BLACK
6
CONTINUOUS
10
7.866492519685039
20
-3.604171653543307
11
7.866492519685039
21
-3.5742503937007872
0
LINE
8
BLACK
6
CONTINUOUS
10
7.866492519685039
20
-3.5742503937007872
11
7.9294846456692909
21
-3.5742503937007872
0
LINE
8
BLACK
6
CONTINUOUS
10
7.9294846456692909
20
-3.5742503937007872
11
7.9294846456692909
21
-3.604171653543307
0
LINE
8
BLACK
6
CONTINUOUS
10
8.229878346456692
20
-3.604171653543307
11
8.1668862204724402
21
-3.604171653543307
0
LINE
8
BLACK
6
CONTINUOUS
10
8.1668862204724402
20
-3.604171653543307
11
8.1668862204724402
21
-3.5742503937007872
0
LINE
8
BLACK
6
CONTINUOUS
10
8.1668862204724402
20
-3.5742503937007872
11
8.229878346456692
21
-3.5742503937007872
0
LINE
8
BLACK
6
CONTINUOUS
10
8.229878346456692
20
-3.5742503937007872
11
8.229878346456692
21
-3.604171653543307
0
LINE
8
BLACK
6
CONTINUOUS
10
7.5428704724409448
20
-3.5703133858267715
11
7.5074374015748031
21
-3.5703133858267715
0
LINE
8
BLACK
6
CONTINUOUS
10
7.5074374015748031
20
-3.5703133858267715
11
7.5074374015748031
21
-3.5388173228346456
0
LINE
8
BLACK
6
CONTINUOUS
10
7.5074374015748031
20
-3.5388173228346456
11
7.5428704724409448
21
-3.5388173228346456
0
LINE
8
BLACK
6
CONTINUOUS
10
7.5428704724409448
20
-3.5388173228346456
11
7.5428704724409448
21
-3.5703133858267715
0
LINE
8
BLACK
6
CONTINUOUS
10
7.6137366141732281
20
-3.5703133858267715
11
7.5783035433070864
21
-3.5703133858267715
0
LINE
8
BLACK
6
CONTINUOUS
10
7.5783035433070864
20
-3.5703133858267715
11
7.5783035433070864
21
-3.5388173228346456
0
LINE
8
BLACK
6
CONTINUOUS
10
7.5783035433070864
20
-3.5388173228346456
11
7.6137366141732281
21
-3.5388173228346456
0
LINE
8
BLACK
6
CONTINUOUS
10
7.6137366141732281
20
-3.5388173228346456
11
7.6137366141732281
21
-3.5703133858267715
0
LINE
8
BLACK
6
CONTINUOUS
10
7.6846027559055115
20
-3.5703133858267715
11
7.6491696850393698
21
-3.5703133858267715
0
LINE
8
BLACK
6
CONTINUOUS
10
7.6491696850393698
20
-3.5703133858267715
11
7.6491696850393698
21
-3.5388173228346456
0
LINE
8
BLACK
6
CONTINUOUS
10
7.6491696850393698
20
-3.5388173228346456
11
7.6846027559055115
21
-3.5388173228346456
0
LINE
8
BLACK
6
CONTINUOUS
10
7.6846027559055115
20
-3.5388173228346456
11
7.6846027559055115
21
-3.5703133858267715
0
LINE
8
BLACK
6
CONTINUOUS
10
7.9294846456692909
20
-3.5541716535433072
11
7.866492519685039
21
-3.5541716535433072
0
LINE
8
BLACK
6
CONTINUOUS
10
7.866492519685039
20
-3.5541716535433072
11
7.866492519685039
21
-3.5242503937007874
0
LINE
8
BLACK
6
CONTINUOUS
10
7.866492519685039
20
-3.5242503937007874
11
7.9294846456692909
21
-3.5242503937007874
0
LINE
8
BLACK
6
CONTINUOUS
10
7.9294846456692909
20
-3.5242503937007874
11
7.9294846456692909
21
-3.5541716535433072
0
LINE
8
BLACK
6
CONTINUOUS
10
8.229878346456692
20
-3.5541716535433072
11
8.1668862204724402
21
-3.5541716535433072
0
LINE
8
BLACK
6
CONTINUOUS
10
8.1668862204724402
20
-3.5541716535433072
11
8.1668862204724402
21
-3.5242503937007874
0
LINE
8
BLACK
6
CONTINUOUS
10
8.1668862204724402
20
-3.5242503937007874
11
8.229878346456692
21
-3.5242503937007874
0
LINE
8
BLACK
6
CONTINUOUS
10
8.229878346456692
20
-3.5242503937007874
11
8.229878346456692
21
-3.5541716535433072
0
LINE
8
BLACK
6
CONTINUOUS
10
7.7332677165354333
20
-3.0885826771653542
11
7.6387795275590546
21
-3.0885826771653542
0
LINE
8
BLACK
6
CONTINUOUS
10
7.6387795275590546
20
-3.0885826771653542
11
7.6387795275590546
21
-2.9625984251968505
0
LINE
8
BLACK
6
CONTINUOUS
10
7.6387795275590546
20
-2.9625984251968505
11
7.7332677165354333
21
-2.9625984251968505
0
LINE
8
BLACK
6
CONTINUOUS
10
7.7332677165354333
20
-2.9625984251968505
11
7.7332677165354333
21
-3.0885826771653542
0
LINE
8
BLACK
6
CONTINUOUS
10
7.9694881889763778
20
-3.0885826771653542
11
7.875
21
-3.0885826771653542
0
LINE
8
BLACK
6
CONTINUOUS
10
7.875
20
-3.0885826771653542
11
7.875
21
-2.9625984251968505
0
LINE
8
BLACK
6
CONTINUOUS
10
7.875
20
-2.9625984251968505
11
7.9694881889763778
21
-2.9625984251968505
0
LINE
8
BLACK
6
CONTINUOUS
10
7.9694881889763778
20
-2.9625984251968505
11
7.9694881889763778
21
-3.0885826771653542
0
LINE
8
BLACK
6
CONTINUOUS
10
7.4220472440944878
20
-3.0055118110236219
11
7.4226377952755902
21
-3.0061023622047243
0
LINE
8
BLACK
6
CONTINUOUS
10
7.4226377952755902
20
-3.0061023622047243
11
7.4226377952755902
21
-3.0513779527559053
0
LINE
8
BLACK
6
CONTINUOUS
10
7.4226377952755902
20
-3.0513779527559053
11
7.4220472440944878
21
-3.0519685039370077
0
LINE
8
BLACK
6
CONTINUOUS
10
7.4220472440944878
20
-3.0519685039370077
11
7.4220472440944878
21
-3.0533464566929132
0
LINE
8
BLACK
6
CONTINUOUS
10
7.4220472440944878
20
-3.0533464566929132
11
7.4206692913385828
21
-3.0533464566929132
0
LINE
8
BLACK
6
CONTINUOUS
10
7.4206692913385828
20
-3.0533464566929132
11
7.3702755905511808
21
-3.0533464566929132
0
LINE
8
BLACK
6
CONTINUOUS
10
7.3702755905511808
20
-3.0533464566929132
11
7.3688976377952757
21
-3.0533464566929132
0
LINE
8
BLACK
6
CONTINUOUS
10
7.3688976377952757
20
-3.0533464566929132
11
7.3688976377952757
21
-3.0519685039370077
0
LINE
8
BLACK
6
CONTINUOUS
10
7.3688976377952757
20
-3.0519685039370077
11
7.3683070866141733
21
-3.0513779527559053
0
LINE
8
BLACK
6
CONTINUOUS
10
7.3683070866141733
20
-3.0513779527559053
11
7.3683070866141733
21
-3.0061023622047243
0
LINE
8
BLACK
6
CONTINUOUS
10
7.3683070866141733
20
-3.0061023622047243
11
7.3688976377952757
21
-3.0055118110236219
0
LINE
8
BLACK
6
CONTINUOUS
10
7.3688976377952757
20
-3.0055118110236219
11
7.3688976377952757
21
-2.9978346456692915
0
LINE
8
BLACK
6
CONTINUOUS
10
7.3688976377952757
20
-2.9978346456692915
11
7.4220472440944878
21
-2.9978346456692915
0
LINE
8
BLACK
6
CONTINUOUS
10
7.4220472440944878
20
-2.9978346456692915
11
7.4220472440944878
21
-3.0055118110236219
0
LINE
8
BLACK
6
CONTINUOUS
10
7.504330708661417
20
-3.0055118110236219
11
7.5049212598425195
21
-3.0061023622047243
0
LINE
8
BLACK
6
CONTINUOUS
10
7.5049212598425195
20
-3.0061023622047243
11
7.5049212598425195
21
-3.0513779527559053
0
LINE
8
BLACK
6
CONTINUOUS
10
7.5049212598425195
20
-3.0513779527559053
11
7.504330708661417
21
-3.0519685039370077
0
LINE
8
BLACK
6
CONTINUOUS
10
7.504330708661417
20
-3.0519685039370077
11
7.504330708661417
21
-3.0533464566929132
0
LINE
8
BLACK
6
CONTINUOUS
10
7.504330708661417
20
-3.0533464566929132
11
7.502952755905512
21
-3.0533464566929132
0
LINE
8
BLACK
6
CONTINUOUS
10
7.502952755905512
20
-3.0533464566929132
11
7.45255905511811
21
-3.0533464566929132
0
LINE
8
BLACK
6
CONTINUOUS
10
7.45255905511811
20
-3.0533464566929132
11
7.451181102362205
21
-3.0533464566929132
0
LINE
8
BLACK
6
CONTINUOUS
10
7.451181102362205
20
-3.0533464566929132
11
7.451181102362205
21
-3.0519685039370077
0
LINE
8
BLACK
6
CONTINUOUS
10
7.451181102362205
20
-3.0519685039370077
11
7.4505905511811026
21
-3.0513779527559053
0
LINE
8
BLACK
6
CONTINUOUS
10
7.4505905511811026
20
-3.0513779527559053
11
7.4505905511811026
21
-3.0061023622047243
0
LINE
8
BLACK
6
CONTINUOUS
10
7.4505905511811026
20
-3.0061023622047243
11
7.451181102362205
21
-3.0055118110236219
0
LINE
8
BLACK
6
CONTINUOUS
10
7.451181102362205
20
-3.0055118110236219
11
7.451181102362205
21
-2.9978346456692915
0
LINE
8
BLACK
6
CONTINUOUS
10
7.451181102362205
20
-2.9978346456692915
11
7.504330708661417
21
-2.9978346456692915
0
LINE
8
BLACK
6
CONTINUOUS
10
7.504330708661417
20
-2.9978346456692915
11
7.504330708661417
21
-3.0055118110236219
0
LINE
8
BLACK
6
CONTINUOUS
10
7.5866141732283463
20
-3.0055118110236219
11
7.5872047244094487
21
-3.0061023622047243
0
LINE
8
BLACK
6
CONTINUOUS
10
7.5872047244094487
20
-3.0061023622047243
11
7.5872047244094487
21
-3.0513779527559053
0
LINE
8
BLACK
6
CONTINUOUS
10
7.5872047244094487
20
-3.0513779527559053
11
7.5866141732283463
21
-3.0519685039370077
0
LINE
8
BLACK
6
CONTINUOUS
10
7.5866141732283463
20
-3.0519685039370077
11
7.5866141732283463
21
-3.0533464566929132
0
LINE
8
BLACK
6
CONTINUOUS
10
7.5866141732283463
20
-3.0533464566929132
11
7.5852362204724404
21
-3.0533464566929132
0
LINE
8
BLACK
6
CONTINUOUS
10
7.5852362204724404
20
-3.0533464566929132
11
7.5348425196850393
21
-3.0533464566929132
0
LINE
8
BLACK
6
CONTINUOUS
10
7.5348425196850393
20
-3.0533464566929132
11
7.5334645669291334
21
-3.0533464566929132
0
LINE
8
BLACK
6
CONTINUOUS
10
7.5334645669291334
20
-3.0533464566929132
11
7.5334645669291334
21
-3.0519685039370077
0
LINE
8
BLACK
6
CONTINUOUS
10
7.5334645669291334
20
-3.0519685039370077
11
7.5328740157480309
21
-3.0513779527559053
0
LINE
8
BLACK
6
CONTINUOUS
10
7.5328740157480309
20
-3.0513779527559053
11
7.5328740157480309
21
-3.0061023622047243
0
LINE
8
BLACK
6
CONTINUOUS
10
7.5328740157480309
20
-3.0061023622047243
11
7.5334645669291334
21
-3.0055118110236219
0
LINE
8
BLACK
6
CONTINUOUS
10
7.5334645669291334
20
-3.0055118110236219
11
7.5334645669291334
21
-2.9978346456692915
0
LINE
8
BLACK
6
CONTINUOUS
10
7.5334645669291334
20
-2.9978346456692915
11
7.5866141732283463
21
-2.9978346456692915
0
LINE
8
BLACK
6
CONTINUOUS
10
7.5866141732283463
20
-2.9978346456692915
11
7.5866141732283463
21
-3.0055118110236219
0
LINE
8
BLACK
6
CONTINUOUS
10
8.0492125984251963
20
-2.9700787401574802
11
8.0498031496062996
21
-2.9706692913385826
0
LINE
8
BLACK
6
CONTINUOUS
10
8.0498031496062996
20
-2.9706692913385826
11
8.0498031496062996
21
-3.0159448818897636
0
LINE
8
BLACK
6
CONTINUOUS
10
8.0498031496062996
20
-3.0159448818897636
11
8.0492125984251963
21
-3.016535433070866
0
LINE
8
BLACK
6
CONTINUOUS
10
8.0492125984251963
20
-3.016535433070866
11
8.0492125984251963
21
-3.0179133858267715
0
LINE
8
BLACK
6
CONTINUOUS
10
8.0492125984251963
20
-3.0179133858267715
11
8.0478346456692904
21
-3.0179133858267715
0
LINE
8
BLACK
6
CONTINUOUS
10
8.0478346456692904
20
-3.0179133858267715
11
7.9974409448818893
21
-3.0179133858267715
0
LINE
8
BLACK
6
CONTINUOUS
10
7.9974409448818893
20
-3.0179133858267715
11
7.9960629921259843
21
-3.0179133858267715
0
LINE
8
BLACK
6
CONTINUOUS
10
7.9960629921259843
20
-3.0179133858267715
11
7.9960629921259843
21
-3.016535433070866
0
LINE
8
BLACK
6
CONTINUOUS
10
7.9960629921259843
20
-3.016535433070866
11
7.9954724409448819
21
-3.0159448818897636
0
LINE
8
BLACK
6
CONTINUOUS
10
7.9954724409448819
20
-3.0159448818897636
11
7.9954724409448819
21
-2.9706692913385826
0
LINE
8
BLACK
6
CONTINUOUS
10
7.9954724409448819
20
-2.9706692913385826
11
7.9960629921259843
21
-2.9700787401574802
0
LINE
8
BLACK
6
CONTINUOUS
10
7.9960629921259843
20
-2.9700787401574802
11
7.9960629921259843
21
-2.9624015748031494
0
LINE
8
BLACK
6
CONTINUOUS
10
7.9960629921259843
20
-2.9624015748031494
11
8.0492125984251963
21
-2.9624015748031494
0
LINE
8
BLACK
6
CONTINUOUS
10
8.0492125984251963
20
-2.9624015748031494
11
8.0492125984251963
21
-2.9700787401574802
0
LINE
8
BLACK
6
CONTINUOUS
10
7.4220472440944878
20
-2.9204724409448817
11
7.4226377952755902
21
-2.9210629921259841
0
LINE
8
BLACK
6
CONTINUOUS
10
7.4226377952755902
20
-2.9210629921259841
11
7.4226377952755902
21
-2.9663385826771651
0
LINE
8
BLACK
6
CONTINUOUS
10
7.4226377952755902
20
-2.9663385826771651
11
7.4220472440944878
21
-2.9669291338582675
0
LINE
8
BLACK
6
CONTINUOUS
10
7.4220472440944878
20
-2.9669291338582675
11
7.4220472440944878
21
-2.9746062992125983
0
LINE
8
BLACK
6
CONTINUOUS
10
7.4220472440944878
20
-2.9746062992125983
11
7.3688976377952757
21
-2.9746062992125983
0
LINE
8
BLACK
6
CONTINUOUS
10
7.3688976377952757
20
-2.9746062992125983
11
7.3688976377952757
21
-2.9669291338582675
0
LINE
8
BLACK
6
CONTINUOUS
10
7.3688976377952757
20
-2.9669291338582675
11
7.3683070866141733
21
-2.9663385826771651
0
LINE
8
BLACK
6
CONTINUOUS
10
7.3683070866141733
20
-2.9663385826771651
11
7.3683070866141733
21
-2.9210629921259841
0
LINE
8
BLACK
6
CONTINUOUS
10
7.3683070866141733
20
-2.9210629921259841
11
7.3688976377952757
21
-2.9204724409448817
0
LINE
8
BLACK
6
CONTINUOUS
10
7.3688976377952757
20
-2.9204724409448817
11
7.3688976377952757
21
-2.9190944881889762
0
LINE
8
BLACK
6
CONTINUOUS
10
7.3688976377952757
20
-2.9190944881889762
11
7.4220472440944878
21
-2.9190944881889762
0
LINE
8
BLACK
6
CONTINUOUS
10
7.4220472440944878
20
-2.9190944881889762
11
7.4220472440944878
21
-2.9204724409448817
0
LINE
8
BLACK
6
CONTINUOUS
10
7.504330708661417
20
-2.9204724409448817
11
7.5049212598425195
21
-2.9210629921259841
0
LINE
8
BLACK
6
CONTINUOUS
10
7.5049212598425195
20
-2.9210629921259841
11
7.5049212598425195
21
-2.9663385826771651
0
LINE
8
BLACK
6
CONTINUOUS
10
7.5049212598425195
20
-2.9663385826771651
11
7.504330708661417
21
-2.9669291338582675
0
LINE
8
BLACK
6
CONTINUOUS
10
7.504330708661417
20
-2.9669291338582675
11
7.504330708661417
21
-2.9746062992125983
0
LINE
8
BLACK
6
CONTINUOUS
10
7.504330708661417
20
-2.9746062992125983
11
7.451181102362205
21
-2.9746062992125983
0
LINE
8
BLACK
6
CONTINUOUS
10
7.451181102362205
20
-2.9746062992125983
11
7.451181102362205
21
-2.9669291338582675
0
LINE
8
BLACK
6
CONTINUOUS
10
7.451181102362205
20
-2.9669291338582675
11
7.4505905511811026
21
-2.9663385826771651
0
LINE
8
BLACK
6
CONTINUOUS
10
7.4505905511811026
20
-2.9663385826771651
11
7.4505905511811026
21
-2.9210629921259841
0
LINE
8
BLACK
6
CONTINUOUS
10
7.4505905511811026
20
-2.9210629921259841
11
7.451181102362205
21
-2.9204724409448817
0
LINE
8
BLACK
6
CONTINUOUS
10
7.451181102362205
20
-2.9204724409448817
11
7.451181102362205
21
-2.9190944881889762
0
LINE
8
BLACK
6
CONTINUOUS
10
7.451181102362205
20
-2.9190944881889762
11
7.504330708661417
21
-2.9190944881889762
0
LINE
8
BLACK
6
CONTINUOUS
10
7.504330708661417
20
-2.9190944881889762
11
7.504330708661417
21
-2.9204724409448817
0
LINE
8
BLACK
6
CONTINUOUS
10
7.5866141732283463
20
-2.9204724409448817
11
7.5872047244094487
21
-2.9210629921259841
0
LINE
8
BLACK
6
CONTINUOUS
10
7.5872047244094487
20
-2.9210629921259841
11
7.5872047244094487
21
-2.9663385826771651
0
LINE
8
BLACK
6
CONTINUOUS
10
7.5872047244094487
20
-2.9663385826771651
11
7.5866141732283463
21
-2.9669291338582675
0
LINE
8
BLACK
6
CONTINUOUS
10
7.5866141732283463
20
-2.9669291338582675
11
7.5866141732283463
21
-2.9746062992125983
0
LINE
8
BLACK
6
CONTINUOUS
10
7.5866141732283463
20
-2.9746062992125983
11
7.5334645669291334
21
-2.9746062992125983
0
LINE
8
BLACK
6
CONTINUOUS
10
7.5334645669291334
20
-2.9746062992125983
11
7.5334645669291334
21
-2.9669291338582675
0
LINE
8
BLACK
6
CONTINUOUS
10
7.5334645669291334
20
-2.9669291338582675
11
7.5328740157480309
21
-2.9663385826771651
0
LINE
8
BLACK
6
CONTINUOUS
10
7.5328740157480309
20
-2.9663385826771651
11
7.5328740157480309
21
-2.9210629921259841
0
LINE
8
BLACK
6
CONTINUOUS
10
7.5328740157480309
20
-2.9210629921259841
11
7.5334645669291334
21
-2.9204724409448817
0
LINE
8
BLACK
6
CONTINUOUS
10
7.5334645669291334
20
-2.9204724409448817
11
7.5334645669291334
21
-2.9190944881889762
0
LINE
8
BLACK
6
CONTINUOUS
10
7.5334645669291334
20
-2.9190944881889762
11
7.5866141732283463
21
-2.9190944881889762
0
LINE
8
BLACK
6
CONTINUOUS
10
7.5866141732283463
20
-2.9190944881889762
11
7.5866141732283463
21
-2.9204724409448817
0
LINE
8
BLACK
6
CONTINUOUS
10
8.0492125984251963
20
-2.88503937007874
11
8.0498031496062996
21
-2.8856299212598424
0
LINE
8
BLACK
6
CONTINUOUS
10
8.0498031496062996
20
-2.8856299212598424
11
8.0498031496062996
21
-2.9309055118110234
0
LINE
8
BLACK
6
CONTINUOUS
10
8.0498031496062996
20
-2.9309055118110234
11
8.0492125984251963
21
-2.9314960629921258
0
LINE
8
BLACK
6
CONTINUOUS
10
8.0492125984251963
20
-2.9314960629921258
11
8.0492125984251963
21
-2.9391732283464567
0
LINE
8
BLACK
6
CONTINUOUS
10
8.0492125984251963
20
-2.9391732283464567
11
7.9960629921259843
21
-2.9391732283464567
0
LINE
8
BLACK
6
CONTINUOUS
10
7.9960629921259843
20
-2.9391732283464567
11
7.9960629921259843
21
-2.9314960629921258
0
LINE
8
BLACK
6
CONTINUOUS
10
7.9960629921259843
20
-2.9314960629921258
11
7.9954724409448819
21
-2.9309055118110234
0
LINE
8
BLACK
6
CONTINUOUS
10
7.9954724409448819
20
-2.9309055118110234
11
7.9954724409448819
21
-2.8856299212598424
0
LINE
8
BLACK
6
CONTINUOUS
10
7.9954724409448819
20
-2.8856299212598424
11
7.9960629921259843
21
-2.88503937007874
0
LINE
8
BLACK
6
CONTINUOUS
10
7.9960629921259843
20
-2.88503937007874
11
7.9960629921259843
21
-2.8836614173228345
0
LINE
8
BLACK
6
CONTINUOUS
10
7.9960629921259843
20
-2.8836614173228345
11
8.0492125984251963
21
-2.8836614173228345
0
LINE
8
BLACK
6
CONTINUOUS
10
8.0492125984251963
20
-2.8836614173228345
11
8.0492125984251963
21
-2.88503937007874
0
LINE
8
BLACK
6
CONTINUOUS
10
7.4645669291338583
20
-2.8185039370078742
11
7.4651574803149607
21
-2.8190944881889761
0
LINE
8
BLACK
6
CONTINUOUS
10
7.4651574803149607
20
-2.8190944881889761
11
7.4651574803149607
21
-2.8643700787401576
0
LINE
8
BLACK
6
CONTINUOUS
10
7.4651574803149607
20
-2.8643700787401576
11
7.4645669291338583
21
-2.86496062992126
0
LINE
8
BLACK
6
CONTINUOUS
10
7.4645669291338583
20
-2.86496062992126
11
7.4645669291338583
21
-2.8663385826771655
0
LINE
8
BLACK
6
CONTINUOUS
10
7.4645669291338583
20
-2.8663385826771655
11
7.4631889763779524
21
-2.8663385826771655
0
LINE
8
BLACK
6
CONTINUOUS
10
7.4631889763779524
20
-2.8663385826771655
11
7.4127952755905513
21
-2.8663385826771655
0
LINE
8
BLACK
6
CONTINUOUS
10
7.4127952755905513
20
-2.8663385826771655
11
7.4114173228346454
21
-2.8663385826771655
0
LINE
8
BLACK
6
CONTINUOUS
10
7.4114173228346454
20
-2.8663385826771655
11
7.4114173228346454
21
-2.86496062992126
0
LINE
8
BLACK
6
CONTINUOUS
10
7.4114173228346454
20
-2.86496062992126
11
7.410826771653543
21
-2.8643700787401576
0
LINE
8
BLACK
6
CONTINUOUS
10
7.410826771653543
20
-2.8643700787401576
11
7.410826771653543
21
-2.8190944881889761
0
LINE
8
BLACK
6
CONTINUOUS
10
7.410826771653543
20
-2.8190944881889761
11
7.4114173228346454
21
-2.8185039370078742
0
LINE
8
BLACK
6
CONTINUOUS
10
7.4114173228346454
20
-2.8185039370078742
11
7.4114173228346454
21
-2.8108267716535433
0
LINE
8
BLACK
6
CONTINUOUS
10
7.4114173228346454
20
-2.8108267716535433
11
7.4645669291338583
21
-2.8108267716535433
0
LINE
8
BLACK
6
CONTINUOUS
10
7.4645669291338583
20
-2.8108267716535433
11
7.4645669291338583
21
-2.8185039370078742
0
LINE
8
BLACK
6
CONTINUOUS
10
7.5462598425196852
20
-2.8185039370078742
11
7.5468503937007876
21
-2.8190944881889761
0
LINE
8
BLACK
6
CONTINUOUS
10
7.5468503937007876
20
-2.8190944881889761
11
7.5468503937007876
21
-2.8643700787401576
0
LINE
8
BLACK
6
CONTINUOUS
10
7.5468503937007876
20
-2.8643700787401576
11
7.5462598425196852
21
-2.86496062992126
0
LINE
8
BLACK
6
CONTINUOUS
10
7.5462598425196852
20
-2.86496062992126
11
7.5462598425196852
21
-2.8663385826771655
0
LINE
8
BLACK
6
CONTINUOUS
10
7.5462598425196852
20
-2.8663385826771655
11
7.5448818897637793
21
-2.8663385826771655
0
LINE
8
BLACK
6
CONTINUOUS
10
7.5448818897637793
20
-2.8663385826771655
11
7.4944881889763781
21
-2.8663385826771655
0
LINE
8
BLACK
6
CONTINUOUS
10
7.4944881889763781
20
-2.8663385826771655
11
7.4931102362204722
21
-2.8663385826771655
0
LINE
8
BLACK
6
CONTINUOUS
10
7.4931102362204722
20
-2.8663385826771655
11
7.4931102362204722
21
-2.86496062992126
0
LINE
8
BLACK
6
CONTINUOUS
10
7.4931102362204722
20
-2.86496062992126
11
7.4925196850393698
21
-2.8643700787401576
0
LINE
8
BLACK
6
CONTINUOUS
10
7.4925196850393698
20
-2.8643700787401576
11
7.4925196850393698
21
-2.8190944881889761
0
LINE
8
BLACK
6
CONTINUOUS
10
7.4925196850393698
20
-2.8190944881889761
11
7.4931102362204722
21
-2.8185039370078742
0
LINE
8
BLACK
6
CONTINUOUS
10
7.4931102362204722
20
-2.8185039370078742
11
7.4931102362204722
21
-2.8108267716535433
0
LINE
8
BLACK
6
CONTINUOUS
10
7.4931102362204722
20
-2.8108267716535433
11
7.5462598425196852
21
-2.8108267716535433
0
LINE
8
BLACK
6
CONTINUOUS
10
7.5462598425196852
20
-2.8108267716535433
11
7.5462598425196852
21
-2.8185039370078742
0
LINE
8
BLACK
6
CONTINUOUS
10
7.627952755905512
20
-2.8185039370078742
11
7.6285433070866144
21
-2.8190944881889761
0
LINE
8
BLACK
6
CONTINUOUS
10
7.6285433070866144
20
-2.8190944881889761
11
7.6285433070866144
21
-2.8643700787401576
0
LINE
8
BLACK
6
CONTINUOUS
10
7.6285433070866144
20
-2.8643700787401576
11
7.627952755905512
21
-2.86496062992126
0
LINE
8
BLACK
6
CONTINUOUS
10
7.627952755905512
20
-2.86496062992126
11
7.627952755905512
21
-2.8663385826771655
0
LINE
8
BLACK
6
CONTINUOUS
10
7.627952755905512
20
-2.8663385826771655
11
7.6265748031496061
21
-2.8663385826771655
0
LINE
8
BLACK
6
CONTINUOUS
10
7.6265748031496061
20
-2.8663385826771655
11
7.576181102362205
21
-2.8663385826771655
0
LINE
8
BLACK
6
CONTINUOUS
10
7.576181102362205
20
-2.8663385826771655
11
7.5748031496062991
21
-2.8663385826771655
0
LINE
8
BLACK
6
CONTINUOUS
10
7.5748031496062991
20
-2.8663385826771655
11
7.5748031496062991
21
-2.86496062992126
0
LINE
8
BLACK
6
CONTINUOUS
10
7.5748031496062991
20
-2.86496062992126
11
7.5742125984251967
21
-2.8643700787401576
0
LINE
8
BLACK
6
CONTINUOUS
10
7.5742125984251967
20
-2.8643700787401576
11
7.5742125984251967
21
-2.8190944881889761
0
LINE
8
BLACK
6
CONTINUOUS
10
7.5742125984251967
20
-2.8190944881889761
11
7.5748031496062991
21
-2.8185039370078742
0
LINE
8
BLACK
6
CONTINUOUS
10
7.5748031496062991
20
-2.8185039370078742
11
7.5748031496062991
21
-2.8108267716535433
0
LINE
8
BLACK
6
CONTINUOUS
10
7.5748031496062991
20
-2.8108267716535433
11
7.627952755905512
21
-2.8108267716535433
0
LINE
8
BLACK
6
CONTINUOUS
10
7.627952755905512
20
-2.8108267716535433
11
7.627952755905512
21
-2.8185039370078742
0
LINE
8
BLACK
6
CONTINUOUS
10
7.9781299212598427
20
-2.8117322834645671
11
7.9791830708661413
21
-2.8117322834645671
0
LINE
8
BLACK
6
CONTINUOUS
10
7.9791830708661413
20
-2.8117322834645671
11
7.9791830708661413
21
-2.8127854330708661
0
LINE
8
BLACK
6
CONTINUOUS
10
7.9791830708661413
20
-2.8127854330708661
11
7.979389763779527
21
-2.8129921259842519
0
LINE
8
BLACK
6
CONTINUOUS
10
7.979389763779527
20
-2.8129921259842519
11
7.979389763779527
21
-2.8225196850393699
0
LINE
8
BLACK
6
CONTINUOUS
10
7.979389763779527
20
-2.8225196850393699
11
7.9791830708661413
21
-2.8225196850393699
0
LINE
8
BLACK
6
CONTINUOUS
10
7.9791830708661413
20
-2.8225196850393699
11
7.9791830708661413
21
-2.8355118110236219
0
LINE
8
BLACK
6
CONTINUOUS
10
7.9791830708661413
20
-2.8355118110236219
11
7.979389763779527
21
-2.8355118110236219
0
LINE
8
BLACK
6
CONTINUOUS
10
7.979389763779527
20
-2.8355118110236219
11
7.979389763779527
21
-2.8444881889763778
0
LINE
8
BLACK
6
CONTINUOUS
10
7.979389763779527
20
-2.8444881889763778
11
7.9791830708661413
21
-2.8446948818897635
0
LINE
8
BLACK
6
CONTINUOUS
10
7.9791830708661413
20
-2.8446948818897635
11
7.9791830708661413
21
-2.845748031496063
0
LINE
8
BLACK
6
CONTINUOUS
10
7.9791830708661413
20
-2.845748031496063
11
7.9781299212598427
21
-2.845748031496063
0
LINE
8
BLACK
6
CONTINUOUS
10
7.9781299212598427
20
-2.845748031496063
11
7.9774212598425196
21
-2.8464566929133857
0
LINE
8
BLACK
6
CONTINUOUS
10
7.9774212598425196
20
-2.8464566929133857
11
7.9459251968503937
21
-2.8464566929133857
0
LINE
8
BLACK
6
CONTINUOUS
10
7.9459251968503937
20
-2.8464566929133857
11
7.9439566929133854
21
-2.8444881889763778
0
LINE
8
BLACK
6
CONTINUOUS
10
7.9439566929133854
20
-2.8444881889763778
11
7.9439566929133854
21
-2.8129921259842519
0
LINE
8
BLACK
6
CONTINUOUS
10
7.9439566929133854
20
-2.8129921259842519
11
7.9459251968503937
21
-2.811023622047244
0
LINE
8
BLACK
6
CONTINUOUS
10
7.9459251968503937
20
-2.811023622047244
11
7.9774212598425196
21
-2.811023622047244
0
LINE
8
BLACK
6
CONTINUOUS
10
7.9774212598425196
20
-2.811023622047244
11
7.9781299212598427
21
-2.8117322834645671
0
LINE
8
BLACK
6
CONTINUOUS
10
8.0419881889763776
20
-2.8129921259842519
11
8.0419881889763776
21
-2.8444881889763778
0
LINE
8
BLACK
6
CONTINUOUS
10
8.0419881889763776
20
-2.8444881889763778
11
8.0400196850393701
21
-2.8464566929133857
0
LINE
8
BLACK
6
CONTINUOUS
10
8.0400196850393701
20
-2.8464566929133857
11
8.0085236220472442
21
-2.8464566929133857
0
LINE
8
BLACK
6
CONTINUOUS
10
8.0085236220472442
20
-2.8464566929133857
11
8.0078149606299203
21
-2.845748031496063
0
LINE
8
BLACK
6
CONTINUOUS
10
8.0078149606299203
20
-2.845748031496063
11
8.0067618110236225
21
-2.845748031496063
0
LINE
8
BLACK
6
CONTINUOUS
10
8.0067618110236225
20
-2.845748031496063
11
8.0067618110236225
21
-2.8446948818897635
0
LINE
8
BLACK
6
CONTINUOUS
10
8.0067618110236225
20
-2.8446948818897635
11
8.0065551181102368
21
-2.8444881889763778
0
LINE
8
BLACK
6
CONTINUOUS
10
8.0065551181102368
20
-2.8444881889763778
11
8.0065551181102368
21
-2.8349606299212597
0
LINE
8
BLACK
6
CONTINUOUS
10
8.0065551181102368
20
-2.8349606299212597
11
8.0067618110236225
21
-2.8349606299212597
0
LINE
8
BLACK
6
CONTINUOUS
10
8.0067618110236225
20
-2.8349606299212597
11
8.0067618110236225
21
-2.8219685039370077
0
LINE
8
BLACK
6
CONTINUOUS
10
8.0067618110236225
20
-2.8219685039370077
11
8.0065551181102368
21
-2.8219685039370077
0
LINE
8
BLACK
6
CONTINUOUS
10
8.0065551181102368
20
-2.8219685039370077
11
8.0065551181102368
21
-2.8129921259842519
0
LINE
8
BLACK
6
CONTINUOUS
10
8.0065551181102368
20
-2.8129921259842519
11
8.0067618110236225
21
-2.8127854330708661
0
LINE
8
BLACK
6
CONTINUOUS
10
8.0067618110236225
20
-2.8127854330708661
11
8.0067618110236225
21
-2.8117322834645671
0
LINE
8
BLACK
6
CONTINUOUS
10
8.0067618110236225
20
-2.8117322834645671
11
8.0078149606299203
21
-2.8117322834645671
0
LINE
8
BLACK
6
CONTINUOUS
10
8.0078149606299203
20
-2.8117322834645671
11
8.0085236220472442
21
-2.811023622047244
0
LINE
8
BLACK
6
CONTINUOUS
10
8.0085236220472442
20
-2.811023622047244
11
8.0400196850393701
21
-2.811023622047244
0
LINE
8
BLACK
6
CONTINUOUS
10
8.0400196850393701
20
-2.811023622047244
11
8.0419881889763776
21
-2.8129921259842519
0
LINE
8
BLACK
6
CONTINUOUS
10
7.7739425590551177
20
-2.8219827952755905
11
7.7764261811023623
21
-2.8230115354330709
0
LINE
8
BLACK
6
CONTINUOUS
10
7.7764261811023623
20
-2.8230115354330709
11
7.778327047244094
21
-2.8249124015748031
0
LINE
8
BLACK
6
CONTINUOUS
10
7.778327047244094
20
-2.8249124015748031
11
7.7793557874015749
21
-2.8273960236220472
0
LINE
8
BLACK
6
CONTINUOUS
10
7.7793557874015749
20
-2.8273960236220472
11
7.7793557874015749
21
-2.8300842913385824
0
LINE
8
BLACK
6
CONTINUOUS
10
7.7793557874015749
20
-2.8300842913385824
11
7.778327047244094
21
-2.8325679133858266
0
LINE
8
BLACK
6
CONTINUOUS
10
7.778327047244094
20
-2.8325679133858266
11
7.7764261811023623
21
-2.8344687795275592
0
LINE
8
BLACK
6
CONTINUOUS
10
7.7764261811023623
20
-2.8344687795275592
11
7.7739425590551177
21
-2.8354975196850392
0
LINE
8
BLACK
6
CONTINUOUS
10
7.7739425590551177
20
-2.8354975196850392
11
7.7725984251968505
21
-2.8356299212598426
0
LINE
8
BLACK
6
CONTINUOUS
10
7.7725984251968505
20
-2.8356299212598426
11
7.7370866141732284
21
-2.8356299212598426
0
LINE
8
BLACK
6
CONTINUOUS
10
7.7370866141732284
20
-2.8356299212598426
11
7.7357424803149604
21
-2.8354975196850392
0
LINE
8
BLACK
6
CONTINUOUS
10
7.7357424803149604
20
-2.8354975196850392
11
7.7332588582677166
21
-2.8344687795275592
0
LINE
8
BLACK
6
CONTINUOUS
10
7.7332588582677166
20
-2.8344687795275592
11
7.7313579921259841
21
-2.8325679133858266
0
LINE
8
BLACK
6
CONTINUOUS
10
7.7313579921259841
20
-2.8325679133858266
11
7.7303292519685041
21
-2.8300842913385824
0
LINE
8
BLACK
6
CONTINUOUS
10
7.7303292519685041
20
-2.8300842913385824
11
7.7303292519685041
21
-2.8273960236220472
0
LINE
8
BLACK
6
CONTINUOUS
10
7.7303292519685041
20
-2.8273960236220472
11
7.7313579921259841
21
-2.8249124015748031
0
LINE
8
BLACK
6
CONTINUOUS
10
7.7313579921259841
20
-2.8249124015748031
11
7.7332588582677166
21
-2.8230115354330709
0
LINE
8
BLACK
6
CONTINUOUS
10
7.7332588582677166
20
-2.8230115354330709
11
7.7357424803149604
21
-2.8219827952755905
0
LINE
8
BLACK
6
CONTINUOUS
10
7.7357424803149604
20
-2.8219827952755905
11
7.7370866141732284
21
-2.8218503937007875
0
LINE
8
BLACK
6
CONTINUOUS
10
7.7370866141732284
20
-2.8218503937007875
11
7.7725984251968505
21
-2.8218503937007875
0
LINE
8
BLACK
6
CONTINUOUS
10
7.7725984251968505
20
-2.8218503937007875
11
7.7739425590551177
21
-2.8219827952755905
0
LINE
8
BLACK
6
CONTINUOUS
10
7.8704779921259842
20
-2.8219827952755905
11
7.8729616141732279
21
-2.8230115354330709
0
LINE
8
BLACK
6
CONTINUOUS
10
7.8729616141732279
20
-2.8230115354330709
11
7.8748624803149605
21
-2.8249124015748031
0
LINE
8
BLACK
6
CONTINUOUS
10
7.8748624803149605
20
-2.8249124015748031
11
7.8758912204724405
21
-2.8273960236220472
0
LINE
8
BLACK
6
CONTINUOUS
10
7.8758912204724405
20
-2.8273960236220472
11
7.8758912204724405
21
-2.8300842913385824
0
LINE
8
BLACK
6
CONTINUOUS
10
7.8758912204724405
20
-2.8300842913385824
11
7.8748624803149605
21
-2.8325679133858266
0
LINE
8
BLACK
6
CONTINUOUS
10
7.8748624803149605
20
-2.8325679133858266
11
7.8729616141732279
21
-2.8344687795275592
0
LINE
8
BLACK
6
CONTINUOUS
10
7.8729616141732279
20
-2.8344687795275592
11
7.8704779921259842
21
-2.8354975196850392
0
LINE
8
BLACK
6
CONTINUOUS
10
7.8704779921259842
20
-2.8354975196850392
11
7.8691338582677162
21
-2.8356299212598426
0
LINE
8
BLACK
6
CONTINUOUS
10
7.8691338582677162
20
-2.8356299212598426
11
7.8336220472440941
21
-2.8356299212598426
0
LINE
8
BLACK
6
CONTINUOUS
10
7.8336220472440941
20
-2.8356299212598426
11
7.8322779133858269
21
-2.8354975196850392
0
LINE
8
BLACK
6
CONTINUOUS
10
7.8322779133858269
20
-2.8354975196850392
11
7.8297942913385823
21
-2.8344687795275592
0
LINE
8
BLACK
6
CONTINUOUS
10
7.8297942913385823
20
-2.8344687795275592
11
7.8278934251968506
21
-2.8325679133858266
0
LINE
8
BLACK
6
CONTINUOUS
10
7.8278934251968506
20
-2.8325679133858266
11
7.8268646850393697
21
-2.8300842913385824
0
LINE
8
BLACK
6
CONTINUOUS
10
7.8268646850393697
20
-2.8300842913385824
11
7.8268646850393697
21
-2.8273960236220472
0
LINE
8
BLACK
6
CONTINUOUS
10
7.8268646850393697
20
-2.8273960236220472
11
7.8278934251968506
21
-2.8249124015748031
0
LINE
8
BLACK
6
CONTINUOUS
10
7.8278934251968506
20
-2.8249124015748031
11
7.8297942913385823
21
-2.8230115354330709
0
LINE
8
BLACK
6
CONTINUOUS
10
7.8297942913385823
20
-2.8230115354330709
11
7.8322779133858269
21
-2.8219827952755905
0
LINE
8
BLACK
6
CONTINUOUS
10
7.8322779133858269
20
-2.8219827952755905
11
7.8336220472440941
21
-2.8218503937007875
0
LINE
8
BLACK
6
CONTINUOUS
10
7.8336220472440941
20
-2.8218503937007875
11
7.8691338582677162
21
-2.8218503937007875
0
LINE
8
BLACK
6
CONTINUOUS
10
7.8691338582677162
20
-2.8218503937007875
11
7.8704779921259842
21
-2.8219827952755905
0
LINE
8
BLACK
6
CONTINUOUS
10
7.7739425590551177
20
-2.7963922440944882
11
7.7764261811023623
21
-2.7974209842519686
0
LINE
8
BLACK
6
CONTINUOUS
10
7.7764261811023623
20
-2.7974209842519686
11
7.778327047244094
21
-2.7993218503937007
0
LINE
8
BLACK
6
CONTINUOUS
10
7.778327047244094
20
-2.7993218503937007
11
7.7793557874015749
21
-2.8018054724409449
0
LINE
8
BLACK
6
CONTINUOUS
10
7.7793557874015749
20
-2.8018054724409449
11
7.7793557874015749
21
-2.8044937401574801
0
LINE
8
BLACK
6
CONTINUOUS
10
7.7793557874015749
20
-2.8044937401574801
11
7.778327047244094
21
-2.8069773622047243
0
LINE
8
BLACK
6
CONTINUOUS
10
7.778327047244094
20
-2.8069773622047243
11
7.7764261811023623
21
-2.8088782283464568
0
LINE
8
BLACK
6
CONTINUOUS
10
7.7764261811023623
20
-2.8088782283464568
11
7.7739425590551177
21
-2.8099069685039368
0
LINE
8
BLACK
6
CONTINUOUS
10
7.7739425590551177
20
-2.8099069685039368
11
7.7725984251968505
21
-2.8100393700787403
0
LINE
8
BLACK
6
CONTINUOUS
10
7.7725984251968505
20
-2.8100393700787403
11
7.7370866141732284
21
-2.8100393700787403
0
LINE
8
BLACK
6
CONTINUOUS
10
7.7370866141732284
20
-2.8100393700787403
11
7.7357424803149604
21
-2.8099069685039368
0
LINE
8
BLACK
6
CONTINUOUS
10
7.7357424803149604
20
-2.8099069685039368
11
7.7332588582677166
21
-2.8088782283464568
0
LINE
8
BLACK
6
CONTINUOUS
10
7.7332588582677166
20
-2.8088782283464568
11
7.7313579921259841
21
-2.8069773622047243
0
LINE
8
BLACK
6
CONTINUOUS
10
7.7313579921259841
20
-2.8069773622047243
11
7.7303292519685041
21
-2.8044937401574801
0
LINE
8
BLACK
6
CONTINUOUS
10
7.7303292519685041
20
-2.8044937401574801
11
7.7303292519685041
21
-2.8018054724409449
0
LINE
8
BLACK
6
CONTINUOUS
10
7.7303292519685041
20
-2.8018054724409449
11
7.7313579921259841
21
-2.7993218503937007
0
LINE
8
BLACK
6
CONTINUOUS
10
7.7313579921259841
20
-2.7993218503937007
11
7.7332588582677166
21
-2.7974209842519686
0
LINE
8
BLACK
6
CONTINUOUS
10
7.7332588582677166
20
-2.7974209842519686
11
7.7357424803149604
21
-2.7963922440944882
0
LINE
8
BLACK
6
CONTINUOUS
10
7.7357424803149604
20
-2.7963922440944882
11
7.7370866141732284
21
-2.7962598425196852
0
LINE
8
BLACK
6
CONTINUOUS
10
7.7370866141732284
20
-2.7962598425196852
11
7.7725984251968505
21
-2.7962598425196852
0
LINE
8
BLACK
6
CONTINUOUS
10
7.7725984251968505
20
-2.7962598425196852
11
7.7739425590551177
21
-2.7963922440944882
0
LINE
8
BLACK
6
CONTINUOUS
10
7.8704779921259842
20
-2.7963922440944882
11
7.8729616141732279
21
-2.7974209842519686
0
LINE
8
BLACK
6
CONTINUOUS
10
7.8729616141732279
20
-2.7974209842519686
11
7.8748624803149605
21
-2.7993218503937007
0
LINE
8
BLACK
6
CONTINUOUS
10
7.8748624803149605
20
-2.7993218503937007
11
7.8758912204724405
21
-2.8018054724409449
0
LINE
8
BLACK
6
CONTINUOUS
10
7.8758912204724405
20
-2.8018054724409449
11
7.8758912204724405
21
-2.8044937401574801
0
LINE
8
BLACK
6
CONTINUOUS
10
7.8758912204724405
20
-2.8044937401574801
11
7.8748624803149605
21
-2.8069773622047243
0
LINE
8
BLACK
6
CONTINUOUS
10
7.8748624803149605
20
-2.8069773622047243
11
7.8729616141732279
21
-2.8088782283464568
0
LINE
8
BLACK
6
CONTINUOUS
10
7.8729616141732279
20
-2.8088782283464568
11
7.8704779921259842
21
-2.8099069685039368
0
LINE
8
BLACK
6
CONTINUOUS
10
7.8704779921259842
20
-2.8099069685039368
11
7.8691338582677162
21
-2.8100393700787403
0
LINE
8
BLACK
6
CONTINUOUS
10
7.8691338582677162
20
-2.8100393700787403
11
7.8336220472440941
21
-2.8100393700787403
0
LINE
8
BLACK
6
CONTINUOUS
10
7.8336220472440941
20
-2.8100393700787403
11
7.8322779133858269
21
-2.8099069685039368
0
LINE
8
BLACK
6
CONTINUOUS
10
7.8322779133858269
20
-2.8099069685039368
11
7.8297942913385823
21
-2.8088782283464568
0
LINE
8
BLACK
6
CONTINUOUS
10
7.8297942913385823
20
-2.8088782283464568
11
7.8278934251968506
21
-2.8069773622047243
0
LINE
8
BLACK
6
CONTINUOUS
10
7.8278934251968506
20
-2.8069773622047243
11
7.8268646850393697
21
-2.8044937401574801
0
LINE
8
BLACK
6
CONTINUOUS
10
7.8268646850393697
20
-2.8044937401574801
11
7.8268646850393697
21
-2.8018054724409449
0
LINE
8
BLACK
6
CONTINUOUS
10
7.8268646850393697
20
-2.8018054724409449
11
7.8278934251968506
21
-2.7993218503937007
0
LINE
8
BLACK
6
CONTINUOUS
10
7.8278934251968506
20
-2.7993218503937007
11
7.8297942913385823
21
-2.7974209842519686
0
LINE
8
BLACK
6
CONTINUOUS
10
7.8297942913385823
20
-2.7974209842519686
11
7.8322779133858269
21
-2.7963922440944882
0
LINE
8
BLACK
6
CONTINUOUS
10
7.8322779133858269
20
-2.7963922440944882
11
7.8336220472440941
21
-2.7962598425196852
0
LINE
8
BLACK
6
CONTINUOUS
10
7.8336220472440941
20
-2.7962598425196852
11
7.8691338582677162
21
-2.7962598425196852
0
LINE
8
BLACK
6
CONTINUOUS
10
7.8691338582677162
20
-2.7962598425196852
11
7.8704779921259842
21
-2.7963922440944882
0
LINE
8
BLACK
6
CONTINUOUS
10
7.4645669291338583
20
-2.733464566929134
11
7.4651574803149607
21
-2.7340551181102359
0
LINE
8
BLACK
6
CONTINUOUS
10
7.4651574803149607
20
-2.7340551181102359
11
7.4651574803149607
21
-2.7793307086614174
0
LINE
8
BLACK
6
CONTINUOUS
10
7.4651574803149607
20
-2.7793307086614174
11
7.4645669291338583
21
-2.7799212598425198
0
LINE
8
BLACK
6
CONTINUOUS
10
7.4645669291338583
20
-2.7799212598425198
11
7.4645669291338583
21
-2.7875984251968502
0
LINE
8
BLACK
6
CONTINUOUS
10
7.4645669291338583
20
-2.7875984251968502
11
7.4114173228346454
21
-2.7875984251968502
0
LINE
8
BLACK
6
CONTINUOUS
10
7.4114173228346454
20
-2.7875984251968502
11
7.4114173228346454
21
-2.7799212598425198
0
LINE
8
BLACK
6
CONTINUOUS
10
7.4114173228346454
20
-2.7799212598425198
11
7.410826771653543
21
-2.7793307086614174
0
LINE
8
BLACK
6
CONTINUOUS
10
7.410826771653543
20
-2.7793307086614174
11
7.410826771653543
21
-2.7340551181102359
0
LINE
8
BLACK
6
CONTINUOUS
10
7.410826771653543
20
-2.7340551181102359
11
7.4114173228346454
21
-2.733464566929134
0
LINE
8
BLACK
6
CONTINUOUS
10
7.4114173228346454
20
-2.733464566929134
11
7.4114173228346454
21
-2.7320866141732281
0
LINE
8
BLACK
6
CONTINUOUS
10
7.4114173228346454
20
-2.7320866141732281
11
7.4645669291338583
21
-2.7320866141732281
0
LINE
8
BLACK
6
CONTINUOUS
10
7.4645669291338583
20
-2.7320866141732281
11
7.4645669291338583
21
-2.733464566929134
0
LINE
8
BLACK
6
CONTINUOUS
10
7.5462598425196852
20
-2.733464566929134
11
7.5468503937007876
21
-2.7340551181102359
0
LINE
8
BLACK
6
CONTINUOUS
10
7.5468503937007876
20
-2.7340551181102359
11
7.5468503937007876
21
-2.7793307086614174
0
LINE
8
BLACK
6
CONTINUOUS
10
7.5468503937007876
20
-2.7793307086614174
11
7.5462598425196852
21
-2.7799212598425198
0
LINE
8
BLACK
6
CONTINUOUS
10
7.5462598425196852
20
-2.7799212598425198
11
7.5462598425196852
21
-2.7875984251968502
0
LINE
8
BLACK
6
CONTINUOUS
10
7.5462598425196852
20
-2.7875984251968502
11
7.4931102362204722
21
-2.7875984251968502
0
LINE
8
BLACK
6
CONTINUOUS
10
7.4931102362204722
20
-2.7875984251968502
11
7.4931102362204722
21
-2.7799212598425198
0
LINE
8
BLACK
6
CONTINUOUS
10
7.4931102362204722
20
-2.7799212598425198
11
7.4925196850393698
21
-2.7793307086614174
0
LINE
8
BLACK
6
CONTINUOUS
10
7.4925196850393698
20
-2.7793307086614174
11
7.4925196850393698
21
-2.7340551181102359
0
LINE
8
BLACK
6
CONTINUOUS
10
7.4925196850393698
20
-2.7340551181102359
11
7.4931102362204722
21
-2.733464566929134
0
LINE
8
BLACK
6
CONTINUOUS
10
7.4931102362204722
20
-2.733464566929134
11
7.4931102362204722
21
-2.7320866141732281
0
LINE
8
BLACK
6
CONTINUOUS
10
7.4931102362204722
20
-2.7320866141732281
11
7.5462598425196852
21
-2.7320866141732281
0
LINE
8
BLACK
6
CONTINUOUS
10
7.5462598425196852
20
-2.7320866141732281
11
7.5462598425196852
21
-2.733464566929134
0
LINE
8
BLACK
6
CONTINUOUS
10
7.627952755905512
20
-2.733464566929134
11
7.6285433070866144
21
-2.7340551181102359
0
LINE
8
BLACK
6
CONTINUOUS
10
7.6285433070866144
20
-2.7340551181102359
11
7.6285433070866144
21
-2.7793307086614174
0
LINE
8
BLACK
6
CONTINUOUS
10
7.6285433070866144
20
-2.7793307086614174
11
7.627952755905512
21
-2.7799212598425198
0
LINE
8
BLACK
6
CONTINUOUS
10
7.627952755905512
20
-2.7799212598425198
11
7.627952755905512
21
-2.7875984251968502
0
LINE
8
BLACK
6
CONTINUOUS
10
7.627952755905512
20
-2.7875984251968502
11
7.5748031496062991
21
-2.7875984251968502
0
LINE
8
BLACK
6
CONTINUOUS
10
7.5748031496062991
20
-2.7875984251968502
11
7.5748031496062991
21
-2.7799212598425198
0
LINE
8
BLACK
6
CONTINUOUS
10
7.5748031496062991
20
-2.7799212598425198
11
7.5742125984251967
21
-2.7793307086614174
0
LINE
8
BLACK
6
CONTINUOUS
10
7.5742125984251967
20
-2.7793307086614174
11
7.5742125984251967
21
-2.7340551181102359
0
LINE
8
BLACK
6
CONTINUOUS
10
7.5742125984251967
20
-2.7340551181102359
11
7.5748031496062991
21
-2.733464566929134
0
LINE
8
BLACK
6
CONTINUOUS
10
7.5748031496062991
20
-2.733464566929134
11
7.5748031496062991
21
-2.7320866141732281
0
LINE
8
BLACK
6
CONTINUOUS
10
7.5748031496062991
20
-2.7320866141732281
11
7.627952755905512
21
-2.7320866141732281
0
LINE
8
BLACK
6
CONTINUOUS
10
7.627952755905512
20
-2.7320866141732281
11
7.627952755905512
21
-2.733464566929134
0
LINE
8
BLACK
6
CONTINUOUS
10
7.7739425590551177
20
-2.7708016929133858
11
7.7764261811023623
21
-2.7718304330708663
0
LINE
8
BLACK
6
CONTINUOUS
10
7.7764261811023623
20
-2.7718304330708663
11
7.778327047244094
21
-2.7737312992125984
0
LINE
8
BLACK
6
CONTINUOUS
10
7.778327047244094
20
-2.7737312992125984
11
7.7793557874015749
21
-2.7762149212598426
0
LINE
8
BLACK
6
CONTINUOUS
10
7.7793557874015749
20
-2.7762149212598426
11
7.7793557874015749
21
-2.7789031889763778
0
LINE
8
BLACK
6
CONTINUOUS
10
7.7793557874015749
20
-2.7789031889763778
11
7.778327047244094
21
-2.781386811023622
0
LINE
8
BLACK
6
CONTINUOUS
10
7.778327047244094
20
-2.781386811023622
11
7.7764261811023623
21
-2.7832876771653541
0
LINE
8
BLACK
6
CONTINUOUS
10
7.7764261811023623
20
-2.7832876771653541
11
7.7739425590551177
21
-2.7843164173228345
0
LINE
8
BLACK
6
CONTINUOUS
10
7.7739425590551177
20
-2.7843164173228345
11
7.7725984251968505
21
-2.7844488188976375
0
LINE
8
BLACK
6
CONTINUOUS
10
7.7725984251968505
20
-2.7844488188976375
11
7.7370866141732284
21
-2.7844488188976375
0
LINE
8
BLACK
6
CONTINUOUS
10
7.7370866141732284
20
-2.7844488188976375
11
7.7357424803149604
21
-2.7843164173228345
0
LINE
8
BLACK
6
CONTINUOUS
10
7.7357424803149604
20
-2.7843164173228345
11
7.7332588582677166
21
-2.7832876771653541
0
LINE
8
BLACK
6
CONTINUOUS
10
7.7332588582677166
20
-2.7832876771653541
11
7.7313579921259841
21
-2.781386811023622
0
LINE
8
BLACK
6
CONTINUOUS
10
7.7313579921259841
20
-2.781386811023622
11
7.7303292519685041
21
-2.7789031889763778
0
LINE
8
BLACK
6
CONTINUOUS
10
7.7303292519685041
20
-2.7789031889763778
11
7.7303292519685041
21
-2.7762149212598426
0
LINE
8
BLACK
6
CONTINUOUS
10
7.7303292519685041
20
-2.7762149212598426
11
7.7313579921259841
21
-2.7737312992125984
0
LINE
8
BLACK
6
CONTINUOUS
10
7.7313579921259841
20
-2.7737312992125984
11
7.7332588582677166
21
-2.7718304330708663
0
LINE
8
BLACK
6
CONTINUOUS
10
7.7332588582677166
20
-2.7718304330708663
11
7.7357424803149604
21
-2.7708016929133858
0
LINE
8
BLACK
6
CONTINUOUS
10
7.7357424803149604
20
-2.7708016929133858
11
7.7370866141732284
21
-2.7706692913385824
0
LINE
8
BLACK
6
CONTINUOUS
10
7.7370866141732284
20
-2.7706692913385824
11
7.7725984251968505
21
-2.7706692913385824
0
LINE
8
BLACK
6
CONTINUOUS
10
7.7725984251968505
20
-2.7706692913385824
11
7.7739425590551177
21
-2.7708016929133858
0
LINE
8
BLACK
6
CONTINUOUS
10
7.8704779921259842
20
-2.7708016929133858
11
7.8729616141732279
21
-2.7718304330708663
0
LINE
8
BLACK
6
CONTINUOUS
10
7.8729616141732279
20
-2.7718304330708663
11
7.8748624803149605
21
-2.7737312992125984
0
LINE
8
BLACK
6
CONTINUOUS
10
7.8748624803149605
20
-2.7737312992125984
11
7.8758912204724405
21
-2.7762149212598426
0
LINE
8
BLACK
6
CONTINUOUS
10
7.8758912204724405
20
-2.7762149212598426
11
7.8758912204724405
21
-2.7789031889763778
0
LINE
8
BLACK
6
CONTINUOUS
10
7.8758912204724405
20
-2.7789031889763778
11
7.8748624803149605
21
-2.781386811023622
0
LINE
8
BLACK
6
CONTINUOUS
10
7.8748624803149605
20
-2.781386811023622
11
7.8729616141732279
21
-2.7832876771653541
0
LINE
8
BLACK
6
CONTINUOUS
10
7.8729616141732279
20
-2.7832876771653541
11
7.8704779921259842
21
-2.7843164173228345
0
LINE
8
BLACK
6
CONTINUOUS
10
7.8704779921259842
20
-2.7843164173228345
11
7.8691338582677162
21
-2.7844488188976375
0
LINE
8
BLACK
6
CONTINUOUS
10
7.8691338582677162
20
-2.7844488188976375
11
7.8336220472440941
21
-2.7844488188976375
0
LINE
8
BLACK
6
CONTINUOUS
10
7.8336220472440941
20
-2.7844488188976375
11
7.8322779133858269
21
-2.7843164173228345
0
LINE
8
BLACK
6
CONTINUOUS
10
7.8322779133858269
20
-2.7843164173228345
11
7.8297942913385823
21
-2.7832876771653541
0
LINE
8
BLACK
6
CONTINUOUS
10
7.8297942913385823
20
-2.7832876771653541
11
7.8278934251968506
21
-2.781386811023622
0
LINE
8
BLACK
6
CONTINUOUS
10
7.8278934251968506
20
-2.781386811023622
11
7.8268646850393697
21
-2.7789031889763778
0
LINE
8
BLACK
6
CONTINUOUS
10
7.8268646850393697
20
-2.7789031889763778
11
7.8268646850393697
21
-2.7762149212598426
0
LINE
8
BLACK
6
CONTINUOUS
10
7.8268646850393697
20
-2.7762149212598426
11
7.8278934251968506
21
-2.7737312992125984
0
LINE
8
BLACK
6
CONTINUOUS
10
7.8278934251968506
20
-2.7737312992125984
11
7.8297942913385823
21
-2.7718304330708663
0
LINE
8
BLACK
6
CONTINUOUS
10
7.8297942913385823
20
-2.7718304330708663
11
7.8322779133858269
21
-2.7708016929133858
0
LINE
8
BLACK
6
CONTINUOUS
10
7.8322779133858269
20
-2.7708016929133858
11
7.8336220472440941
21
-2.7706692913385824
0
LINE
8
BLACK
6
CONTINUOUS
10
7.8336220472440941
20
-2.7706692913385824
11
7.8691338582677162
21
-2.7706692913385824
0
LINE
8
BLACK
6
CONTINUOUS
10
7.8691338582677162
20
-2.7706692913385824
11
7.8704779921259842
21
-2.7708016929133858
0
LINE
8
BLACK
6
CONTINUOUS
10
8.0492716535433075
20
-2.7369291338582675
11
8.0503248031496053
21
-2.7369291338582675
0
LINE
8
BLACK
6
CONTINUOUS
10
8.0503248031496053
20
-2.7369291338582675
11
8.0503248031496053
21
-2.7379822834645671
0
LINE
8
BLACK
6
CONTINUOUS
10
8.0503248031496053
20
-2.7379822834645671
11
8.0505314960629928
21
-2.7381889763779528
0
LINE
8
BLACK
6
CONTINUOUS
10
8.0505314960629928
20
-2.7381889763779528
11
8.0505314960629928
21
-2.7477165354330708
0
LINE
8
BLACK
6
CONTINUOUS
10
8.0505314960629928
20
-2.7477165354330708
11
8.0503248031496053
21
-2.7477165354330708
0
LINE
8
BLACK
6
CONTINUOUS
10
8.0503248031496053
20
-2.7477165354330708
11
8.0503248031496053
21
-2.7607086614173229
0
LINE
8
BLACK
6
CONTINUOUS
10
8.0503248031496053
20
-2.7607086614173229
11
8.0505314960629928
21
-2.7607086614173229
0
LINE
8
BLACK
6
CONTINUOUS
10
8.0505314960629928
20
-2.7607086614173229
11
8.0505314960629928
21
-2.7696850393700787
0
LINE
8
BLACK
6
CONTINUOUS
10
8.0505314960629928
20
-2.7696850393700787
11
8.0503248031496053
21
-2.7698917322834644
0
LINE
8
BLACK
6
CONTINUOUS
10
8.0503248031496053
20
-2.7698917322834644
11
8.0503248031496053
21
-2.7709448818897635
0
LINE
8
BLACK
6
CONTINUOUS
10
8.0503248031496053
20
-2.7709448818897635
11
8.0492716535433075
21
-2.7709448818897635
0
LINE
8
BLACK
6
CONTINUOUS
10
8.0492716535433075
20
-2.7709448818897635
11
8.0485629921259836
21
-2.7716535433070866
0
LINE
8
BLACK
6
CONTINUOUS
10
8.0485629921259836
20
-2.7716535433070866
11
8.0170669291338577
21
-2.7716535433070866
0
LINE
8
BLACK
6
CONTINUOUS
10
8.0170669291338577
20
-2.7716535433070866
11
8.0150984251968502
21
-2.7696850393700787
0
LINE
8
BLACK
6
CONTINUOUS
10
8.0150984251968502
20
-2.7696850393700787
11
8.0150984251968502
21
-2.7381889763779528
0
LINE
8
BLACK
6
CONTINUOUS
10
8.0150984251968502
20
-2.7381889763779528
11
8.0170669291338577
21
-2.7362204724409449
0
LINE
8
BLACK
6
CONTINUOUS
10
8.0170669291338577
20
-2.7362204724409449
11
8.0485629921259836
21
-2.7362204724409449
0
LINE
8
BLACK
6
CONTINUOUS
10
8.0485629921259836
20
-2.7362204724409449
11
8.0492716535433075
21
-2.7369291338582675
0
LINE
8
BLACK
6
CONTINUOUS
10
8.1131299212598424
20
-2.7381889763779528
11
8.1131299212598424
21
-2.7696850393700787
0
LINE
8
BLACK
6
CONTINUOUS
10
8.1131299212598424
20
-2.7696850393700787
11
8.111161417322835
21
-2.7716535433070866
0
LINE
8
BLACK
6
CONTINUOUS
10
8.111161417322835
20
-2.7716535433070866
11
8.0796653543307091
21
-2.7716535433070866
0
LINE
8
BLACK
6
CONTINUOUS
10
8.0796653543307091
20
-2.7716535433070866
11
8.0789566929133851
21
-2.7709448818897635
0
LINE
8
BLACK
6
CONTINUOUS
10
8.0789566929133851
20
-2.7709448818897635
11
8.0779035433070856
21
-2.7709448818897635
0
LINE
8
BLACK
6
CONTINUOUS
10
8.0779035433070856
20
-2.7709448818897635
11
8.0779035433070856
21
-2.7698917322834644
0
LINE
8
BLACK
6
CONTINUOUS
10
8.0779035433070856
20
-2.7698917322834644
11
8.0776968503936999
21
-2.7696850393700787
0
LINE
8
BLACK
6
CONTINUOUS
10
8.0776968503936999
20
-2.7696850393700787
11
8.0776968503936999
21
-2.7601574803149607
0
LINE
8
BLACK
6
CONTINUOUS
10
8.0776968503936999
20
-2.7601574803149607
11
8.0779035433070856
21
-2.7601574803149607
0
LINE
8
BLACK
6
CONTINUOUS
10
8.0779035433070856
20
-2.7601574803149607
11
8.0779035433070856
21
-2.7471653543307086
0
LINE
8
BLACK
6
CONTINUOUS
10
8.0779035433070856
20
-2.7471653543307086
11
8.0776968503936999
21
-2.7471653543307086
0
LINE
8
BLACK
6
CONTINUOUS
10
8.0776968503936999
20
-2.7471653543307086
11
8.0776968503936999
21
-2.7381889763779528
0
LINE
8
BLACK
6
CONTINUOUS
10
8.0776968503936999
20
-2.7381889763779528
11
8.0779035433070856
21
-2.7379822834645671
0
LINE
8
BLACK
6
CONTINUOUS
10
8.0779035433070856
20
-2.7379822834645671
11
8.0779035433070856
21
-2.7369291338582675
0
LINE
8
BLACK
6
CONTINUOUS
10
8.0779035433070856
20
-2.7369291338582675
11
8.0789566929133851
21
-2.7369291338582675
0
LINE
8
BLACK
6
CONTINUOUS
10
8.0789566929133851
20
-2.7369291338582675
11
8.0796653543307091
21
-2.7362204724409449
0
LINE
8
BLACK
6
CONTINUOUS
10
8.0796653543307091
20
-2.7362204724409449
11
8.111161417322835
21
-2.7362204724409449
0
LINE
8
BLACK
6
CONTINUOUS
10
8.111161417322835
20
-2.7362204724409449
11
8.1131299212598424
21
-2.7381889763779528
0
LINE
8
BLACK
6
CONTINUOUS
10
7.9494881889763782
20
-2.7360925196850392
11
7.9624803149606294
21
-2.7360925196850392
0
LINE
8
BLACK
6
CONTINUOUS
10
7.9624803149606294
20
-2.7360925196850392
11
7.9624803149606294
21
-2.7358858267716535
0
LINE
8
BLACK
6
CONTINUOUS
10
7.9624803149606294
20
-2.7358858267716535
11
7.9714566929133852
21
-2.7358858267716535
0
LINE
8
BLACK
6
CONTINUOUS
10
7.9714566929133852
20
-2.7358858267716535
11
7.9716633858267718
21
-2.7360925196850392
0
LINE
8
BLACK
6
CONTINUOUS
10
7.9716633858267718
20
-2.7360925196850392
11
7.9727165354330705
21
-2.7360925196850392
0
LINE
8
BLACK
6
CONTINUOUS
10
7.9727165354330705
20
-2.7360925196850392
11
7.9727165354330705
21
-2.7371456692913387
0
LINE
8
BLACK
6
CONTINUOUS
10
7.9727165354330705
20
-2.7371456692913387
11
7.9734251968503935
21
-2.7378543307086614
0
LINE
8
BLACK
6
CONTINUOUS
10
7.9734251968503935
20
-2.7378543307086614
11
7.9734251968503935
21
-2.7693503937007873
0
LINE
8
BLACK
6
CONTINUOUS
10
7.9734251968503935
20
-2.7693503937007873
11
7.9714566929133852
21
-2.7713188976377952
0
LINE
8
BLACK
6
CONTINUOUS
10
7.9714566929133852
20
-2.7713188976377952
11
7.9399606299212593
21
-2.7713188976377952
0
LINE
8
BLACK
6
CONTINUOUS
10
7.9399606299212593
20
-2.7713188976377952
11
7.9379921259842519
21
-2.7693503937007873
0
LINE
8
BLACK
6
CONTINUOUS
10
7.9379921259842519
20
-2.7693503937007873
11
7.9379921259842519
21
-2.7378543307086614
0
LINE
8
BLACK
6
CONTINUOUS
10
7.9379921259842519
20
-2.7378543307086614
11
7.9387007874015749
21
-2.7371456692913387
0
LINE
8
BLACK
6
CONTINUOUS
10
7.9387007874015749
20
-2.7371456692913387
11
7.9387007874015749
21
-2.7360925196850392
0
LINE
8
BLACK
6
CONTINUOUS
10
7.9387007874015749
20
-2.7360925196850392
11
7.9397539370078736
21
-2.7360925196850392
0
LINE
8
BLACK
6
CONTINUOUS
10
7.9397539370078736
20
-2.7360925196850392
11
7.9399606299212593
21
-2.7358858267716535
0
LINE
8
BLACK
6
CONTINUOUS
10
7.9399606299212593
20
-2.7358858267716535
11
7.9494881889763782
21
-2.7358858267716535
0
LINE
8
BLACK
6
CONTINUOUS
10
7.9494881889763782
20
-2.7358858267716535
11
7.9494881889763782
21
-2.7360925196850392
0
LINE
8
BLACK
6
CONTINUOUS
10
7.7739425590551177
20
-2.7452111417322835
11
7.7764261811023623
21
-2.7462398818897635
0
LINE
8
BLACK
6
CONTINUOUS
10
7.7764261811023623
20
-2.7462398818897635
11
7.778327047244094
21
-2.7481407480314961
0
LINE
8
BLACK
6
CONTINUOUS
10
7.778327047244094
20
-2.7481407480314961
11
7.7793557874015749
21
-2.7506243700787403
0
LINE
8
BLACK
6
CONTINUOUS
10
7.7793557874015749
20
-2.7506243700787403
11
7.7793557874015749
21
-2.7533126377952755
0
LINE
8
BLACK
6
CONTINUOUS
10
7.7793557874015749
20
-2.7533126377952755
11
7.778327047244094
21
-2.7557962598425196
0
LINE
8
BLACK
6
CONTINUOUS
10
7.778327047244094
20
-2.7557962598425196
11
7.7764261811023623
21
-2.7576971259842518
0
LINE
8
BLACK
6
CONTINUOUS
10
7.7764261811023623
20
-2.7576971259842518
11
7.7739425590551177
21
-2.7587258661417322
0
LINE
8
BLACK
6
CONTINUOUS
10
7.7739425590551177
20
-2.7587258661417322
11
7.7725984251968505
21
-2.7588582677165352
0
LINE
8
BLACK
6
CONTINUOUS
10
7.7725984251968505
20
-2.7588582677165352
11
7.7370866141732284
21
-2.7588582677165352
0
LINE
8
BLACK
6
CONTINUOUS
10
7.7370866141732284
20
-2.7588582677165352
11
7.7357424803149604
21
-2.7587258661417322
0
LINE
8
BLACK
6
CONTINUOUS
10
7.7357424803149604
20
-2.7587258661417322
11
7.7332588582677166
21
-2.7576971259842518
0
LINE
8
BLACK
6
CONTINUOUS
10
7.7332588582677166
20
-2.7576971259842518
11
7.7313579921259841
21
-2.7557962598425196
0
LINE
8
BLACK
6
CONTINUOUS
10
7.7313579921259841
20
-2.7557962598425196
11
7.7303292519685041
21
-2.7533126377952755
0
LINE
8
BLACK
6
CONTINUOUS
10
7.7303292519685041
20
-2.7533126377952755
11
7.7303292519685041
21
-2.7506243700787403
0
LINE
8
BLACK
6
CONTINUOUS
10
7.7303292519685041
20
-2.7506243700787403
11
7.7313579921259841
21
-2.7481407480314961
0
LINE
8
BLACK
6
CONTINUOUS
10
7.7313579921259841
20
-2.7481407480314961
11
7.7332588582677166
21
-2.7462398818897635
0
LINE
8
BLACK
6
CONTINUOUS
10
7.7332588582677166
20
-2.7462398818897635
11
7.7357424803149604
21
-2.7452111417322835
0
LINE
8
BLACK
6
CONTINUOUS
10
7.7357424803149604
20
-2.7452111417322835
11
7.7370866141732284
21
-2.7450787401574801
0
LINE
8
BLACK
6
CONTINUOUS
10
7.7370866141732284
20
-2.7450787401574801
11
7.7725984251968505
21
-2.7450787401574801
0
LINE
8
BLACK
6
CONTINUOUS
10
7.7725984251968505
20
-2.7450787401574801
11
7.7739425590551177
21
-2.7452111417322835
0
LINE
8
BLACK
6
CONTINUOUS
10
7.8704779921259842
20
-2.7452111417322835
11
7.8729616141732279
21
-2.7462398818897635
0
LINE
8
BLACK
6
CONTINUOUS
10
7.8729616141732279
20
-2.7462398818897635
11
7.8748624803149605
21
-2.7481407480314961
0
LINE
8
BLACK
6
CONTINUOUS
10
7.8748624803149605
20
-2.7481407480314961
11
7.8758912204724405
21
-2.7506243700787403
0
LINE
8
BLACK
6
CONTINUOUS
10
7.8758912204724405
20
-2.7506243700787403
11
7.8758912204724405
21
-2.7533126377952755
0
LINE
8
BLACK
6
CONTINUOUS
10
7.8758912204724405
20
-2.7533126377952755
11
7.8748624803149605
21
-2.7557962598425196
0
LINE
8
BLACK
6
CONTINUOUS
10
7.8748624803149605
20
-2.7557962598425196
11
7.8729616141732279
21
-2.7576971259842518
0
LINE
8
BLACK
6
CONTINUOUS
10
7.8729616141732279
20
-2.7576971259842518
11
7.8704779921259842
21
-2.7587258661417322
0
LINE
8
BLACK
6
CONTINUOUS
10
7.8704779921259842
20
-2.7587258661417322
11
7.8691338582677162
21
-2.7588582677165352
0
LINE
8
BLACK
6
CONTINUOUS
10
7.8691338582677162
20
-2.7588582677165352
11
7.8336220472440941
21
-2.7588582677165352
0
LINE
8
BLACK
6
CONTINUOUS
10
7.8336220472440941
20
-2.7588582677165352
11
7.8322779133858269
21
-2.7587258661417322
0
LINE
8
BLACK
6
CONTINUOUS
10
7.8322779133858269
20
-2.7587258661417322
11
7.8297942913385823
21
-2.7576971259842518
0
LINE
8
BLACK
6
CONTINUOUS
10
7.8297942913385823
20
-2.7576971259842518
11
7.8278934251968506
21
-2.7557962598425196
0
LINE
8
BLACK
6
CONTINUOUS
10
7.8278934251968506
20
-2.7557962598425196
11
7.8268646850393697
21
-2.7533126377952755
0
LINE
8
BLACK
6
CONTINUOUS
10
7.8268646850393697
20
-2.7533126377952755
11
7.8268646850393697
21
-2.7506243700787403
0
LINE
8
BLACK
6
CONTINUOUS
10
7.8268646850393697
20
-2.7506243700787403
11
7.8278934251968506
21
-2.7481407480314961
0
LINE
8
BLACK
6
CONTINUOUS
10
7.8278934251968506
20
-2.7481407480314961
11
7.8297942913385823
21
-2.7462398818897635
0
LINE
8
BLACK
6
CONTINUOUS
10
7.8297942913385823
20
-2.7462398818897635
11
7.8322779133858269
21
-2.7452111417322835
0
LINE
8
BLACK
6
CONTINUOUS
10
7.8322779133858269
20
-2.7452111417322835
11
7.8336220472440941
21
-2.7450787401574801
0
LINE
8
BLACK
6
CONTINUOUS
10
7.8336220472440941
20
-2.7450787401574801
11
7.8691338582677162
21
-2.7450787401574801
0
LINE
8
BLACK
6
CONTINUOUS
10
7.8691338582677162
20
-2.7450787401574801
11
7.8704779921259842
21
-2.7452111417322835
0
LINE
8
BLACK
6
CONTINUOUS
10
7.9734251968503935
20
-2.6752559055118108
11
7.9734251968503935
21
-2.7067519685039367
0
LINE
8
BLACK
6
CONTINUOUS
10
7.9734251968503935
20
-2.7067519685039367
11
7.9727165354330705
21
-2.7074606299212598
0
LINE
8
BLACK
6
CONTINUOUS
10
7.9727165354330705
20
-2.7074606299212598
11
7.9727165354330705
21
-2.7085137795275589
0
LINE
8
BLACK
6
CONTINUOUS
10
7.9727165354330705
20
-2.7085137795275589
11
7.9716633858267718
21
-2.7085137795275589
0
LINE
8
BLACK
6
CONTINUOUS
10
7.9716633858267718
20
-2.7085137795275589
11
7.9714566929133852
21
-2.7087204724409446
0
LINE
8
BLACK
6
CONTINUOUS
10
7.9714566929133852
20
-2.7087204724409446
11
7.9619291338582672
21
-2.7087204724409446
0
LINE
8
BLACK
6
CONTINUOUS
10
7.9619291338582672
20
-2.7087204724409446
11
7.9619291338582672
21
-2.7085137795275589
0
LINE
8
BLACK
6
CONTINUOUS
10
7.9619291338582672
20
-2.7085137795275589
11
7.9489370078740151
21
-2.7085137795275589
0
LINE
8
BLACK
6
CONTINUOUS
10
7.9489370078740151
20
-2.7085137795275589
11
7.9489370078740151
21
-2.7087204724409446
0
LINE
8
BLACK
6
CONTINUOUS
10
7.9489370078740151
20
-2.7087204724409446
11
7.9399606299212593
21
-2.7087204724409446
0
LINE
8
BLACK
6
CONTINUOUS
10
7.9399606299212593
20
-2.7087204724409446
11
7.9397539370078736
21
-2.7085137795275589
0
LINE
8
BLACK
6
CONTINUOUS
10
7.9397539370078736
20
-2.7085137795275589
11
7.9387007874015749
21
-2.7085137795275589
0
LINE
8
BLACK
6
CONTINUOUS
10
7.9387007874015749
20
-2.7085137795275589
11
7.9387007874015749
21
-2.7074606299212598
0
LINE
8
BLACK
6
CONTINUOUS
10
7.9387007874015749
20
-2.7074606299212598
11
7.9379921259842519
21
-2.7067519685039367
0
LINE
8
BLACK
6
CONTINUOUS
10
7.9379921259842519
20
-2.7067519685039367
11
7.9379921259842519
21
-2.6752559055118108
0
LINE
8
BLACK
6
CONTINUOUS
10
7.9379921259842519
20
-2.6752559055118108
11
7.9399606299212593
21
-2.6732874015748029
0
LINE
8
BLACK
6
CONTINUOUS
10
7.9399606299212593
20
-2.6732874015748029
11
7.9714566929133852
21
-2.6732874015748029
0
LINE
8
BLACK
6
CONTINUOUS
10
7.9714566929133852
20
-2.6732874015748029
11
7.9734251968503935
21
-2.6752559055118108
0
LINE
8
BLACK
6
CONTINUOUS
10
8.0541338582677167
20
-2.7027559055118111
11
8.0226377952755907
21
-2.7027559055118111
0
LINE
8
BLACK
6
CONTINUOUS
10
8.0226377952755907
20
-2.7027559055118111
11
8.0226377952755907
21
-2.6673228346456694
0
LINE
8
BLACK
6
CONTINUOUS
10
8.0226377952755907
20
-2.6673228346456694
11
8.0541338582677167
21
-2.6673228346456694
0
LINE
8
BLACK
6
CONTINUOUS
10
8.0541338582677167
20
-2.6673228346456694
11
8.0541338582677167
21
-2.7027559055118111
0
LINE
8
BLACK
6
CONTINUOUS
10
8.109251968503937
20
-2.7027559055118111
11
8.0777559055118111
21
-2.7027559055118111
0
LINE
8
BLACK
6
CONTINUOUS
10
8.0777559055118111
20
-2.7027559055118111
11
8.0777559055118111
21
-2.6673228346456694
0
LINE
8
BLACK
6
CONTINUOUS
10
8.0777559055118111
20
-2.6673228346456694
11
8.109251968503937
21
-2.6673228346456694
0
LINE
8
BLACK
6
CONTINUOUS
10
8.109251968503937
20
-2.6673228346456694
11
8.109251968503937
21
-2.7027559055118111
0
LINE
8
BLACK
6
CONTINUOUS
10
7.5951574803149606
20
-2.663257874015748
11
7.6081496062992127
21
-2.663257874015748
0
LINE
8
BLACK
6
CONTINUOUS
10
7.6081496062992127
20
-2.663257874015748
11
7.6081496062992127
21
-2.6630511811023623
0
LINE
8
BLACK
6
CONTINUOUS
10
7.6081496062992127
20
-2.6630511811023623
11
7.6171259842519685
21
-2.6630511811023623
0
LINE
8
BLACK
6
CONTINUOUS
10
7.6171259842519685
20
-2.6630511811023623
11
7.6173326771653542
21
-2.663257874015748
0
LINE
8
BLACK
6
CONTINUOUS
10
7.6173326771653542
20
-2.663257874015748
11
7.6183858267716538
21
-2.663257874015748
0
LINE
8
BLACK
6
CONTINUOUS
10
7.6183858267716538
20
-2.663257874015748
11
7.6183858267716538
21
-2.6643110236220471
0
LINE
8
BLACK
6
CONTINUOUS
10
7.6183858267716538
20
-2.6643110236220471
11
7.6190944881889759
21
-2.6650196850393701
0
LINE
8
BLACK
6
CONTINUOUS
10
7.6190944881889759
20
-2.6650196850393701
11
7.6190944881889759
21
-2.6965157480314961
0
LINE
8
BLACK
6
CONTINUOUS
10
7.6190944881889759
20
-2.6965157480314961
11
7.6171259842519685
21
-2.6984842519685039
0
LINE
8
BLACK
6
CONTINUOUS
10
7.6171259842519685
20
-2.6984842519685039
11
7.5856299212598426
21
-2.6984842519685039
0
LINE
8
BLACK
6
CONTINUOUS
10
7.5856299212598426
20
-2.6984842519685039
11
7.5836614173228343
21
-2.6965157480314961
0
LINE
8
BLACK
6
CONTINUOUS
10
7.5836614173228343
20
-2.6965157480314961
11
7.5836614173228343
21
-2.6650196850393701
0
LINE
8
BLACK
6
CONTINUOUS
10
7.5836614173228343
20
-2.6650196850393701
11
7.5843700787401573
21
-2.6643110236220471
0
LINE
8
BLACK
6
CONTINUOUS
10
7.5843700787401573
20
-2.6643110236220471
11
7.5843700787401573
21
-2.663257874015748
0
LINE
8
BLACK
6
CONTINUOUS
10
7.5843700787401573
20
-2.663257874015748
11
7.5854232283464569
21
-2.663257874015748
0
LINE
8
BLACK
6
CONTINUOUS
10
7.5854232283464569
20
-2.663257874015748
11
7.5856299212598426
21
-2.6630511811023623
0
LINE
8
BLACK
6
CONTINUOUS
10
7.5856299212598426
20
-2.6630511811023623
11
7.5951574803149606
21
-2.6630511811023623
0
LINE
8
BLACK
6
CONTINUOUS
10
7.5951574803149606
20
-2.6630511811023623
11
7.5951574803149606
21
-2.663257874015748
0
LINE
8
BLACK
6
CONTINUOUS
10
7.7435039370078735
20
-2.6328740157480315
11
7.7511811023622048
21
-2.6328740157480315
0
LINE
8
BLACK
6
CONTINUOUS
10
7.7511811023622048
20
-2.6328740157480315
11
7.7511811023622048
21
-2.686023622047244
0
LINE
8
BLACK
6
CONTINUOUS
10
7.7511811023622048
20
-2.686023622047244
11
7.7435039370078735
21
-2.686023622047244
0
LINE
8
BLACK
6
CONTINUOUS
10
7.7435039370078735
20
-2.686023622047244
11
7.7429133858267711
21
-2.6866141732283464
0
LINE
8
BLACK
6
CONTINUOUS
10
7.7429133858267711
20
-2.6866141732283464
11
7.6976377952755906
21
-2.6866141732283464
0
LINE
8
BLACK
6
CONTINUOUS
10
7.6976377952755906
20
-2.6866141732283464
11
7.6970472440944881
21
-2.686023622047244
0
LINE
8
BLACK
6
CONTINUOUS
10
7.6970472440944881
20
-2.686023622047244
11
7.6956692913385822
21
-2.686023622047244
0
LINE
8
BLACK
6
CONTINUOUS
10
7.6956692913385822
20
-2.686023622047244
11
7.6956692913385822
21
-2.6328740157480315
0
LINE
8
BLACK
6
CONTINUOUS
10
7.6956692913385822
20
-2.6328740157480315
11
7.6970472440944881
21
-2.6328740157480315
0
LINE
8
BLACK
6
CONTINUOUS
10
7.6970472440944881
20
-2.6328740157480315
11
7.6976377952755906
21
-2.6322834645669291
0
LINE
8
BLACK
6
CONTINUOUS
10
7.6976377952755906
20
-2.6322834645669291
11
7.7429133858267711
21
-2.6322834645669291
0
LINE
8
BLACK
6
CONTINUOUS
10
7.7429133858267711
20
-2.6322834645669291
11
7.7435039370078735
21
-2.6328740157480315
0
LINE
8
BLACK
6
CONTINUOUS
10
7.8285433070866137
20
-2.6328740157480315
11
7.8299212598425196
21
-2.6328740157480315
0
LINE
8
BLACK
6
CONTINUOUS
10
7.8299212598425196
20
-2.6328740157480315
11
7.8299212598425196
21
-2.686023622047244
0
LINE
8
BLACK
6
CONTINUOUS
10
7.8299212598425196
20
-2.686023622047244
11
7.8285433070866137
21
-2.686023622047244
0
LINE
8
BLACK
6
CONTINUOUS
10
7.8285433070866137
20
-2.686023622047244
11
7.8279527559055113
21
-2.6866141732283464
0
LINE
8
BLACK
6
CONTINUOUS
10
7.8279527559055113
20
-2.6866141732283464
11
7.7826771653543307
21
-2.6866141732283464
0
LINE
8
BLACK
6
CONTINUOUS
10
7.7826771653543307
20
-2.6866141732283464
11
7.7820866141732283
21
-2.686023622047244
0
LINE
8
BLACK
6
CONTINUOUS
10
7.7820866141732283
20
-2.686023622047244
11
7.7744094488188971
21
-2.686023622047244
0
LINE
8
BLACK
6
CONTINUOUS
10
7.7744094488188971
20
-2.686023622047244
11
7.7744094488188971
21
-2.6328740157480315
0
LINE
8
BLACK
6
CONTINUOUS
10
7.7744094488188971
20
-2.6328740157480315
11
7.7820866141732283
21
-2.6328740157480315
0
LINE
8
BLACK
6
CONTINUOUS
10
7.7820866141732283
20
-2.6328740157480315
11
7.7826771653543307
21
-2.6322834645669291
0
LINE
8
BLACK
6
CONTINUOUS
10
7.7826771653543307
20
-2.6322834645669291
11
7.8279527559055113
21
-2.6322834645669291
0
LINE
8
BLACK
6
CONTINUOUS
10
7.8279527559055113
20
-2.6322834645669291
11
7.8285433070866137
21
-2.6328740157480315
0
LINE
8
BLACK
6
CONTINUOUS
10
7.6190944881889759
20
-2.6024212598425196
11
7.6190944881889759
21
-2.6339173228346455
0
LINE
8
BLACK
6
CONTINUOUS
10
7.6190944881889759
20
-2.6339173228346455
11
7.6183858267716538
21
-2.6346259842519686
0
LINE
8
BLACK
6
CONTINUOUS
10
7.6183858267716538
20
-2.6346259842519686
11
7.6183858267716538
21
-2.6356791338582677
0
LINE
8
BLACK
6
CONTINUOUS
10
7.6183858267716538
20
-2.6356791338582677
11
7.6173326771653542
21
-2.6356791338582677
0
LINE
8
BLACK
6
CONTINUOUS
10
7.6173326771653542
20
-2.6356791338582677
11
7.6171259842519685
21
-2.6358858267716534
0
LINE
8
BLACK
6
CONTINUOUS
10
7.6171259842519685
20
-2.6358858267716534
11
7.6075984251968505
21
-2.6358858267716534
0
LINE
8
BLACK
6
CONTINUOUS
10
7.6075984251968505
20
-2.6358858267716534
11
7.6075984251968505
21
-2.6356791338582677
0
LINE
8
BLACK
6
CONTINUOUS
10
7.6075984251968505
20
-2.6356791338582677
11
7.5946062992125984
21
-2.6356791338582677
0
LINE
8
BLACK
6
CONTINUOUS
10
7.5946062992125984
20
-2.6356791338582677
11
7.5946062992125984
21
-2.6358858267716534
0
LINE
8
BLACK
6
CONTINUOUS
10
7.5946062992125984
20
-2.6358858267716534
11
7.5856299212598426
21
-2.6358858267716534
0
LINE
8
BLACK
6
CONTINUOUS
10
7.5856299212598426
20
-2.6358858267716534
11
7.5854232283464569
21
-2.6356791338582677
0
LINE
8
BLACK
6
CONTINUOUS
10
7.5854232283464569
20
-2.6356791338582677
11
7.5843700787401573
21
-2.6356791338582677
0
LINE
8
BLACK
6
CONTINUOUS
10
7.5843700787401573
20
-2.6356791338582677
11
7.5843700787401573
21
-2.6346259842519686
0
LINE
8
BLACK
6
CONTINUOUS
10
7.5843700787401573
20
-2.6346259842519686
11
7.5836614173228343
21
-2.6339173228346455
0
LINE
8
BLACK
6
CONTINUOUS
10
7.5836614173228343
20
-2.6339173228346455
11
7.5836614173228343
21
-2.6024212598425196
0
LINE
8
BLACK
6
CONTINUOUS
10
7.5836614173228343
20
-2.6024212598425196
11
7.5856299212598426
21
-2.6004527559055117
0
LINE
8
BLACK
6
CONTINUOUS
10
7.5856299212598426
20
-2.6004527559055117
11
7.6171259842519685
21
-2.6004527559055117
0
LINE
8
BLACK
6
CONTINUOUS
10
7.6171259842519685
20
-2.6004527559055117
11
7.6190944881889759
21
-2.6024212598425196
  0
ENDSEC
  0
EOF
